sl_no,branch,sem,code,course_name,reg_no,name,credits
1,AI&DS,3,U23MA204,U23MA204 - Advanced Mathematics & Statistics (Sem 3),722825243003,Deepak M,3
2,AI&DS,3,U23CS403,U23CS403 - Computer Science & Software Systems (Sem 3),722825243003,Deepak M,3
3,AI&DS,3,U23CS404,U23CS404 - Computer Science & Software Systems (Sem 3),722825243003,Deepak M,3
4,AI&DS,3,U23EC382,U23EC382 - Electronics & Communication Systems (Sem 3),722825243003,Deepak M,3
5,AI&DS,3,U23CS491,U23CS491 - Computer Science & Software Systems (Sem 3),722825243003,Deepak M,3
6,AI&DS,3,U23AD491,U23AD491 - Artificial Intelligence & Data Science (Sem 3),722825243003,Deepak M,3
7,AI&DS,3,U23MA204,U23MA204 - Advanced Mathematics & Statistics (Sem 3),722825243035,Jayant R,3
8,AI&DS,3,U23CS403,U23CS403 - Computer Science & Software Systems (Sem 3),722825243035,Jayant R,3
9,AI&DS,3,U23CS404,U23CS404 - Computer Science & Software Systems (Sem 3),722825243035,Jayant R,3
10,AI&DS,3,U23EC382,U23EC382 - Electronics & Communication Systems (Sem 3),722825243035,Jayant R,3
11,AI&DS,3,U23CS491,U23CS491 - Computer Science & Software Systems (Sem 3),722825243035,Jayant R,3
12,AI&DS,3,U23AD491,U23AD491 - Artificial Intelligence & Data Science (Sem 3),722825243035,Jayant R,3
13,AI&DS,3,U23MA204,U23MA204 - Advanced Mathematics & Statistics (Sem 3),722825243159,Ishwarya S,3
14,AI&DS,3,U23CS403,U23CS403 - Computer Science & Software Systems (Sem 3),722825243159,Ishwarya S,3
15,AI&DS,3,U23CS404,U23CS404 - Computer Science & Software Systems (Sem 3),722825243159,Ishwarya S,3
16,AI&DS,3,U23EC382,U23EC382 - Electronics & Communication Systems (Sem 3),722825243159,Ishwarya S,3
17,AI&DS,3,U23CS491,U23CS491 - Computer Science & Software Systems (Sem 3),722825243159,Ishwarya S,3
18,AI&DS,3,U23AD491,U23AD491 - Artificial Intelligence & Data Science (Sem 3),722825243159,Ishwarya S,3
19,AI&DS,3,U23MA204,U23MA204 - Advanced Mathematics & Statistics (Sem 3),722825243220,Deepak T,3
20,AI&DS,3,U23CS403,U23CS403 - Computer Science & Software Systems (Sem 3),722825243220,Deepak T,3
21,AI&DS,3,U23CS404,U23CS404 - Computer Science & Software Systems (Sem 3),722825243220,Deepak T,3
22,AI&DS,3,U23EC382,U23EC382 - Electronics & Communication Systems (Sem 3),722825243220,Deepak T,3
23,AI&DS,3,U23CS491,U23CS491 - Computer Science & Software Systems (Sem 3),722825243220,Deepak T,3
24,AI&DS,3,U23AD491,U23AD491 - Artificial Intelligence & Data Science (Sem 3),722825243220,Deepak T,3
25,AI&DS,7,U23CB103,U23CB103 - Computer Science & Business Systems (Sem 7),722823243058,Chandran A,3
26,AI&DS,7,U23CB104,U23CB104 - Computer Science & Business Systems (Sem 7),722823243058,Chandran A,3
27,AI&DS,7,U23AM586,U23AM586 - Machine Learning & Neural Networks (Sem 7),722823243058,Chandran A,3
28,AI&DS,7,U23OME06,U23OME06 - AI&DS Core Subject (Sem 7),722823243058,Chandran A,3
29,AI&DS,7,U23AD511,U23AD511 - Artificial Intelligence & Data Science (Sem 7),722823243058,Chandran A,3
30,AI&DS,3,U23MA204,U23MA204 - Advanced Mathematics & Statistics (Sem 3),722825243001,Naveen M,3
31,AI&DS,3,U23CS403,U23CS403 - Computer Science & Software Systems (Sem 3),722825243001,Naveen M,3
32,AI&DS,3,U23CS404,U23CS404 - Computer Science & Software Systems (Sem 3),722825243001,Naveen M,3
33,AI&DS,3,U23EC382,U23EC382 - Electronics & Communication Systems (Sem 3),722825243001,Naveen M,3
34,AI&DS,3,U23CS491,U23CS491 - Computer Science & Software Systems (Sem 3),722825243001,Naveen M,3
35,AI&DS,3,U23AD491,U23AD491 - Artificial Intelligence & Data Science (Sem 3),722825243001,Naveen M,3
36,AI&DS,3,U23MA204,U23MA204 - Advanced Mathematics & Statistics (Sem 3),722825243116,Aravind K,3
37,AI&DS,3,U23CS403,U23CS403 - Computer Science & Software Systems (Sem 3),722825243116,Aravind K,3
38,AI&DS,3,U23CS404,U23CS404 - Computer Science & Software Systems (Sem 3),722825243116,Aravind K,3
39,AI&DS,3,U23EC382,U23EC382 - Electronics & Communication Systems (Sem 3),722825243116,Aravind K,3
40,AI&DS,3,U23CS491,U23CS491 - Computer Science & Software Systems (Sem 3),722825243116,Aravind K,3
41,AI&DS,3,U23AD491,U23AD491 - Artificial Intelligence & Data Science (Sem 3),722825243116,Aravind K,3
42,AI&DS,7,U23CB103,U23CB103 - Computer Science & Business Systems (Sem 7),722823243112,Harini R,3
43,AI&DS,7,U23CB104,U23CB104 - Computer Science & Business Systems (Sem 7),722823243112,Harini R,3
44,AI&DS,7,U23AM586,U23AM586 - Machine Learning & Neural Networks (Sem 7),722823243112,Harini R,3
45,AI&DS,7,U23OME06,U23OME06 - AI&DS Core Subject (Sem 7),722823243112,Harini R,3
46,AI&DS,7,U23AD511,U23AD511 - Artificial Intelligence & Data Science (Sem 7),722823243112,Harini R,3
47,AI&DS,7,U23CB103,U23CB103 - Computer Science & Business Systems (Sem 7),722823243141,Sanjay A,3
48,AI&DS,7,U23CB104,U23CB104 - Computer Science & Business Systems (Sem 7),722823243141,Sanjay A,3
49,AI&DS,7,U23AM586,U23AM586 - Machine Learning & Neural Networks (Sem 7),722823243141,Sanjay A,3
50,AI&DS,7,U23OME06,U23OME06 - AI&DS Core Subject (Sem 7),722823243141,Sanjay A,3
51,AI&DS,7,U23AD511,U23AD511 - Artificial Intelligence & Data Science (Sem 7),722823243141,Sanjay A,3
52,AI&DS,5,U23AD401,U23AD401 - Artificial Intelligence & Data Science (Sem 5),722824243007,Aravind T,3
53,AI&DS,5,U23AD484,U23AD484 - Artificial Intelligence & Data Science (Sem 5),722824243007,Aravind T,3
54,AI&DS,5,U23IT484,U23IT484 - Information Technology & Cloud Systems (Sem 5),722824243007,Aravind T,3
55,AI&DS,5,U23AM491,U23AM491 - Machine Learning & Neural Networks (Sem 5),722824243007,Aravind T,3
56,AI&DS,5,U23CB593,U23CB593 - Computer Science & Business Systems (Sem 5),722824243007,Aravind T,3
57,AI&DS,5,U23EC384,U23EC384 - Electronics & Communication Systems (Sem 5),722824243007,Aravind T,3
58,AI&DS,5,U23AD401,U23AD401 - Artificial Intelligence & Data Science (Sem 5),722824243015,Harini T,3
59,AI&DS,5,U23AD484,U23AD484 - Artificial Intelligence & Data Science (Sem 5),722824243015,Harini T,3
60,AI&DS,5,U23IT484,U23IT484 - Information Technology & Cloud Systems (Sem 5),722824243015,Harini T,3
61,AI&DS,5,U23AM491,U23AM491 - Machine Learning & Neural Networks (Sem 5),722824243015,Harini T,3
62,AI&DS,5,U23CB593,U23CB593 - Computer Science & Business Systems (Sem 5),722824243015,Harini T,3
63,AI&DS,5,U23EC384,U23EC384 - Electronics & Communication Systems (Sem 5),722824243015,Harini T,3
64,AI&DS,5,U23AD401,U23AD401 - Artificial Intelligence & Data Science (Sem 5),722824243134,Naveen R,3
65,AI&DS,5,U23AD484,U23AD484 - Artificial Intelligence & Data Science (Sem 5),722824243134,Naveen R,3
66,AI&DS,5,U23IT484,U23IT484 - Information Technology & Cloud Systems (Sem 5),722824243134,Naveen R,3
67,AI&DS,5,U23AM491,U23AM491 - Machine Learning & Neural Networks (Sem 5),722824243134,Naveen R,3
68,AI&DS,5,U23CB593,U23CB593 - Computer Science & Business Systems (Sem 5),722824243134,Naveen R,3
69,AI&DS,5,U23EC384,U23EC384 - Electronics & Communication Systems (Sem 5),722824243134,Naveen R,3
70,AI&DS,5,U23AD401,U23AD401 - Artificial Intelligence & Data Science (Sem 5),722824243302,Pavithra A,3
71,AI&DS,5,U23AD484,U23AD484 - Artificial Intelligence & Data Science (Sem 5),722824243302,Pavithra A,3
72,AI&DS,5,U23IT484,U23IT484 - Information Technology & Cloud Systems (Sem 5),722824243302,Pavithra A,3
73,AI&DS,5,U23AM491,U23AM491 - Machine Learning & Neural Networks (Sem 5),722824243302,Pavithra A,3
74,AI&DS,5,U23CB593,U23CB593 - Computer Science & Business Systems (Sem 5),722824243302,Pavithra A,3
75,AI&DS,5,U23EC384,U23EC384 - Electronics & Communication Systems (Sem 5),722824243302,Pavithra A,3
76,AI&DS,5,U23AD401,U23AD401 - Artificial Intelligence & Data Science (Sem 5),722824243309,Jayant M,3
77,AI&DS,5,U23AD484,U23AD484 - Artificial Intelligence & Data Science (Sem 5),722824243309,Jayant M,3
78,AI&DS,5,U23IT484,U23IT484 - Information Technology & Cloud Systems (Sem 5),722824243309,Jayant M,3
79,AI&DS,5,U23AM491,U23AM491 - Machine Learning & Neural Networks (Sem 5),722824243309,Jayant M,3
80,AI&DS,5,U23CB593,U23CB593 - Computer Science & Business Systems (Sem 5),722824243309,Jayant M,3
81,AI&DS,5,U23EC384,U23EC384 - Electronics & Communication Systems (Sem 5),722824243309,Jayant M,3
82,AI&DS,5,U23AD401,U23AD401 - Artificial Intelligence & Data Science (Sem 5),722824243246,Gokul N,3
83,AI&DS,5,U23AD484,U23AD484 - Artificial Intelligence & Data Science (Sem 5),722824243246,Gokul N,3
84,AI&DS,5,U23IT484,U23IT484 - Information Technology & Cloud Systems (Sem 5),722824243246,Gokul N,3
85,AI&DS,5,U23AM491,U23AM491 - Machine Learning & Neural Networks (Sem 5),722824243246,Gokul N,3
86,AI&DS,5,U23CB593,U23CB593 - Computer Science & Business Systems (Sem 5),722824243246,Gokul N,3
87,AI&DS,5,U23EC384,U23EC384 - Electronics & Communication Systems (Sem 5),722824243246,Gokul N,3
88,AI&DS,7,U23CB103,U23CB103 - Computer Science & Business Systems (Sem 7),722823243090,Kavya V,3
89,AI&DS,7,U23CB104,U23CB104 - Computer Science & Business Systems (Sem 7),722823243090,Kavya V,3
90,AI&DS,7,U23AM586,U23AM586 - Machine Learning & Neural Networks (Sem 7),722823243090,Kavya V,3
91,AI&DS,7,U23OME06,U23OME06 - AI&DS Core Subject (Sem 7),722823243090,Kavya V,3
92,AI&DS,7,U23AD511,U23AD511 - Artificial Intelligence & Data Science (Sem 7),722823243090,Kavya V,3
93,AI&DS,5,U23AD401,U23AD401 - Artificial Intelligence & Data Science (Sem 5),722824243311,Elango R,3
94,AI&DS,5,U23AD484,U23AD484 - Artificial Intelligence & Data Science (Sem 5),722824243311,Elango R,3
95,AI&DS,5,U23IT484,U23IT484 - Information Technology & Cloud Systems (Sem 5),722824243311,Elango R,3
96,AI&DS,5,U23AM491,U23AM491 - Machine Learning & Neural Networks (Sem 5),722824243311,Elango R,3
97,AI&DS,5,U23CB593,U23CB593 - Computer Science & Business Systems (Sem 5),722824243311,Elango R,3
98,AI&DS,5,U23EC384,U23EC384 - Electronics & Communication Systems (Sem 5),722824243311,Elango R,3
99,AI&DS,3,U23MA204,U23MA204 - Advanced Mathematics & Statistics (Sem 3),722825243004,Kavya K,3
100,AI&DS,3,U23CS403,U23CS403 - Computer Science & Software Systems (Sem 3),722825243004,Kavya K,3
101,AI&DS,3,U23CS404,U23CS404 - Computer Science & Software Systems (Sem 3),722825243004,Kavya K,3
102,AI&DS,3,U23EC382,U23EC382 - Electronics & Communication Systems (Sem 3),722825243004,Kavya K,3
103,AI&DS,3,U23CS491,U23CS491 - Computer Science & Software Systems (Sem 3),722825243004,Kavya K,3
104,AI&DS,3,U23AD491,U23AD491 - Artificial Intelligence & Data Science (Sem 3),722825243004,Kavya K,3
105,AI&DS,3,U23MA204,U23MA204 - Advanced Mathematics & Statistics (Sem 3),722825243056,Chandran N,3
106,AI&DS,3,U23CS403,U23CS403 - Computer Science & Software Systems (Sem 3),722825243056,Chandran N,3
107,AI&DS,3,U23CS404,U23CS404 - Computer Science & Software Systems (Sem 3),722825243056,Chandran N,3
108,AI&DS,3,U23EC382,U23EC382 - Electronics & Communication Systems (Sem 3),722825243056,Chandran N,3
109,AI&DS,3,U23CS491,U23CS491 - Computer Science & Software Systems (Sem 3),722825243056,Chandran N,3
110,AI&DS,3,U23AD491,U23AD491 - Artificial Intelligence & Data Science (Sem 3),722825243056,Chandran N,3
111,AI&DS,3,U23MA204,U23MA204 - Advanced Mathematics & Statistics (Sem 3),722825243243,Deepak P,3
112,AI&DS,3,U23CS403,U23CS403 - Computer Science & Software Systems (Sem 3),722825243243,Deepak P,3
113,AI&DS,3,U23CS404,U23CS404 - Computer Science & Software Systems (Sem 3),722825243243,Deepak P,3
114,AI&DS,3,U23EC382,U23EC382 - Electronics & Communication Systems (Sem 3),722825243243,Deepak P,3
115,AI&DS,3,U23CS491,U23CS491 - Computer Science & Software Systems (Sem 3),722825243243,Deepak P,3
116,AI&DS,3,U23AD491,U23AD491 - Artificial Intelligence & Data Science (Sem 3),722825243243,Deepak P,3
117,AI&DS,3,U23MA204,U23MA204 - Advanced Mathematics & Statistics (Sem 3),722825243023,Lakshmi A,3
118,AI&DS,3,U23CS403,U23CS403 - Computer Science & Software Systems (Sem 3),722825243023,Lakshmi A,3
119,AI&DS,3,U23CS404,U23CS404 - Computer Science & Software Systems (Sem 3),722825243023,Lakshmi A,3
120,AI&DS,3,U23EC382,U23EC382 - Electronics & Communication Systems (Sem 3),722825243023,Lakshmi A,3
121,AI&DS,3,U23CS491,U23CS491 - Computer Science & Software Systems (Sem 3),722825243023,Lakshmi A,3
122,AI&DS,3,U23AD491,U23AD491 - Artificial Intelligence & Data Science (Sem 3),722825243023,Lakshmi A,3
123,AI&DS,3,U23MA204,U23MA204 - Advanced Mathematics & Statistics (Sem 3),722825243103,Jayant M,3
124,AI&DS,3,U23CS403,U23CS403 - Computer Science & Software Systems (Sem 3),722825243103,Jayant M,3
125,AI&DS,3,U23CS404,U23CS404 - Computer Science & Software Systems (Sem 3),722825243103,Jayant M,3
126,AI&DS,3,U23EC382,U23EC382 - Electronics & Communication Systems (Sem 3),722825243103,Jayant M,3
127,AI&DS,3,U23CS491,U23CS491 - Computer Science & Software Systems (Sem 3),722825243103,Jayant M,3
128,AI&DS,3,U23AD491,U23AD491 - Artificial Intelligence & Data Science (Sem 3),722825243103,Jayant M,3
129,AI&DS,3,U23MA204,U23MA204 - Advanced Mathematics & Statistics (Sem 3),722825243109,Pavithra T,3
130,AI&DS,3,U23CS403,U23CS403 - Computer Science & Software Systems (Sem 3),722825243109,Pavithra T,3
131,AI&DS,3,U23CS404,U23CS404 - Computer Science & Software Systems (Sem 3),722825243109,Pavithra T,3
132,AI&DS,3,U23EC382,U23EC382 - Electronics & Communication Systems (Sem 3),722825243109,Pavithra T,3
133,AI&DS,3,U23CS491,U23CS491 - Computer Science & Software Systems (Sem 3),722825243109,Pavithra T,3
134,AI&DS,3,U23AD491,U23AD491 - Artificial Intelligence & Data Science (Sem 3),722825243109,Pavithra T,3
135,AI&DS,3,U23MA204,U23MA204 - Advanced Mathematics & Statistics (Sem 3),722825243234,Deepak N,3
136,AI&DS,3,U23CS403,U23CS403 - Computer Science & Software Systems (Sem 3),722825243234,Deepak N,3
137,AI&DS,3,U23CS404,U23CS404 - Computer Science & Software Systems (Sem 3),722825243234,Deepak N,3
138,AI&DS,3,U23EC382,U23EC382 - Electronics & Communication Systems (Sem 3),722825243234,Deepak N,3
139,AI&DS,3,U23CS491,U23CS491 - Computer Science & Software Systems (Sem 3),722825243234,Deepak N,3
140,AI&DS,3,U23AD491,U23AD491 - Artificial Intelligence & Data Science (Sem 3),722825243234,Deepak N,3
141,AI&DS,7,U23CB103,U23CB103 - Computer Science & Business Systems (Sem 7),722823243032,Chandran T,3
142,AI&DS,7,U23CB104,U23CB104 - Computer Science & Business Systems (Sem 7),722823243032,Chandran T,3
143,AI&DS,7,U23AM586,U23AM586 - Machine Learning & Neural Networks (Sem 7),722823243032,Chandran T,3
144,AI&DS,7,U23OME06,U23OME06 - AI&DS Core Subject (Sem 7),722823243032,Chandran T,3
145,AI&DS,7,U23AD511,U23AD511 - Artificial Intelligence & Data Science (Sem 7),722823243032,Chandran T,3
146,AI&DS,7,U23CB103,U23CB103 - Computer Science & Business Systems (Sem 7),722823243110,Karthik A,3
147,AI&DS,7,U23CB104,U23CB104 - Computer Science & Business Systems (Sem 7),722823243110,Karthik A,3
148,AI&DS,7,U23AM586,U23AM586 - Machine Learning & Neural Networks (Sem 7),722823243110,Karthik A,3
149,AI&DS,7,U23OME06,U23OME06 - AI&DS Core Subject (Sem 7),722823243110,Karthik A,3
150,AI&DS,7,U23AD511,U23AD511 - Artificial Intelligence & Data Science (Sem 7),722823243110,Karthik A,3
151,AI&DS,7,U23CB103,U23CB103 - Computer Science & Business Systems (Sem 7),722823243106,Lakshmi A,3
152,AI&DS,7,U23CB104,U23CB104 - Computer Science & Business Systems (Sem 7),722823243106,Lakshmi A,3
153,AI&DS,7,U23AM586,U23AM586 - Machine Learning & Neural Networks (Sem 7),722823243106,Lakshmi A,3
154,AI&DS,7,U23OME06,U23OME06 - AI&DS Core Subject (Sem 7),722823243106,Lakshmi A,3
155,AI&DS,7,U23AD511,U23AD511 - Artificial Intelligence & Data Science (Sem 7),722823243106,Lakshmi A,3
156,AI&DS,5,U23AD401,U23AD401 - Artificial Intelligence & Data Science (Sem 5),722824243187,Harini K,3
157,AI&DS,5,U23AD484,U23AD484 - Artificial Intelligence & Data Science (Sem 5),722824243187,Harini K,3
158,AI&DS,5,U23IT484,U23IT484 - Information Technology & Cloud Systems (Sem 5),722824243187,Harini K,3
159,AI&DS,5,U23AM491,U23AM491 - Machine Learning & Neural Networks (Sem 5),722824243187,Harini K,3
160,AI&DS,5,U23CB593,U23CB593 - Computer Science & Business Systems (Sem 5),722824243187,Harini K,3
161,AI&DS,5,U23EC384,U23EC384 - Electronics & Communication Systems (Sem 5),722824243187,Harini K,3
162,AI&DS,5,U23AD401,U23AD401 - Artificial Intelligence & Data Science (Sem 5),722824243067,Bhavana R,3
163,AI&DS,5,U23AD484,U23AD484 - Artificial Intelligence & Data Science (Sem 5),722824243067,Bhavana R,3
164,AI&DS,5,U23IT484,U23IT484 - Information Technology & Cloud Systems (Sem 5),722824243067,Bhavana R,3
165,AI&DS,5,U23AM491,U23AM491 - Machine Learning & Neural Networks (Sem 5),722824243067,Bhavana R,3
166,AI&DS,5,U23CB593,U23CB593 - Computer Science & Business Systems (Sem 5),722824243067,Bhavana R,3
167,AI&DS,5,U23EC384,U23EC384 - Electronics & Communication Systems (Sem 5),722824243067,Bhavana R,3
168,AI&DS,3,U23MA204,U23MA204 - Advanced Mathematics & Statistics (Sem 3),722825243011,Karthik K,3
169,AI&DS,3,U23CS403,U23CS403 - Computer Science & Software Systems (Sem 3),722825243011,Karthik K,3
170,AI&DS,3,U23CS404,U23CS404 - Computer Science & Software Systems (Sem 3),722825243011,Karthik K,3
171,AI&DS,3,U23EC382,U23EC382 - Electronics & Communication Systems (Sem 3),722825243011,Karthik K,3
172,AI&DS,3,U23CS491,U23CS491 - Computer Science & Software Systems (Sem 3),722825243011,Karthik K,3
173,AI&DS,3,U23AD491,U23AD491 - Artificial Intelligence & Data Science (Sem 3),722825243011,Karthik K,3
174,AI&DS,3,U23MA204,U23MA204 - Advanced Mathematics & Statistics (Sem 3),722825243029,Ishwarya K,3
175,AI&DS,3,U23CS403,U23CS403 - Computer Science & Software Systems (Sem 3),722825243029,Ishwarya K,3
176,AI&DS,3,U23CS404,U23CS404 - Computer Science & Software Systems (Sem 3),722825243029,Ishwarya K,3
177,AI&DS,3,U23EC382,U23EC382 - Electronics & Communication Systems (Sem 3),722825243029,Ishwarya K,3
178,AI&DS,3,U23CS491,U23CS491 - Computer Science & Software Systems (Sem 3),722825243029,Ishwarya K,3
179,AI&DS,3,U23AD491,U23AD491 - Artificial Intelligence & Data Science (Sem 3),722825243029,Ishwarya K,3
180,AI&DS,3,U23MA204,U23MA204 - Advanced Mathematics & Statistics (Sem 3),722825243041,Manoj V,3
181,AI&DS,3,U23CS403,U23CS403 - Computer Science & Software Systems (Sem 3),722825243041,Manoj V,3
182,AI&DS,3,U23CS404,U23CS404 - Computer Science & Software Systems (Sem 3),722825243041,Manoj V,3
183,AI&DS,3,U23EC382,U23EC382 - Electronics & Communication Systems (Sem 3),722825243041,Manoj V,3
184,AI&DS,3,U23CS491,U23CS491 - Computer Science & Software Systems (Sem 3),722825243041,Manoj V,3
185,AI&DS,3,U23AD491,U23AD491 - Artificial Intelligence & Data Science (Sem 3),722825243041,Manoj V,3
186,AI&DS,3,U23MA204,U23MA204 - Advanced Mathematics & Statistics (Sem 3),722825243059,Pavithra P,3
187,AI&DS,3,U23CS403,U23CS403 - Computer Science & Software Systems (Sem 3),722825243059,Pavithra P,3
188,AI&DS,3,U23CS404,U23CS404 - Computer Science & Software Systems (Sem 3),722825243059,Pavithra P,3
189,AI&DS,3,U23EC382,U23EC382 - Electronics & Communication Systems (Sem 3),722825243059,Pavithra P,3
190,AI&DS,3,U23CS491,U23CS491 - Computer Science & Software Systems (Sem 3),722825243059,Pavithra P,3
191,AI&DS,3,U23AD491,U23AD491 - Artificial Intelligence & Data Science (Sem 3),722825243059,Pavithra P,3
192,AI&DS,3,U23MA204,U23MA204 - Advanced Mathematics & Statistics (Sem 3),722825243064,Gokul P,3
193,AI&DS,3,U23CS403,U23CS403 - Computer Science & Software Systems (Sem 3),722825243064,Gokul P,3
194,AI&DS,3,U23CS404,U23CS404 - Computer Science & Software Systems (Sem 3),722825243064,Gokul P,3
195,AI&DS,3,U23EC382,U23EC382 - Electronics & Communication Systems (Sem 3),722825243064,Gokul P,3
196,AI&DS,3,U23CS491,U23CS491 - Computer Science & Software Systems (Sem 3),722825243064,Gokul P,3
197,AI&DS,3,U23AD491,U23AD491 - Artificial Intelligence & Data Science (Sem 3),722825243064,Gokul P,3
198,AI&DS,3,U23MA204,U23MA204 - Advanced Mathematics & Statistics (Sem 3),722825243067,Lakshmi R,3
199,AI&DS,3,U23CS403,U23CS403 - Computer Science & Software Systems (Sem 3),722825243067,Lakshmi R,3
200,AI&DS,3,U23CS404,U23CS404 - Computer Science & Software Systems (Sem 3),722825243067,Lakshmi R,3
201,AI&DS,3,U23EC382,U23EC382 - Electronics & Communication Systems (Sem 3),722825243067,Lakshmi R,3
202,AI&DS,3,U23CS491,U23CS491 - Computer Science & Software Systems (Sem 3),722825243067,Lakshmi R,3
203,AI&DS,3,U23AD491,U23AD491 - Artificial Intelligence & Data Science (Sem 3),722825243067,Lakshmi R,3
204,AI&DS,3,U23MA204,U23MA204 - Advanced Mathematics & Statistics (Sem 3),722825243106,Jayant K,3
205,AI&DS,3,U23CS403,U23CS403 - Computer Science & Software Systems (Sem 3),722825243106,Jayant K,3
206,AI&DS,3,U23CS404,U23CS404 - Computer Science & Software Systems (Sem 3),722825243106,Jayant K,3
207,AI&DS,3,U23EC382,U23EC382 - Electronics & Communication Systems (Sem 3),722825243106,Jayant K,3
208,AI&DS,3,U23CS491,U23CS491 - Computer Science & Software Systems (Sem 3),722825243106,Jayant K,3
209,AI&DS,3,U23AD491,U23AD491 - Artificial Intelligence & Data Science (Sem 3),722825243106,Jayant K,3
210,AI&DS,3,U23MA204,U23MA204 - Advanced Mathematics & Statistics (Sem 3),722825243115,Yash S,3
211,AI&DS,3,U23CS403,U23CS403 - Computer Science & Software Systems (Sem 3),722825243115,Yash S,3
212,AI&DS,3,U23CS404,U23CS404 - Computer Science & Software Systems (Sem 3),722825243115,Yash S,3
213,AI&DS,3,U23EC382,U23EC382 - Electronics & Communication Systems (Sem 3),722825243115,Yash S,3
214,AI&DS,3,U23CS491,U23CS491 - Computer Science & Software Systems (Sem 3),722825243115,Yash S,3
215,AI&DS,3,U23AD491,U23AD491 - Artificial Intelligence & Data Science (Sem 3),722825243115,Yash S,3
216,AI&DS,3,U23MA204,U23MA204 - Advanced Mathematics & Statistics (Sem 3),722825243119,Swetha R,3
217,AI&DS,3,U23CS403,U23CS403 - Computer Science & Software Systems (Sem 3),722825243119,Swetha R,3
218,AI&DS,3,U23CS404,U23CS404 - Computer Science & Software Systems (Sem 3),722825243119,Swetha R,3
219,AI&DS,3,U23EC382,U23EC382 - Electronics & Communication Systems (Sem 3),722825243119,Swetha R,3
220,AI&DS,3,U23CS491,U23CS491 - Computer Science & Software Systems (Sem 3),722825243119,Swetha R,3
221,AI&DS,3,U23AD491,U23AD491 - Artificial Intelligence & Data Science (Sem 3),722825243119,Swetha R,3
222,AI&DS,3,U23MA204,U23MA204 - Advanced Mathematics & Statistics (Sem 3),722825243139,Gokul B,3
223,AI&DS,3,U23CS403,U23CS403 - Computer Science & Software Systems (Sem 3),722825243139,Gokul B,3
224,AI&DS,3,U23CS404,U23CS404 - Computer Science & Software Systems (Sem 3),722825243139,Gokul B,3
225,AI&DS,3,U23EC382,U23EC382 - Electronics & Communication Systems (Sem 3),722825243139,Gokul B,3
226,AI&DS,3,U23CS491,U23CS491 - Computer Science & Software Systems (Sem 3),722825243139,Gokul B,3
227,AI&DS,3,U23AD491,U23AD491 - Artificial Intelligence & Data Science (Sem 3),722825243139,Gokul B,3
228,AI&DS,3,U23MA204,U23MA204 - Advanced Mathematics & Statistics (Sem 3),722825243151,Manoj V,3
229,AI&DS,3,U23CS403,U23CS403 - Computer Science & Software Systems (Sem 3),722825243151,Manoj V,3
230,AI&DS,3,U23CS404,U23CS404 - Computer Science & Software Systems (Sem 3),722825243151,Manoj V,3
231,AI&DS,3,U23EC382,U23EC382 - Electronics & Communication Systems (Sem 3),722825243151,Manoj V,3
232,AI&DS,3,U23CS491,U23CS491 - Computer Science & Software Systems (Sem 3),722825243151,Manoj V,3
233,AI&DS,3,U23AD491,U23AD491 - Artificial Intelligence & Data Science (Sem 3),722825243151,Manoj V,3
234,AI&DS,3,U23MA204,U23MA204 - Advanced Mathematics & Statistics (Sem 3),722825243200,Swetha R,3
235,AI&DS,3,U23CS403,U23CS403 - Computer Science & Software Systems (Sem 3),722825243200,Swetha R,3
236,AI&DS,3,U23CS404,U23CS404 - Computer Science & Software Systems (Sem 3),722825243200,Swetha R,3
237,AI&DS,3,U23EC382,U23EC382 - Electronics & Communication Systems (Sem 3),722825243200,Swetha R,3
238,AI&DS,3,U23CS491,U23CS491 - Computer Science & Software Systems (Sem 3),722825243200,Swetha R,3
239,AI&DS,3,U23AD491,U23AD491 - Artificial Intelligence & Data Science (Sem 3),722825243200,Swetha R,3
240,AI&DS,3,U23MA204,U23MA204 - Advanced Mathematics & Statistics (Sem 3),722825243212,Kavya M,3
241,AI&DS,3,U23CS403,U23CS403 - Computer Science & Software Systems (Sem 3),722825243212,Kavya M,3
242,AI&DS,3,U23CS404,U23CS404 - Computer Science & Software Systems (Sem 3),722825243212,Kavya M,3
243,AI&DS,3,U23EC382,U23EC382 - Electronics & Communication Systems (Sem 3),722825243212,Kavya M,3
244,AI&DS,3,U23CS491,U23CS491 - Computer Science & Software Systems (Sem 3),722825243212,Kavya M,3
245,AI&DS,3,U23AD491,U23AD491 - Artificial Intelligence & Data Science (Sem 3),722825243212,Kavya M,3
246,AI&DS,3,U23MA204,U23MA204 - Advanced Mathematics & Statistics (Sem 3),722825243219,Ishwarya M,3
247,AI&DS,3,U23CS403,U23CS403 - Computer Science & Software Systems (Sem 3),722825243219,Ishwarya M,3
248,AI&DS,3,U23CS404,U23CS404 - Computer Science & Software Systems (Sem 3),722825243219,Ishwarya M,3
249,AI&DS,3,U23EC382,U23EC382 - Electronics & Communication Systems (Sem 3),722825243219,Ishwarya M,3
250,AI&DS,3,U23CS491,U23CS491 - Computer Science & Software Systems (Sem 3),722825243219,Ishwarya M,3
251,AI&DS,3,U23AD491,U23AD491 - Artificial Intelligence & Data Science (Sem 3),722825243219,Ishwarya M,3
252,AI&DS,3,U23MA204,U23MA204 - Advanced Mathematics & Statistics (Sem 3),722825243248,Kavya N,3
253,AI&DS,3,U23CS403,U23CS403 - Computer Science & Software Systems (Sem 3),722825243248,Kavya N,3
254,AI&DS,3,U23CS404,U23CS404 - Computer Science & Software Systems (Sem 3),722825243248,Kavya N,3
255,AI&DS,3,U23EC382,U23EC382 - Electronics & Communication Systems (Sem 3),722825243248,Kavya N,3
256,AI&DS,3,U23CS491,U23CS491 - Computer Science & Software Systems (Sem 3),722825243248,Kavya N,3
257,AI&DS,3,U23AD491,U23AD491 - Artificial Intelligence & Data Science (Sem 3),722825243248,Kavya N,3
258,AI&DS,3,U23MA204,U23MA204 - Advanced Mathematics & Statistics (Sem 3),722825243252,Jayant K,3
259,AI&DS,3,U23CS403,U23CS403 - Computer Science & Software Systems (Sem 3),722825243252,Jayant K,3
260,AI&DS,3,U23CS404,U23CS404 - Computer Science & Software Systems (Sem 3),722825243252,Jayant K,3
261,AI&DS,3,U23EC382,U23EC382 - Electronics & Communication Systems (Sem 3),722825243252,Jayant K,3
262,AI&DS,3,U23CS491,U23CS491 - Computer Science & Software Systems (Sem 3),722825243252,Jayant K,3
263,AI&DS,3,U23AD491,U23AD491 - Artificial Intelligence & Data Science (Sem 3),722825243252,Jayant K,3
264,AI&DS,3,U23MA204,U23MA204 - Advanced Mathematics & Statistics (Sem 3),722825243028,Harini A,3
265,AI&DS,3,U23CS403,U23CS403 - Computer Science & Software Systems (Sem 3),722825243028,Harini A,3
266,AI&DS,3,U23CS404,U23CS404 - Computer Science & Software Systems (Sem 3),722825243028,Harini A,3
267,AI&DS,3,U23EC382,U23EC382 - Electronics & Communication Systems (Sem 3),722825243028,Harini A,3
268,AI&DS,3,U23CS491,U23CS491 - Computer Science & Software Systems (Sem 3),722825243028,Harini A,3
269,AI&DS,3,U23AD491,U23AD491 - Artificial Intelligence & Data Science (Sem 3),722825243028,Harini A,3
270,AI&DS,3,U23MA204,U23MA204 - Advanced Mathematics & Statistics (Sem 3),722825243101,Kavya R,3
271,AI&DS,3,U23CS403,U23CS403 - Computer Science & Software Systems (Sem 3),722825243101,Kavya R,3
272,AI&DS,3,U23CS404,U23CS404 - Computer Science & Software Systems (Sem 3),722825243101,Kavya R,3
273,AI&DS,3,U23EC382,U23EC382 - Electronics & Communication Systems (Sem 3),722825243101,Kavya R,3
274,AI&DS,3,U23CS491,U23CS491 - Computer Science & Software Systems (Sem 3),722825243101,Kavya R,3
275,AI&DS,3,U23AD491,U23AD491 - Artificial Intelligence & Data Science (Sem 3),722825243101,Kavya R,3
276,AI&DS,3,U23MA204,U23MA204 - Advanced Mathematics & Statistics (Sem 3),722825243017,Rahul N,3
277,AI&DS,3,U23CS403,U23CS403 - Computer Science & Software Systems (Sem 3),722825243017,Rahul N,3
278,AI&DS,3,U23CS404,U23CS404 - Computer Science & Software Systems (Sem 3),722825243017,Rahul N,3
279,AI&DS,3,U23EC382,U23EC382 - Electronics & Communication Systems (Sem 3),722825243017,Rahul N,3
280,AI&DS,3,U23CS491,U23CS491 - Computer Science & Software Systems (Sem 3),722825243017,Rahul N,3
281,AI&DS,3,U23AD491,U23AD491 - Artificial Intelligence & Data Science (Sem 3),722825243017,Rahul N,3
282,AI&DS,3,U23MA204,U23MA204 - Advanced Mathematics & Statistics (Sem 3),722825243027,Pavithra S,3
283,AI&DS,3,U23CS403,U23CS403 - Computer Science & Software Systems (Sem 3),722825243027,Pavithra S,3
284,AI&DS,3,U23CS404,U23CS404 - Computer Science & Software Systems (Sem 3),722825243027,Pavithra S,3
285,AI&DS,3,U23EC382,U23EC382 - Electronics & Communication Systems (Sem 3),722825243027,Pavithra S,3
286,AI&DS,3,U23CS491,U23CS491 - Computer Science & Software Systems (Sem 3),722825243027,Pavithra S,3
287,AI&DS,3,U23AD491,U23AD491 - Artificial Intelligence & Data Science (Sem 3),722825243027,Pavithra S,3
288,AI&DS,3,U23MA204,U23MA204 - Advanced Mathematics & Statistics (Sem 3),722825243044,Jayant S,3
289,AI&DS,3,U23CS403,U23CS403 - Computer Science & Software Systems (Sem 3),722825243044,Jayant S,3
290,AI&DS,3,U23CS404,U23CS404 - Computer Science & Software Systems (Sem 3),722825243044,Jayant S,3
291,AI&DS,3,U23EC382,U23EC382 - Electronics & Communication Systems (Sem 3),722825243044,Jayant S,3
292,AI&DS,3,U23CS491,U23CS491 - Computer Science & Software Systems (Sem 3),722825243044,Jayant S,3
293,AI&DS,3,U23AD491,U23AD491 - Artificial Intelligence & Data Science (Sem 3),722825243044,Jayant S,3
294,AI&DS,3,U23MA204,U23MA204 - Advanced Mathematics & Statistics (Sem 3),722825243060,Ishwarya T,3
295,AI&DS,3,U23CS403,U23CS403 - Computer Science & Software Systems (Sem 3),722825243060,Ishwarya T,3
296,AI&DS,3,U23CS404,U23CS404 - Computer Science & Software Systems (Sem 3),722825243060,Ishwarya T,3
297,AI&DS,3,U23EC382,U23EC382 - Electronics & Communication Systems (Sem 3),722825243060,Ishwarya T,3
298,AI&DS,3,U23CS491,U23CS491 - Computer Science & Software Systems (Sem 3),722825243060,Ishwarya T,3
299,AI&DS,3,U23AD491,U23AD491 - Artificial Intelligence & Data Science (Sem 3),722825243060,Ishwarya T,3
300,AI&DS,3,U23MA204,U23MA204 - Advanced Mathematics & Statistics (Sem 3),722825243186,Swetha V,3
301,AI&DS,3,U23CS403,U23CS403 - Computer Science & Software Systems (Sem 3),722825243186,Swetha V,3
302,AI&DS,3,U23CS404,U23CS404 - Computer Science & Software Systems (Sem 3),722825243186,Swetha V,3
303,AI&DS,3,U23EC382,U23EC382 - Electronics & Communication Systems (Sem 3),722825243186,Swetha V,3
304,AI&DS,3,U23CS491,U23CS491 - Computer Science & Software Systems (Sem 3),722825243186,Swetha V,3
305,AI&DS,3,U23AD491,U23AD491 - Artificial Intelligence & Data Science (Sem 3),722825243186,Swetha V,3
306,AI&DS,3,U23MA204,U23MA204 - Advanced Mathematics & Statistics (Sem 3),722825243105,Vidyut N,3
307,AI&DS,3,U23CS403,U23CS403 - Computer Science & Software Systems (Sem 3),722825243105,Vidyut N,3
308,AI&DS,3,U23CS404,U23CS404 - Computer Science & Software Systems (Sem 3),722825243105,Vidyut N,3
309,AI&DS,3,U23EC382,U23EC382 - Electronics & Communication Systems (Sem 3),722825243105,Vidyut N,3
310,AI&DS,3,U23CS491,U23CS491 - Computer Science & Software Systems (Sem 3),722825243105,Vidyut N,3
311,AI&DS,3,U23AD491,U23AD491 - Artificial Intelligence & Data Science (Sem 3),722825243105,Vidyut N,3
312,AI&DS,3,U23MA204,U23MA204 - Advanced Mathematics & Statistics (Sem 3),722825243177,Vidyut N,3
313,AI&DS,3,U23CS403,U23CS403 - Computer Science & Software Systems (Sem 3),722825243177,Vidyut N,3
314,AI&DS,3,U23CS404,U23CS404 - Computer Science & Software Systems (Sem 3),722825243177,Vidyut N,3
315,AI&DS,3,U23EC382,U23EC382 - Electronics & Communication Systems (Sem 3),722825243177,Vidyut N,3
316,AI&DS,3,U23CS491,U23CS491 - Computer Science & Software Systems (Sem 3),722825243177,Vidyut N,3
317,AI&DS,3,U23AD491,U23AD491 - Artificial Intelligence & Data Science (Sem 3),722825243177,Vidyut N,3
318,AI&DS,3,U23MA204,U23MA204 - Advanced Mathematics & Statistics (Sem 3),722825243209,Lakshmi R,3
319,AI&DS,3,U23CS403,U23CS403 - Computer Science & Software Systems (Sem 3),722825243209,Lakshmi R,3
320,AI&DS,3,U23CS404,U23CS404 - Computer Science & Software Systems (Sem 3),722825243209,Lakshmi R,3
321,AI&DS,3,U23EC382,U23EC382 - Electronics & Communication Systems (Sem 3),722825243209,Lakshmi R,3
322,AI&DS,3,U23CS491,U23CS491 - Computer Science & Software Systems (Sem 3),722825243209,Lakshmi R,3
323,AI&DS,3,U23AD491,U23AD491 - Artificial Intelligence & Data Science (Sem 3),722825243209,Lakshmi R,3
324,AI&DS,3,U23MA204,U23MA204 - Advanced Mathematics & Statistics (Sem 3),722825243211,Elango T,3
325,AI&DS,3,U23CS403,U23CS403 - Computer Science & Software Systems (Sem 3),722825243211,Elango T,3
326,AI&DS,3,U23CS404,U23CS404 - Computer Science & Software Systems (Sem 3),722825243211,Elango T,3
327,AI&DS,3,U23EC382,U23EC382 - Electronics & Communication Systems (Sem 3),722825243211,Elango T,3
328,AI&DS,3,U23CS491,U23CS491 - Computer Science & Software Systems (Sem 3),722825243211,Elango T,3
329,AI&DS,3,U23AD491,U23AD491 - Artificial Intelligence & Data Science (Sem 3),722825243211,Elango T,3
330,AI&DS,3,U23MA204,U23MA204 - Advanced Mathematics & Statistics (Sem 3),722825243216,Rahul K,3
331,AI&DS,3,U23CS403,U23CS403 - Computer Science & Software Systems (Sem 3),722825243216,Rahul K,3
332,AI&DS,3,U23CS404,U23CS404 - Computer Science & Software Systems (Sem 3),722825243216,Rahul K,3
333,AI&DS,3,U23EC382,U23EC382 - Electronics & Communication Systems (Sem 3),722825243216,Rahul K,3
334,AI&DS,3,U23CS491,U23CS491 - Computer Science & Software Systems (Sem 3),722825243216,Rahul K,3
335,AI&DS,3,U23AD491,U23AD491 - Artificial Intelligence & Data Science (Sem 3),722825243216,Rahul K,3
336,AI&DS,5,U23AD401,U23AD401 - Artificial Intelligence & Data Science (Sem 5),722824243132,Bhavana K,3
337,AI&DS,5,U23AD484,U23AD484 - Artificial Intelligence & Data Science (Sem 5),722824243132,Bhavana K,3
338,AI&DS,5,U23IT484,U23IT484 - Information Technology & Cloud Systems (Sem 5),722824243132,Bhavana K,3
339,AI&DS,5,U23AM491,U23AM491 - Machine Learning & Neural Networks (Sem 5),722824243132,Bhavana K,3
340,AI&DS,5,U23CB593,U23CB593 - Computer Science & Business Systems (Sem 5),722824243132,Bhavana K,3
341,AI&DS,5,U23EC384,U23EC384 - Electronics & Communication Systems (Sem 5),722824243132,Bhavana K,3
342,AI&DS,5,U23AD401,U23AD401 - Artificial Intelligence & Data Science (Sem 5),722824243021,Elango S,3
343,AI&DS,5,U23AD484,U23AD484 - Artificial Intelligence & Data Science (Sem 5),722824243021,Elango S,3
344,AI&DS,5,U23IT484,U23IT484 - Information Technology & Cloud Systems (Sem 5),722824243021,Elango S,3
345,AI&DS,5,U23AM491,U23AM491 - Machine Learning & Neural Networks (Sem 5),722824243021,Elango S,3
346,AI&DS,5,U23CB593,U23CB593 - Computer Science & Business Systems (Sem 5),722824243021,Elango S,3
347,AI&DS,5,U23EC384,U23EC384 - Electronics & Communication Systems (Sem 5),722824243021,Elango S,3
348,AI&DS,5,U23AD401,U23AD401 - Artificial Intelligence & Data Science (Sem 5),722824243046,Naveen A,3
349,AI&DS,5,U23AD484,U23AD484 - Artificial Intelligence & Data Science (Sem 5),722824243046,Naveen A,3
350,AI&DS,5,U23IT484,U23IT484 - Information Technology & Cloud Systems (Sem 5),722824243046,Naveen A,3
351,AI&DS,5,U23AM491,U23AM491 - Machine Learning & Neural Networks (Sem 5),722824243046,Naveen A,3
352,AI&DS,5,U23CB593,U23CB593 - Computer Science & Business Systems (Sem 5),722824243046,Naveen A,3
353,AI&DS,5,U23EC384,U23EC384 - Electronics & Communication Systems (Sem 5),722824243046,Naveen A,3
354,AI&DS,5,U23AD401,U23AD401 - Artificial Intelligence & Data Science (Sem 5),722824243077,Chandran N,3
355,AI&DS,5,U23AD484,U23AD484 - Artificial Intelligence & Data Science (Sem 5),722824243077,Chandran N,3
356,AI&DS,5,U23IT484,U23IT484 - Information Technology & Cloud Systems (Sem 5),722824243077,Chandran N,3
357,AI&DS,5,U23AM491,U23AM491 - Machine Learning & Neural Networks (Sem 5),722824243077,Chandran N,3
358,AI&DS,5,U23CB593,U23CB593 - Computer Science & Business Systems (Sem 5),722824243077,Chandran N,3
359,AI&DS,5,U23EC384,U23EC384 - Electronics & Communication Systems (Sem 5),722824243077,Chandran N,3
360,AI&DS,5,U23AD401,U23AD401 - Artificial Intelligence & Data Science (Sem 5),722824243101,Manoj A,3
361,AI&DS,5,U23AD484,U23AD484 - Artificial Intelligence & Data Science (Sem 5),722824243101,Manoj A,3
362,AI&DS,5,U23IT484,U23IT484 - Information Technology & Cloud Systems (Sem 5),722824243101,Manoj A,3
363,AI&DS,5,U23AM491,U23AM491 - Machine Learning & Neural Networks (Sem 5),722824243101,Manoj A,3
364,AI&DS,5,U23CB593,U23CB593 - Computer Science & Business Systems (Sem 5),722824243101,Manoj A,3
365,AI&DS,5,U23EC384,U23EC384 - Electronics & Communication Systems (Sem 5),722824243101,Manoj A,3
366,AI&DS,5,U23AD401,U23AD401 - Artificial Intelligence & Data Science (Sem 5),722824243126,Pavithra T,3
367,AI&DS,5,U23AD484,U23AD484 - Artificial Intelligence & Data Science (Sem 5),722824243126,Pavithra T,3
368,AI&DS,5,U23IT484,U23IT484 - Information Technology & Cloud Systems (Sem 5),722824243126,Pavithra T,3
369,AI&DS,5,U23AM491,U23AM491 - Machine Learning & Neural Networks (Sem 5),722824243126,Pavithra T,3
370,AI&DS,5,U23CB593,U23CB593 - Computer Science & Business Systems (Sem 5),722824243126,Pavithra T,3
371,AI&DS,5,U23EC384,U23EC384 - Electronics & Communication Systems (Sem 5),722824243126,Pavithra T,3
372,AI&DS,5,U23AD401,U23AD401 - Artificial Intelligence & Data Science (Sem 5),722824243135,Jayant T,3
373,AI&DS,5,U23AD484,U23AD484 - Artificial Intelligence & Data Science (Sem 5),722824243135,Jayant T,3
374,AI&DS,5,U23IT484,U23IT484 - Information Technology & Cloud Systems (Sem 5),722824243135,Jayant T,3
375,AI&DS,5,U23AM491,U23AM491 - Machine Learning & Neural Networks (Sem 5),722824243135,Jayant T,3
376,AI&DS,5,U23CB593,U23CB593 - Computer Science & Business Systems (Sem 5),722824243135,Jayant T,3
377,AI&DS,5,U23EC384,U23EC384 - Electronics & Communication Systems (Sem 5),722824243135,Jayant T,3
378,AI&DS,5,U23AD401,U23AD401 - Artificial Intelligence & Data Science (Sem 5),722824243176,Aravind K,3
379,AI&DS,5,U23AD484,U23AD484 - Artificial Intelligence & Data Science (Sem 5),722824243176,Aravind K,3
380,AI&DS,5,U23IT484,U23IT484 - Information Technology & Cloud Systems (Sem 5),722824243176,Aravind K,3
381,AI&DS,5,U23AM491,U23AM491 - Machine Learning & Neural Networks (Sem 5),722824243176,Aravind K,3
382,AI&DS,5,U23CB593,U23CB593 - Computer Science & Business Systems (Sem 5),722824243176,Aravind K,3
383,AI&DS,5,U23EC384,U23EC384 - Electronics & Communication Systems (Sem 5),722824243176,Aravind K,3
384,AI&DS,5,U23AD401,U23AD401 - Artificial Intelligence & Data Science (Sem 5),722824243190,Swetha V,3
385,AI&DS,5,U23AD484,U23AD484 - Artificial Intelligence & Data Science (Sem 5),722824243190,Swetha V,3
386,AI&DS,5,U23IT484,U23IT484 - Information Technology & Cloud Systems (Sem 5),722824243190,Swetha V,3
387,AI&DS,5,U23AM491,U23AM491 - Machine Learning & Neural Networks (Sem 5),722824243190,Swetha V,3
388,AI&DS,5,U23CB593,U23CB593 - Computer Science & Business Systems (Sem 5),722824243190,Swetha V,3
389,AI&DS,5,U23EC384,U23EC384 - Electronics & Communication Systems (Sem 5),722824243190,Swetha V,3
390,AI&DS,5,U23AD401,U23AD401 - Artificial Intelligence & Data Science (Sem 5),722824243200,Kavya K,3
391,AI&DS,5,U23AD484,U23AD484 - Artificial Intelligence & Data Science (Sem 5),722824243200,Kavya K,3
392,AI&DS,5,U23IT484,U23IT484 - Information Technology & Cloud Systems (Sem 5),722824243200,Kavya K,3
393,AI&DS,5,U23AM491,U23AM491 - Machine Learning & Neural Networks (Sem 5),722824243200,Kavya K,3
394,AI&DS,5,U23CB593,U23CB593 - Computer Science & Business Systems (Sem 5),722824243200,Kavya K,3
395,AI&DS,5,U23EC384,U23EC384 - Electronics & Communication Systems (Sem 5),722824243200,Kavya K,3
396,AI&DS,5,U23AD401,U23AD401 - Artificial Intelligence & Data Science (Sem 5),722824243211,Karthik N,3
397,AI&DS,5,U23AD484,U23AD484 - Artificial Intelligence & Data Science (Sem 5),722824243211,Karthik N,3
398,AI&DS,5,U23IT484,U23IT484 - Information Technology & Cloud Systems (Sem 5),722824243211,Karthik N,3
399,AI&DS,5,U23AM491,U23AM491 - Machine Learning & Neural Networks (Sem 5),722824243211,Karthik N,3
400,AI&DS,5,U23CB593,U23CB593 - Computer Science & Business Systems (Sem 5),722824243211,Karthik N,3
401,AI&DS,5,U23EC384,U23EC384 - Electronics & Communication Systems (Sem 5),722824243211,Karthik N,3
402,AI&DS,5,U23AD401,U23AD401 - Artificial Intelligence & Data Science (Sem 5),722824243221,Gokul B,3
403,AI&DS,5,U23AD484,U23AD484 - Artificial Intelligence & Data Science (Sem 5),722824243221,Gokul B,3
404,AI&DS,5,U23IT484,U23IT484 - Information Technology & Cloud Systems (Sem 5),722824243221,Gokul B,3
405,AI&DS,5,U23AM491,U23AM491 - Machine Learning & Neural Networks (Sem 5),722824243221,Gokul B,3
406,AI&DS,5,U23CB593,U23CB593 - Computer Science & Business Systems (Sem 5),722824243221,Gokul B,3
407,AI&DS,5,U23EC384,U23EC384 - Electronics & Communication Systems (Sem 5),722824243221,Gokul B,3
408,AI&DS,5,U23AD401,U23AD401 - Artificial Intelligence & Data Science (Sem 5),722824243227,Aravind V,3
409,AI&DS,5,U23AD484,U23AD484 - Artificial Intelligence & Data Science (Sem 5),722824243227,Aravind V,3
410,AI&DS,5,U23IT484,U23IT484 - Information Technology & Cloud Systems (Sem 5),722824243227,Aravind V,3
411,AI&DS,5,U23AM491,U23AM491 - Machine Learning & Neural Networks (Sem 5),722824243227,Aravind V,3
412,AI&DS,5,U23CB593,U23CB593 - Computer Science & Business Systems (Sem 5),722824243227,Aravind V,3
413,AI&DS,5,U23EC384,U23EC384 - Electronics & Communication Systems (Sem 5),722824243227,Aravind V,3
414,AI&DS,5,U23AD401,U23AD401 - Artificial Intelligence & Data Science (Sem 5),722824243230,Sanjay S,3
415,AI&DS,5,U23AD484,U23AD484 - Artificial Intelligence & Data Science (Sem 5),722824243230,Sanjay S,3
416,AI&DS,5,U23IT484,U23IT484 - Information Technology & Cloud Systems (Sem 5),722824243230,Sanjay S,3
417,AI&DS,5,U23AM491,U23AM491 - Machine Learning & Neural Networks (Sem 5),722824243230,Sanjay S,3
418,AI&DS,5,U23CB593,U23CB593 - Computer Science & Business Systems (Sem 5),722824243230,Sanjay S,3
419,AI&DS,5,U23EC384,U23EC384 - Electronics & Communication Systems (Sem 5),722824243230,Sanjay S,3
420,AI&DS,5,U23AD401,U23AD401 - Artificial Intelligence & Data Science (Sem 5),722824243137,Sanjay K,3
421,AI&DS,5,U23AD484,U23AD484 - Artificial Intelligence & Data Science (Sem 5),722824243137,Sanjay K,3
422,AI&DS,5,U23IT484,U23IT484 - Information Technology & Cloud Systems (Sem 5),722824243137,Sanjay K,3
423,AI&DS,5,U23AM491,U23AM491 - Machine Learning & Neural Networks (Sem 5),722824243137,Sanjay K,3
424,AI&DS,5,U23CB593,U23CB593 - Computer Science & Business Systems (Sem 5),722824243137,Sanjay K,3
425,AI&DS,5,U23EC384,U23EC384 - Electronics & Communication Systems (Sem 5),722824243137,Sanjay K,3
426,AI&DS,5,U23AD401,U23AD401 - Artificial Intelligence & Data Science (Sem 5),722824243254,Karthik T,3
427,AI&DS,5,U23AD484,U23AD484 - Artificial Intelligence & Data Science (Sem 5),722824243254,Karthik T,3
428,AI&DS,5,U23IT484,U23IT484 - Information Technology & Cloud Systems (Sem 5),722824243254,Karthik T,3
429,AI&DS,5,U23AM491,U23AM491 - Machine Learning & Neural Networks (Sem 5),722824243254,Karthik T,3
430,AI&DS,5,U23CB593,U23CB593 - Computer Science & Business Systems (Sem 5),722824243254,Karthik T,3
431,AI&DS,5,U23EC384,U23EC384 - Electronics & Communication Systems (Sem 5),722824243254,Karthik T,3
432,AI&DS,5,U23AD401,U23AD401 - Artificial Intelligence & Data Science (Sem 5),722824243306,Yash R,3
433,AI&DS,5,U23AD484,U23AD484 - Artificial Intelligence & Data Science (Sem 5),722824243306,Yash R,3
434,AI&DS,5,U23IT484,U23IT484 - Information Technology & Cloud Systems (Sem 5),722824243306,Yash R,3
435,AI&DS,5,U23AM491,U23AM491 - Machine Learning & Neural Networks (Sem 5),722824243306,Yash R,3
436,AI&DS,5,U23CB593,U23CB593 - Computer Science & Business Systems (Sem 5),722824243306,Yash R,3
437,AI&DS,5,U23EC384,U23EC384 - Electronics & Communication Systems (Sem 5),722824243306,Yash R,3
438,AI&DS,5,U23AD401,U23AD401 - Artificial Intelligence & Data Science (Sem 5),722824243093,Elango P,3
439,AI&DS,5,U23AD484,U23AD484 - Artificial Intelligence & Data Science (Sem 5),722824243093,Elango P,3
440,AI&DS,5,U23IT484,U23IT484 - Information Technology & Cloud Systems (Sem 5),722824243093,Elango P,3
441,AI&DS,5,U23AM491,U23AM491 - Machine Learning & Neural Networks (Sem 5),722824243093,Elango P,3
442,AI&DS,5,U23CB593,U23CB593 - Computer Science & Business Systems (Sem 5),722824243093,Elango P,3
443,AI&DS,5,U23EC384,U23EC384 - Electronics & Communication Systems (Sem 5),722824243093,Elango P,3
444,AI&DS,7,U23CB103,U23CB103 - Computer Science & Business Systems (Sem 7),722823243049,Gokul T,3
445,AI&DS,7,U23CB104,U23CB104 - Computer Science & Business Systems (Sem 7),722823243049,Gokul T,3
446,AI&DS,7,U23AM586,U23AM586 - Machine Learning & Neural Networks (Sem 7),722823243049,Gokul T,3
447,AI&DS,7,U23OME06,U23OME06 - AI&DS Core Subject (Sem 7),722823243049,Gokul T,3
448,AI&DS,7,U23AD511,U23AD511 - Artificial Intelligence & Data Science (Sem 7),722823243049,Gokul T,3
449,AI&DS,7,U23CB103,U23CB103 - Computer Science & Business Systems (Sem 7),722823243080,Sanjay M,3
450,AI&DS,7,U23CB104,U23CB104 - Computer Science & Business Systems (Sem 7),722823243080,Sanjay M,3
451,AI&DS,7,U23AM586,U23AM586 - Machine Learning & Neural Networks (Sem 7),722823243080,Sanjay M,3
452,AI&DS,7,U23OME06,U23OME06 - AI&DS Core Subject (Sem 7),722823243080,Sanjay M,3
453,AI&DS,7,U23AD511,U23AD511 - Artificial Intelligence & Data Science (Sem 7),722823243080,Sanjay M,3
454,AIML,3,U23CS403,U23CS403 - Computer Science & Software Systems (Sem 3),722825148092,Yash P,3
455,AIML,3,U23CS404,U23CS404 - Computer Science & Software Systems (Sem 3),722825148092,Yash P,3
456,AIML,3,U23MA204,U23MA204 - Advanced Mathematics & Statistics (Sem 3),722825148092,Yash P,3
457,AIML,3,U23CS491,U23CS491 - Computer Science & Software Systems (Sem 3),722825148092,Yash P,3
458,AIML,3,U23AD483,U23AD483 - Artificial Intelligence & Data Science (Sem 3),722825148092,Yash P,3
459,AIML,7,U23CB103,U23CB103 - Computer Science & Business Systems (Sem 7),722823148013,Rahul M,3
460,AIML,7,U23CB104,U23CB104 - Computer Science & Business Systems (Sem 7),722823148013,Rahul M,3
461,AIML,7,U23CS522,U23CS522 - Computer Science & Software Systems (Sem 7),722823148013,Rahul M,3
462,AIML,7,U23IT483,U23IT483 - Information Technology & Cloud Systems (Sem 7),722823148013,Rahul M,3
463,AIML,7,U23OME07,U23OME07 - AIML Core Subject (Sem 7),722823148013,Rahul M,3
464,AIML,7,U23AD511,U23AD511 - Artificial Intelligence & Data Science (Sem 7),722823148013,Rahul M,3
465,AIML,7,U23CB103,U23CB103 - Computer Science & Business Systems (Sem 7),722823148029,Deepak P,3
466,AIML,7,U23CB104,U23CB104 - Computer Science & Business Systems (Sem 7),722823148029,Deepak P,3
467,AIML,7,U23CS522,U23CS522 - Computer Science & Software Systems (Sem 7),722823148029,Deepak P,3
468,AIML,7,U23IT483,U23IT483 - Information Technology & Cloud Systems (Sem 7),722823148029,Deepak P,3
469,AIML,7,U23OME07,U23OME07 - AIML Core Subject (Sem 7),722823148029,Deepak P,3
470,AIML,7,U23AD511,U23AD511 - Artificial Intelligence & Data Science (Sem 7),722823148029,Deepak P,3
471,AIML,7,U23CB103,U23CB103 - Computer Science & Business Systems (Sem 7),722823148049,Karthik R,3
472,AIML,7,U23CB104,U23CB104 - Computer Science & Business Systems (Sem 7),722823148049,Karthik R,3
473,AIML,7,U23CS522,U23CS522 - Computer Science & Software Systems (Sem 7),722823148049,Karthik R,3
474,AIML,7,U23IT483,U23IT483 - Information Technology & Cloud Systems (Sem 7),722823148049,Karthik R,3
475,AIML,7,U23OME07,U23OME07 - AIML Core Subject (Sem 7),722823148049,Karthik R,3
476,AIML,7,U23AD511,U23AD511 - Artificial Intelligence & Data Science (Sem 7),722823148049,Karthik R,3
477,AIML,5,U23AD511,U23AD511 - Artificial Intelligence & Data Science (Sem 5),722824148122,Bhavana R,3
478,AIML,5,U23AM492,U23AM492 - Machine Learning & Neural Networks (Sem 5),722824148122,Bhavana R,3
479,AIML,5,U23AD484,U23AD484 - Artificial Intelligence & Data Science (Sem 5),722824148122,Bhavana R,3
480,AIML,5,U23IT484,U23IT484 - Information Technology & Cloud Systems (Sem 5),722824148122,Bhavana R,3
481,AIML,5,U23EC382,U23EC382 - Electronics & Communication Systems (Sem 5),722824148122,Bhavana R,3
482,AIML,5,U23CB593,U23CB593 - Computer Science & Business Systems (Sem 5),722824148122,Bhavana R,3
483,AIML,5,U23EC384,U23EC384 - Electronics & Communication Systems (Sem 5),722824148122,Bhavana R,3
484,AIML,5,U23CS522,U23CS522 - Computer Science & Software Systems (Sem 5),722824148122,Bhavana R,3
485,AIML,5,U23AD511,U23AD511 - Artificial Intelligence & Data Science (Sem 5),722824148108,Vidyut K,3
486,AIML,5,U23AM492,U23AM492 - Machine Learning & Neural Networks (Sem 5),722824148108,Vidyut K,3
487,AIML,5,U23AD484,U23AD484 - Artificial Intelligence & Data Science (Sem 5),722824148108,Vidyut K,3
488,AIML,5,U23IT484,U23IT484 - Information Technology & Cloud Systems (Sem 5),722824148108,Vidyut K,3
489,AIML,5,U23EC382,U23EC382 - Electronics & Communication Systems (Sem 5),722824148108,Vidyut K,3
490,AIML,5,U23CB593,U23CB593 - Computer Science & Business Systems (Sem 5),722824148108,Vidyut K,3
491,AIML,5,U23EC384,U23EC384 - Electronics & Communication Systems (Sem 5),722824148108,Vidyut K,3
492,AIML,5,U23CS522,U23CS522 - Computer Science & Software Systems (Sem 5),722824148108,Vidyut K,3
493,AIML,5,U23AD511,U23AD511 - Artificial Intelligence & Data Science (Sem 5),722824148081,Chandran B,3
494,AIML,5,U23AM492,U23AM492 - Machine Learning & Neural Networks (Sem 5),722824148081,Chandran B,3
495,AIML,5,U23AD484,U23AD484 - Artificial Intelligence & Data Science (Sem 5),722824148081,Chandran B,3
496,AIML,5,U23IT484,U23IT484 - Information Technology & Cloud Systems (Sem 5),722824148081,Chandran B,3
497,AIML,5,U23EC382,U23EC382 - Electronics & Communication Systems (Sem 5),722824148081,Chandran B,3
498,AIML,5,U23CB593,U23CB593 - Computer Science & Business Systems (Sem 5),722824148081,Chandran B,3
499,AIML,5,U23EC384,U23EC384 - Electronics & Communication Systems (Sem 5),722824148081,Chandran B,3
500,AIML,5,U23CS522,U23CS522 - Computer Science & Software Systems (Sem 5),722824148081,Chandran B,3
501,AIML,3,U23CS403,U23CS403 - Computer Science & Software Systems (Sem 3),722825148088,Chandran T,3
502,AIML,3,U23CS404,U23CS404 - Computer Science & Software Systems (Sem 3),722825148088,Chandran T,3
503,AIML,3,U23MA204,U23MA204 - Advanced Mathematics & Statistics (Sem 3),722825148088,Chandran T,3
504,AIML,3,U23CS491,U23CS491 - Computer Science & Software Systems (Sem 3),722825148088,Chandran T,3
505,AIML,3,U23AD483,U23AD483 - Artificial Intelligence & Data Science (Sem 3),722825148088,Chandran T,3
506,AIML,5,U23AD511,U23AD511 - Artificial Intelligence & Data Science (Sem 5),722824148118,Elango S,3
507,AIML,5,U23AM492,U23AM492 - Machine Learning & Neural Networks (Sem 5),722824148118,Elango S,3
508,AIML,5,U23AD484,U23AD484 - Artificial Intelligence & Data Science (Sem 5),722824148118,Elango S,3
509,AIML,5,U23IT484,U23IT484 - Information Technology & Cloud Systems (Sem 5),722824148118,Elango S,3
510,AIML,5,U23EC382,U23EC382 - Electronics & Communication Systems (Sem 5),722824148118,Elango S,3
511,AIML,5,U23CB593,U23CB593 - Computer Science & Business Systems (Sem 5),722824148118,Elango S,3
512,AIML,5,U23EC384,U23EC384 - Electronics & Communication Systems (Sem 5),722824148118,Elango S,3
513,AIML,5,U23CS522,U23CS522 - Computer Science & Software Systems (Sem 5),722824148118,Elango S,3
514,AIML,3,U23CS403,U23CS403 - Computer Science & Software Systems (Sem 3),722825148059,Rahul T,3
515,AIML,3,U23CS404,U23CS404 - Computer Science & Software Systems (Sem 3),722825148059,Rahul T,3
516,AIML,3,U23MA204,U23MA204 - Advanced Mathematics & Statistics (Sem 3),722825148059,Rahul T,3
517,AIML,3,U23CS491,U23CS491 - Computer Science & Software Systems (Sem 3),722825148059,Rahul T,3
518,AIML,3,U23AD483,U23AD483 - Artificial Intelligence & Data Science (Sem 3),722825148059,Rahul T,3
519,AIML,3,U23CS403,U23CS403 - Computer Science & Software Systems (Sem 3),722825148096,Gokul V,3
520,AIML,3,U23CS404,U23CS404 - Computer Science & Software Systems (Sem 3),722825148096,Gokul V,3
521,AIML,3,U23MA204,U23MA204 - Advanced Mathematics & Statistics (Sem 3),722825148096,Gokul V,3
522,AIML,3,U23CS491,U23CS491 - Computer Science & Software Systems (Sem 3),722825148096,Gokul V,3
523,AIML,3,U23AD483,U23AD483 - Artificial Intelligence & Data Science (Sem 3),722825148096,Gokul V,3
524,AIML,3,U23CS403,U23CS403 - Computer Science & Software Systems (Sem 3),722825148124,Sanjay A,3
525,AIML,3,U23CS404,U23CS404 - Computer Science & Software Systems (Sem 3),722825148124,Sanjay A,3
526,AIML,3,U23MA204,U23MA204 - Advanced Mathematics & Statistics (Sem 3),722825148124,Sanjay A,3
527,AIML,3,U23CS491,U23CS491 - Computer Science & Software Systems (Sem 3),722825148124,Sanjay A,3
528,AIML,3,U23AD483,U23AD483 - Artificial Intelligence & Data Science (Sem 3),722825148124,Sanjay A,3
529,AIML,3,U23CS403,U23CS403 - Computer Science & Software Systems (Sem 3),722825148115,Naveen R,3
530,AIML,3,U23CS404,U23CS404 - Computer Science & Software Systems (Sem 3),722825148115,Naveen R,3
531,AIML,3,U23MA204,U23MA204 - Advanced Mathematics & Statistics (Sem 3),722825148115,Naveen R,3
532,AIML,3,U23CS491,U23CS491 - Computer Science & Software Systems (Sem 3),722825148115,Naveen R,3
533,AIML,3,U23AD483,U23AD483 - Artificial Intelligence & Data Science (Sem 3),722825148115,Naveen R,3
534,AIML,3,U23CS403,U23CS403 - Computer Science & Software Systems (Sem 3),722825148079,Swetha R,3
535,AIML,3,U23CS404,U23CS404 - Computer Science & Software Systems (Sem 3),722825148079,Swetha R,3
536,AIML,3,U23MA204,U23MA204 - Advanced Mathematics & Statistics (Sem 3),722825148079,Swetha R,3
537,AIML,3,U23CS491,U23CS491 - Computer Science & Software Systems (Sem 3),722825148079,Swetha R,3
538,AIML,3,U23AD483,U23AD483 - Artificial Intelligence & Data Science (Sem 3),722825148079,Swetha R,3
539,AIML,3,U23CS403,U23CS403 - Computer Science & Software Systems (Sem 3),722825148044,Karthik N,3
540,AIML,3,U23CS404,U23CS404 - Computer Science & Software Systems (Sem 3),722825148044,Karthik N,3
541,AIML,3,U23MA204,U23MA204 - Advanced Mathematics & Statistics (Sem 3),722825148044,Karthik N,3
542,AIML,3,U23CS491,U23CS491 - Computer Science & Software Systems (Sem 3),722825148044,Karthik N,3
543,AIML,3,U23AD483,U23AD483 - Artificial Intelligence & Data Science (Sem 3),722825148044,Karthik N,3
544,AIML,3,U23CS403,U23CS403 - Computer Science & Software Systems (Sem 3),722825148004,Lakshmi B,3
545,AIML,3,U23CS404,U23CS404 - Computer Science & Software Systems (Sem 3),722825148004,Lakshmi B,3
546,AIML,3,U23MA204,U23MA204 - Advanced Mathematics & Statistics (Sem 3),722825148004,Lakshmi B,3
547,AIML,3,U23CS491,U23CS491 - Computer Science & Software Systems (Sem 3),722825148004,Lakshmi B,3
548,AIML,3,U23AD483,U23AD483 - Artificial Intelligence & Data Science (Sem 3),722825148004,Lakshmi B,3
549,AIML,3,U23CS403,U23CS403 - Computer Science & Software Systems (Sem 3),722825148011,Sanjay B,3
550,AIML,3,U23CS404,U23CS404 - Computer Science & Software Systems (Sem 3),722825148011,Sanjay B,3
551,AIML,3,U23MA204,U23MA204 - Advanced Mathematics & Statistics (Sem 3),722825148011,Sanjay B,3
552,AIML,3,U23CS491,U23CS491 - Computer Science & Software Systems (Sem 3),722825148011,Sanjay B,3
553,AIML,3,U23AD483,U23AD483 - Artificial Intelligence & Data Science (Sem 3),722825148011,Sanjay B,3
554,AIML,3,U23CS403,U23CS403 - Computer Science & Software Systems (Sem 3),722825148037,Deepak R,3
555,AIML,3,U23CS404,U23CS404 - Computer Science & Software Systems (Sem 3),722825148037,Deepak R,3
556,AIML,3,U23MA204,U23MA204 - Advanced Mathematics & Statistics (Sem 3),722825148037,Deepak R,3
557,AIML,3,U23CS491,U23CS491 - Computer Science & Software Systems (Sem 3),722825148037,Deepak R,3
558,AIML,3,U23AD483,U23AD483 - Artificial Intelligence & Data Science (Sem 3),722825148037,Deepak R,3
559,AIML,3,U23CS403,U23CS403 - Computer Science & Software Systems (Sem 3),722825148051,Ishwarya K,3
560,AIML,3,U23CS404,U23CS404 - Computer Science & Software Systems (Sem 3),722825148051,Ishwarya K,3
561,AIML,3,U23MA204,U23MA204 - Advanced Mathematics & Statistics (Sem 3),722825148051,Ishwarya K,3
562,AIML,3,U23CS491,U23CS491 - Computer Science & Software Systems (Sem 3),722825148051,Ishwarya K,3
563,AIML,3,U23AD483,U23AD483 - Artificial Intelligence & Data Science (Sem 3),722825148051,Ishwarya K,3
564,AIML,3,U23CS403,U23CS403 - Computer Science & Software Systems (Sem 3),722825148057,Kavya M,3
565,AIML,3,U23CS404,U23CS404 - Computer Science & Software Systems (Sem 3),722825148057,Kavya M,3
566,AIML,3,U23MA204,U23MA204 - Advanced Mathematics & Statistics (Sem 3),722825148057,Kavya M,3
567,AIML,3,U23CS491,U23CS491 - Computer Science & Software Systems (Sem 3),722825148057,Kavya M,3
568,AIML,3,U23AD483,U23AD483 - Artificial Intelligence & Data Science (Sem 3),722825148057,Kavya M,3
569,AIML,3,U23CS403,U23CS403 - Computer Science & Software Systems (Sem 3),722825148065,Vidyut T,3
570,AIML,3,U23CS404,U23CS404 - Computer Science & Software Systems (Sem 3),722825148065,Vidyut T,3
571,AIML,3,U23MA204,U23MA204 - Advanced Mathematics & Statistics (Sem 3),722825148065,Vidyut T,3
572,AIML,3,U23CS491,U23CS491 - Computer Science & Software Systems (Sem 3),722825148065,Vidyut T,3
573,AIML,3,U23AD483,U23AD483 - Artificial Intelligence & Data Science (Sem 3),722825148065,Vidyut T,3
574,AIML,3,U23CS403,U23CS403 - Computer Science & Software Systems (Sem 3),722825148068,Ishwarya A,3
575,AIML,3,U23CS404,U23CS404 - Computer Science & Software Systems (Sem 3),722825148068,Ishwarya A,3
576,AIML,3,U23MA204,U23MA204 - Advanced Mathematics & Statistics (Sem 3),722825148068,Ishwarya A,3
577,AIML,3,U23CS491,U23CS491 - Computer Science & Software Systems (Sem 3),722825148068,Ishwarya A,3
578,AIML,3,U23AD483,U23AD483 - Artificial Intelligence & Data Science (Sem 3),722825148068,Ishwarya A,3
579,AIML,3,U23CS403,U23CS403 - Computer Science & Software Systems (Sem 3),722825148109,Ishwarya M,3
580,AIML,3,U23CS404,U23CS404 - Computer Science & Software Systems (Sem 3),722825148109,Ishwarya M,3
581,AIML,3,U23MA204,U23MA204 - Advanced Mathematics & Statistics (Sem 3),722825148109,Ishwarya M,3
582,AIML,3,U23CS491,U23CS491 - Computer Science & Software Systems (Sem 3),722825148109,Ishwarya M,3
583,AIML,3,U23AD483,U23AD483 - Artificial Intelligence & Data Science (Sem 3),722825148109,Ishwarya M,3
584,AIML,5,U23AD511,U23AD511 - Artificial Intelligence & Data Science (Sem 5),722824148013,Chandran M,3
585,AIML,5,U23AM492,U23AM492 - Machine Learning & Neural Networks (Sem 5),722824148013,Chandran M,3
586,AIML,5,U23AD484,U23AD484 - Artificial Intelligence & Data Science (Sem 5),722824148013,Chandran M,3
587,AIML,5,U23IT484,U23IT484 - Information Technology & Cloud Systems (Sem 5),722824148013,Chandran M,3
588,AIML,5,U23EC382,U23EC382 - Electronics & Communication Systems (Sem 5),722824148013,Chandran M,3
589,AIML,5,U23CB593,U23CB593 - Computer Science & Business Systems (Sem 5),722824148013,Chandran M,3
590,AIML,5,U23EC384,U23EC384 - Electronics & Communication Systems (Sem 5),722824148013,Chandran M,3
591,AIML,5,U23CS522,U23CS522 - Computer Science & Software Systems (Sem 5),722824148013,Chandran M,3
592,AIML,5,U23AD511,U23AD511 - Artificial Intelligence & Data Science (Sem 5),722824148035,Ishwarya K,3
593,AIML,5,U23AM492,U23AM492 - Machine Learning & Neural Networks (Sem 5),722824148035,Ishwarya K,3
594,AIML,5,U23AD484,U23AD484 - Artificial Intelligence & Data Science (Sem 5),722824148035,Ishwarya K,3
595,AIML,5,U23IT484,U23IT484 - Information Technology & Cloud Systems (Sem 5),722824148035,Ishwarya K,3
596,AIML,5,U23EC382,U23EC382 - Electronics & Communication Systems (Sem 5),722824148035,Ishwarya K,3
597,AIML,5,U23CB593,U23CB593 - Computer Science & Business Systems (Sem 5),722824148035,Ishwarya K,3
598,AIML,5,U23EC384,U23EC384 - Electronics & Communication Systems (Sem 5),722824148035,Ishwarya K,3
599,AIML,5,U23CS522,U23CS522 - Computer Science & Software Systems (Sem 5),722824148035,Ishwarya K,3
600,AIML,5,U23AD511,U23AD511 - Artificial Intelligence & Data Science (Sem 5),722824148058,Bhavana P,3
601,AIML,5,U23AM492,U23AM492 - Machine Learning & Neural Networks (Sem 5),722824148058,Bhavana P,3
602,AIML,5,U23AD484,U23AD484 - Artificial Intelligence & Data Science (Sem 5),722824148058,Bhavana P,3
603,AIML,5,U23IT484,U23IT484 - Information Technology & Cloud Systems (Sem 5),722824148058,Bhavana P,3
604,AIML,5,U23EC382,U23EC382 - Electronics & Communication Systems (Sem 5),722824148058,Bhavana P,3
605,AIML,5,U23CB593,U23CB593 - Computer Science & Business Systems (Sem 5),722824148058,Bhavana P,3
606,AIML,5,U23EC384,U23EC384 - Electronics & Communication Systems (Sem 5),722824148058,Bhavana P,3
607,AIML,5,U23CS522,U23CS522 - Computer Science & Software Systems (Sem 5),722824148058,Bhavana P,3
608,AIML,5,U23AD511,U23AD511 - Artificial Intelligence & Data Science (Sem 5),722824148079,Chandran T,3
609,AIML,5,U23AM492,U23AM492 - Machine Learning & Neural Networks (Sem 5),722824148079,Chandran T,3
610,AIML,5,U23AD484,U23AD484 - Artificial Intelligence & Data Science (Sem 5),722824148079,Chandran T,3
611,AIML,5,U23IT484,U23IT484 - Information Technology & Cloud Systems (Sem 5),722824148079,Chandran T,3
612,AIML,5,U23EC382,U23EC382 - Electronics & Communication Systems (Sem 5),722824148079,Chandran T,3
613,AIML,5,U23CB593,U23CB593 - Computer Science & Business Systems (Sem 5),722824148079,Chandran T,3
614,AIML,5,U23EC384,U23EC384 - Electronics & Communication Systems (Sem 5),722824148079,Chandran T,3
615,AIML,5,U23CS522,U23CS522 - Computer Science & Software Systems (Sem 5),722824148079,Chandran T,3
616,AIML,5,U23AD511,U23AD511 - Artificial Intelligence & Data Science (Sem 5),722824148301,Ishwarya V,3
617,AIML,5,U23AM492,U23AM492 - Machine Learning & Neural Networks (Sem 5),722824148301,Ishwarya V,3
618,AIML,5,U23AD484,U23AD484 - Artificial Intelligence & Data Science (Sem 5),722824148301,Ishwarya V,3
619,AIML,5,U23IT484,U23IT484 - Information Technology & Cloud Systems (Sem 5),722824148301,Ishwarya V,3
620,AIML,5,U23EC382,U23EC382 - Electronics & Communication Systems (Sem 5),722824148301,Ishwarya V,3
621,AIML,5,U23CB593,U23CB593 - Computer Science & Business Systems (Sem 5),722824148301,Ishwarya V,3
622,AIML,5,U23EC384,U23EC384 - Electronics & Communication Systems (Sem 5),722824148301,Ishwarya V,3
623,AIML,5,U23CS522,U23CS522 - Computer Science & Software Systems (Sem 5),722824148301,Ishwarya V,3
624,AIML,5,U23AD511,U23AD511 - Artificial Intelligence & Data Science (Sem 5),722824148302,Rahul R,3
625,AIML,5,U23AM492,U23AM492 - Machine Learning & Neural Networks (Sem 5),722824148302,Rahul R,3
626,AIML,5,U23AD484,U23AD484 - Artificial Intelligence & Data Science (Sem 5),722824148302,Rahul R,3
627,AIML,5,U23IT484,U23IT484 - Information Technology & Cloud Systems (Sem 5),722824148302,Rahul R,3
628,AIML,5,U23EC382,U23EC382 - Electronics & Communication Systems (Sem 5),722824148302,Rahul R,3
629,AIML,5,U23CB593,U23CB593 - Computer Science & Business Systems (Sem 5),722824148302,Rahul R,3
630,AIML,5,U23EC384,U23EC384 - Electronics & Communication Systems (Sem 5),722824148302,Rahul R,3
631,AIML,5,U23CS522,U23CS522 - Computer Science & Software Systems (Sem 5),722824148302,Rahul R,3
632,AIML,5,U23AD511,U23AD511 - Artificial Intelligence & Data Science (Sem 5),722824148303,Swetha S,3
633,AIML,5,U23AM492,U23AM492 - Machine Learning & Neural Networks (Sem 5),722824148303,Swetha S,3
634,AIML,5,U23AD484,U23AD484 - Artificial Intelligence & Data Science (Sem 5),722824148303,Swetha S,3
635,AIML,5,U23IT484,U23IT484 - Information Technology & Cloud Systems (Sem 5),722824148303,Swetha S,3
636,AIML,5,U23EC382,U23EC382 - Electronics & Communication Systems (Sem 5),722824148303,Swetha S,3
637,AIML,5,U23CB593,U23CB593 - Computer Science & Business Systems (Sem 5),722824148303,Swetha S,3
638,AIML,5,U23EC384,U23EC384 - Electronics & Communication Systems (Sem 5),722824148303,Swetha S,3
639,AIML,5,U23CS522,U23CS522 - Computer Science & Software Systems (Sem 5),722824148303,Swetha S,3
640,AIML,5,U23AD511,U23AD511 - Artificial Intelligence & Data Science (Sem 5),722824148075,Vidyut A,3
641,AIML,5,U23AM492,U23AM492 - Machine Learning & Neural Networks (Sem 5),722824148075,Vidyut A,3
642,AIML,5,U23AD484,U23AD484 - Artificial Intelligence & Data Science (Sem 5),722824148075,Vidyut A,3
643,AIML,5,U23IT484,U23IT484 - Information Technology & Cloud Systems (Sem 5),722824148075,Vidyut A,3
644,AIML,5,U23EC382,U23EC382 - Electronics & Communication Systems (Sem 5),722824148075,Vidyut A,3
645,AIML,5,U23CB593,U23CB593 - Computer Science & Business Systems (Sem 5),722824148075,Vidyut A,3
646,AIML,5,U23EC384,U23EC384 - Electronics & Communication Systems (Sem 5),722824148075,Vidyut A,3
647,AIML,5,U23CS522,U23CS522 - Computer Science & Software Systems (Sem 5),722824148075,Vidyut A,3
648,AIML,5,U23AD511,U23AD511 - Artificial Intelligence & Data Science (Sem 5),722824148116,Rahul R,3
649,AIML,5,U23AM492,U23AM492 - Machine Learning & Neural Networks (Sem 5),722824148116,Rahul R,3
650,AIML,5,U23AD484,U23AD484 - Artificial Intelligence & Data Science (Sem 5),722824148116,Rahul R,3
651,AIML,5,U23IT484,U23IT484 - Information Technology & Cloud Systems (Sem 5),722824148116,Rahul R,3
652,AIML,5,U23EC382,U23EC382 - Electronics & Communication Systems (Sem 5),722824148116,Rahul R,3
653,AIML,5,U23CB593,U23CB593 - Computer Science & Business Systems (Sem 5),722824148116,Rahul R,3
654,AIML,5,U23EC384,U23EC384 - Electronics & Communication Systems (Sem 5),722824148116,Rahul R,3
655,AIML,5,U23CS522,U23CS522 - Computer Science & Software Systems (Sem 5),722824148116,Rahul R,3
656,AIML,5,U23AD511,U23AD511 - Artificial Intelligence & Data Science (Sem 5),722824148066,Rahul N,3
657,AIML,5,U23AM492,U23AM492 - Machine Learning & Neural Networks (Sem 5),722824148066,Rahul N,3
658,AIML,5,U23AD484,U23AD484 - Artificial Intelligence & Data Science (Sem 5),722824148066,Rahul N,3
659,AIML,5,U23IT484,U23IT484 - Information Technology & Cloud Systems (Sem 5),722824148066,Rahul N,3
660,AIML,5,U23EC382,U23EC382 - Electronics & Communication Systems (Sem 5),722824148066,Rahul N,3
661,AIML,5,U23CB593,U23CB593 - Computer Science & Business Systems (Sem 5),722824148066,Rahul N,3
662,AIML,5,U23EC384,U23EC384 - Electronics & Communication Systems (Sem 5),722824148066,Rahul N,3
663,AIML,5,U23CS522,U23CS522 - Computer Science & Software Systems (Sem 5),722824148066,Rahul N,3
664,AIML,5,U23AD511,U23AD511 - Artificial Intelligence & Data Science (Sem 5),722824148103,Harini K,3
665,AIML,5,U23AM492,U23AM492 - Machine Learning & Neural Networks (Sem 5),722824148103,Harini K,3
666,AIML,5,U23AD484,U23AD484 - Artificial Intelligence & Data Science (Sem 5),722824148103,Harini K,3
667,AIML,5,U23IT484,U23IT484 - Information Technology & Cloud Systems (Sem 5),722824148103,Harini K,3
668,AIML,5,U23EC382,U23EC382 - Electronics & Communication Systems (Sem 5),722824148103,Harini K,3
669,AIML,5,U23CB593,U23CB593 - Computer Science & Business Systems (Sem 5),722824148103,Harini K,3
670,AIML,5,U23EC384,U23EC384 - Electronics & Communication Systems (Sem 5),722824148103,Harini K,3
671,AIML,5,U23CS522,U23CS522 - Computer Science & Software Systems (Sem 5),722824148103,Harini K,3
672,AIML,5,U23AD511,U23AD511 - Artificial Intelligence & Data Science (Sem 5),722824148065,Deepak N,3
673,AIML,5,U23AM492,U23AM492 - Machine Learning & Neural Networks (Sem 5),722824148065,Deepak N,3
674,AIML,5,U23AD484,U23AD484 - Artificial Intelligence & Data Science (Sem 5),722824148065,Deepak N,3
675,AIML,5,U23IT484,U23IT484 - Information Technology & Cloud Systems (Sem 5),722824148065,Deepak N,3
676,AIML,5,U23EC382,U23EC382 - Electronics & Communication Systems (Sem 5),722824148065,Deepak N,3
677,AIML,5,U23CB593,U23CB593 - Computer Science & Business Systems (Sem 5),722824148065,Deepak N,3
678,AIML,5,U23EC384,U23EC384 - Electronics & Communication Systems (Sem 5),722824148065,Deepak N,3
679,AIML,5,U23CS522,U23CS522 - Computer Science & Software Systems (Sem 5),722824148065,Deepak N,3
680,AIML,7,U23CB103,U23CB103 - Computer Science & Business Systems (Sem 7),722823148010,Lakshmi N,3
681,AIML,7,U23CB104,U23CB104 - Computer Science & Business Systems (Sem 7),722823148010,Lakshmi N,3
682,AIML,7,U23CS522,U23CS522 - Computer Science & Software Systems (Sem 7),722823148010,Lakshmi N,3
683,AIML,7,U23IT483,U23IT483 - Information Technology & Cloud Systems (Sem 7),722823148010,Lakshmi N,3
684,AIML,7,U23OME07,U23OME07 - AIML Core Subject (Sem 7),722823148010,Lakshmi N,3
685,AIML,7,U23AD511,U23AD511 - Artificial Intelligence & Data Science (Sem 7),722823148010,Lakshmi N,3
686,AIML,7,U23CB103,U23CB103 - Computer Science & Business Systems (Sem 7),722823148048,Naveen B,3
687,AIML,7,U23CB104,U23CB104 - Computer Science & Business Systems (Sem 7),722823148048,Naveen B,3
688,AIML,7,U23CS522,U23CS522 - Computer Science & Software Systems (Sem 7),722823148048,Naveen B,3
689,AIML,7,U23IT483,U23IT483 - Information Technology & Cloud Systems (Sem 7),722823148048,Naveen B,3
690,AIML,7,U23OME07,U23OME07 - AIML Core Subject (Sem 7),722823148048,Naveen B,3
691,AIML,7,U23AD511,U23AD511 - Artificial Intelligence & Data Science (Sem 7),722823148048,Naveen B,3
692,AIML,7,U23CB103,U23CB103 - Computer Science & Business Systems (Sem 7),722823148051,Bhavana K,3
693,AIML,7,U23CB104,U23CB104 - Computer Science & Business Systems (Sem 7),722823148051,Bhavana K,3
694,AIML,7,U23CS522,U23CS522 - Computer Science & Software Systems (Sem 7),722823148051,Bhavana K,3
695,AIML,7,U23IT483,U23IT483 - Information Technology & Cloud Systems (Sem 7),722823148051,Bhavana K,3
696,AIML,7,U23OME07,U23OME07 - AIML Core Subject (Sem 7),722823148051,Bhavana K,3
697,AIML,7,U23AD511,U23AD511 - Artificial Intelligence & Data Science (Sem 7),722823148051,Bhavana K,3
698,AIML,7,U23CB103,U23CB103 - Computer Science & Business Systems (Sem 7),722823148056,Bhavana N,3
699,AIML,7,U23CB104,U23CB104 - Computer Science & Business Systems (Sem 7),722823148056,Bhavana N,3
700,AIML,7,U23CS522,U23CS522 - Computer Science & Software Systems (Sem 7),722823148056,Bhavana N,3
701,AIML,7,U23IT483,U23IT483 - Information Technology & Cloud Systems (Sem 7),722823148056,Bhavana N,3
702,AIML,7,U23OME07,U23OME07 - AIML Core Subject (Sem 7),722823148056,Bhavana N,3
703,AIML,7,U23AD511,U23AD511 - Artificial Intelligence & Data Science (Sem 7),722823148056,Bhavana N,3
704,CCE,3,U23MA207,U23MA207 - Advanced Mathematics & Statistics (Sem 3),722825134052,Kavya K,3
705,CCE,3,U23CS403,U23CS403 - Computer Science & Software Systems (Sem 3),722825134052,Kavya K,3
706,CCE,3,U23CS404,U23CS404 - Computer Science & Software Systems (Sem 3),722825134052,Kavya K,3
707,CCE,3,U23EC382,U23EC382 - Electronics & Communication Systems (Sem 3),722825134052,Kavya K,3
708,CCE,3,U23CS491,U23CS491 - Computer Science & Software Systems (Sem 3),722825134052,Kavya K,3
709,CCE,7,U23CB103,U23CB103 - Computer Science & Business Systems (Sem 7),722823134014,Ishwarya R,3
710,CCE,7,U23CB104,U23CB104 - Computer Science & Business Systems (Sem 7),722823134014,Ishwarya R,3
711,CCE,7,U23CC583,U23CC583 - Cloud Computing & Cyber Security (Sem 7),722823134014,Ishwarya R,3
712,CCE,7,U23OME06,U23OME06 - CCE Core Subject (Sem 7),722823134014,Ishwarya R,3
713,CCE,5,U23CC401,U23CC401 - Cloud Computing & Cyber Security (Sem 5),722824134062,Harini T,3
714,CCE,5,U23CC483,U23CC483 - Cloud Computing & Cyber Security (Sem 5),722824134062,Harini T,3
715,CCE,5,U23IT402,U23IT402 - Information Technology & Cloud Systems (Sem 5),722824134062,Harini T,3
716,CCE,5,U23AM498,U23AM498 - Machine Learning & Neural Networks (Sem 5),722824134062,Harini T,3
717,CCE,5,U23CB593,U23CB593 - Computer Science & Business Systems (Sem 5),722824134062,Harini T,3
718,CCE,5,U23AD491,U23AD491 - Artificial Intelligence & Data Science (Sem 5),722824134062,Harini T,3
719,CCE,5,U23CC401,U23CC401 - Cloud Computing & Cyber Security (Sem 5),722824134501,Pavithra S,3
720,CCE,5,U23CC483,U23CC483 - Cloud Computing & Cyber Security (Sem 5),722824134501,Pavithra S,3
721,CCE,5,U23IT402,U23IT402 - Information Technology & Cloud Systems (Sem 5),722824134501,Pavithra S,3
722,CCE,5,U23AM498,U23AM498 - Machine Learning & Neural Networks (Sem 5),722824134501,Pavithra S,3
723,CCE,5,U23CB593,U23CB593 - Computer Science & Business Systems (Sem 5),722824134501,Pavithra S,3
724,CCE,5,U23AD491,U23AD491 - Artificial Intelligence & Data Science (Sem 5),722824134501,Pavithra S,3
725,CCE,5,U23CC401,U23CC401 - Cloud Computing & Cyber Security (Sem 5),722824134301,Naveen S,3
726,CCE,5,U23CC483,U23CC483 - Cloud Computing & Cyber Security (Sem 5),722824134301,Naveen S,3
727,CCE,5,U23IT402,U23IT402 - Information Technology & Cloud Systems (Sem 5),722824134301,Naveen S,3
728,CCE,5,U23AM498,U23AM498 - Machine Learning & Neural Networks (Sem 5),722824134301,Naveen S,3
729,CCE,5,U23CB593,U23CB593 - Computer Science & Business Systems (Sem 5),722824134301,Naveen S,3
730,CCE,5,U23AD491,U23AD491 - Artificial Intelligence & Data Science (Sem 5),722824134301,Naveen S,3
731,CCE,7,U23CB103,U23CB103 - Computer Science & Business Systems (Sem 7),722823134054,Jayant B,3
732,CCE,7,U23CB104,U23CB104 - Computer Science & Business Systems (Sem 7),722823134054,Jayant B,3
733,CCE,7,U23CC583,U23CC583 - Cloud Computing & Cyber Security (Sem 7),722823134054,Jayant B,3
734,CCE,7,U23OME06,U23OME06 - CCE Core Subject (Sem 7),722823134054,Jayant B,3
735,CCE,7,U23CB103,U23CB103 - Computer Science & Business Systems (Sem 7),722823134052,Ishwarya K,3
736,CCE,7,U23CB104,U23CB104 - Computer Science & Business Systems (Sem 7),722823134052,Ishwarya K,3
737,CCE,7,U23CC583,U23CC583 - Cloud Computing & Cyber Security (Sem 7),722823134052,Ishwarya K,3
738,CCE,7,U23OME06,U23OME06 - CCE Core Subject (Sem 7),722823134052,Ishwarya K,3
739,CCE,3,U23MA207,U23MA207 - Advanced Mathematics & Statistics (Sem 3),722825134022,Pavithra T,3
740,CCE,3,U23CS403,U23CS403 - Computer Science & Software Systems (Sem 3),722825134022,Pavithra T,3
741,CCE,3,U23CS404,U23CS404 - Computer Science & Software Systems (Sem 3),722825134022,Pavithra T,3
742,CCE,3,U23EC382,U23EC382 - Electronics & Communication Systems (Sem 3),722825134022,Pavithra T,3
743,CCE,3,U23CS491,U23CS491 - Computer Science & Software Systems (Sem 3),722825134022,Pavithra T,3
744,CCE,3,U23MA207,U23MA207 - Advanced Mathematics & Statistics (Sem 3),722825134015,Deepak M,3
745,CCE,3,U23CS403,U23CS403 - Computer Science & Software Systems (Sem 3),722825134015,Deepak M,3
746,CCE,3,U23CS404,U23CS404 - Computer Science & Software Systems (Sem 3),722825134015,Deepak M,3
747,CCE,3,U23EC382,U23EC382 - Electronics & Communication Systems (Sem 3),722825134015,Deepak M,3
748,CCE,3,U23CS491,U23CS491 - Computer Science & Software Systems (Sem 3),722825134015,Deepak M,3
749,CCE,5,U23CC401,U23CC401 - Cloud Computing & Cyber Security (Sem 5),722824134034,Swetha M,3
750,CCE,5,U23CC483,U23CC483 - Cloud Computing & Cyber Security (Sem 5),722824134034,Swetha M,3
751,CCE,5,U23IT402,U23IT402 - Information Technology & Cloud Systems (Sem 5),722824134034,Swetha M,3
752,CCE,5,U23AM498,U23AM498 - Machine Learning & Neural Networks (Sem 5),722824134034,Swetha M,3
753,CCE,5,U23CB593,U23CB593 - Computer Science & Business Systems (Sem 5),722824134034,Swetha M,3
754,CCE,5,U23AD491,U23AD491 - Artificial Intelligence & Data Science (Sem 5),722824134034,Swetha M,3
755,CSBS,7,U23CB582,U23CB582 - Computer Science & Business Systems (Sem 7),722823244008,Chandran R,3
756,CSBS,7,U23CB403,U23CB403 - Computer Science & Business Systems (Sem 7),722823244008,Chandran R,3
757,CSBS,7,U23CB491,U23CB491 - Computer Science & Business Systems (Sem 7),722823244008,Chandran R,3
758,CSBS,7,U23CB514,U23CB514 - Computer Science & Business Systems (Sem 7),722823244008,Chandran R,3
759,CSBS,7,U23OME07,U23OME07 - CSBS Core Subject (Sem 7),722823244008,Chandran R,3
760,CSBS,7,U23CB582,U23CB582 - Computer Science & Business Systems (Sem 7),722823244018,Gokul N,3
761,CSBS,7,U23CB403,U23CB403 - Computer Science & Business Systems (Sem 7),722823244018,Gokul N,3
762,CSBS,7,U23CB491,U23CB491 - Computer Science & Business Systems (Sem 7),722823244018,Gokul N,3
763,CSBS,7,U23CB514,U23CB514 - Computer Science & Business Systems (Sem 7),722823244018,Gokul N,3
764,CSBS,7,U23OME07,U23OME07 - CSBS Core Subject (Sem 7),722823244018,Gokul N,3
765,CSBS,3,U23MA204,U23MA204 - Advanced Mathematics & Statistics (Sem 3),722825244016,Rahul B,3
766,CSBS,3,U23CS403,U23CS403 - Computer Science & Software Systems (Sem 3),722825244016,Rahul B,3
767,CSBS,3,U23CS404,U23CS404 - Computer Science & Software Systems (Sem 3),722825244016,Rahul B,3
768,CSBS,3,U23EC382,U23EC382 - Electronics & Communication Systems (Sem 3),722825244016,Rahul B,3
769,CSBS,3,U23CS491,U23CS491 - Computer Science & Software Systems (Sem 3),722825244016,Rahul B,3
770,CSBS,3,U23MA281,U23MA281 - Advanced Mathematics & Statistics (Sem 3),722825244016,Rahul B,3
771,CSBS,3,U23MA204,U23MA204 - Advanced Mathematics & Statistics (Sem 3),722825244054,Harini N,3
772,CSBS,3,U23CS403,U23CS403 - Computer Science & Software Systems (Sem 3),722825244054,Harini N,3
773,CSBS,3,U23CS404,U23CS404 - Computer Science & Software Systems (Sem 3),722825244054,Harini N,3
774,CSBS,3,U23EC382,U23EC382 - Electronics & Communication Systems (Sem 3),722825244054,Harini N,3
775,CSBS,3,U23CS491,U23CS491 - Computer Science & Software Systems (Sem 3),722825244054,Harini N,3
776,CSBS,3,U23MA281,U23MA281 - Advanced Mathematics & Statistics (Sem 3),722825244054,Harini N,3
777,CSBS,3,U23MA204,U23MA204 - Advanced Mathematics & Statistics (Sem 3),722825244063,Bhavana S,3
778,CSBS,3,U23CS403,U23CS403 - Computer Science & Software Systems (Sem 3),722825244063,Bhavana S,3
779,CSBS,3,U23CS404,U23CS404 - Computer Science & Software Systems (Sem 3),722825244063,Bhavana S,3
780,CSBS,3,U23EC382,U23EC382 - Electronics & Communication Systems (Sem 3),722825244063,Bhavana S,3
781,CSBS,3,U23CS491,U23CS491 - Computer Science & Software Systems (Sem 3),722825244063,Bhavana S,3
782,CSBS,3,U23MA281,U23MA281 - Advanced Mathematics & Statistics (Sem 3),722825244063,Bhavana S,3
783,CSBS,7,U23CB582,U23CB582 - Computer Science & Business Systems (Sem 7),722823244033,Manoj M,3
784,CSBS,7,U23CB403,U23CB403 - Computer Science & Business Systems (Sem 7),722823244033,Manoj M,3
785,CSBS,7,U23CB491,U23CB491 - Computer Science & Business Systems (Sem 7),722823244033,Manoj M,3
786,CSBS,7,U23CB514,U23CB514 - Computer Science & Business Systems (Sem 7),722823244033,Manoj M,3
787,CSBS,7,U23OME07,U23OME07 - CSBS Core Subject (Sem 7),722823244033,Manoj M,3
788,CSBS,5,U23CB582,U23CB582 - Computer Science & Business Systems (Sem 5),722824244036,Manoj V,3
789,CSBS,5,U23CS405,U23CS405 - Computer Science & Software Systems (Sem 5),722824244036,Manoj V,3
790,CSBS,5,U23OEC84,U23OEC84 - CSBS Core Subject (Sem 5),722824244036,Manoj V,3
791,CSBS,5,U23IT402,U23IT402 - Information Technology & Cloud Systems (Sem 5),722824244036,Manoj V,3
792,CSBS,5,U23AM495,U23AM495 - Machine Learning & Neural Networks (Sem 5),722824244036,Manoj V,3
793,CSBS,5,U23CB593,U23CB593 - Computer Science & Business Systems (Sem 5),722824244036,Manoj V,3
794,CSBS,5,U23IT481,U23IT481 - Information Technology & Cloud Systems (Sem 5),722824244036,Manoj V,3
795,CSBS,5,U23CB514,U23CB514 - Computer Science & Business Systems (Sem 5),722824244036,Manoj V,3
796,CSBS,5,U23CB582,U23CB582 - Computer Science & Business Systems (Sem 5),722824244040,Pavithra V,3
797,CSBS,5,U23CS405,U23CS405 - Computer Science & Software Systems (Sem 5),722824244040,Pavithra V,3
798,CSBS,5,U23OEC84,U23OEC84 - CSBS Core Subject (Sem 5),722824244040,Pavithra V,3
799,CSBS,5,U23IT402,U23IT402 - Information Technology & Cloud Systems (Sem 5),722824244040,Pavithra V,3
800,CSBS,5,U23AM495,U23AM495 - Machine Learning & Neural Networks (Sem 5),722824244040,Pavithra V,3
801,CSBS,5,U23CB593,U23CB593 - Computer Science & Business Systems (Sem 5),722824244040,Pavithra V,3
802,CSBS,5,U23IT481,U23IT481 - Information Technology & Cloud Systems (Sem 5),722824244040,Pavithra V,3
803,CSBS,5,U23CB514,U23CB514 - Computer Science & Business Systems (Sem 5),722824244040,Pavithra V,3
804,CSBS,5,U23CB582,U23CB582 - Computer Science & Business Systems (Sem 5),722824244046,Naveen T,3
805,CSBS,5,U23CS405,U23CS405 - Computer Science & Software Systems (Sem 5),722824244046,Naveen T,3
806,CSBS,5,U23OEC84,U23OEC84 - CSBS Core Subject (Sem 5),722824244046,Naveen T,3
807,CSBS,5,U23IT402,U23IT402 - Information Technology & Cloud Systems (Sem 5),722824244046,Naveen T,3
808,CSBS,5,U23AM495,U23AM495 - Machine Learning & Neural Networks (Sem 5),722824244046,Naveen T,3
809,CSBS,5,U23CB593,U23CB593 - Computer Science & Business Systems (Sem 5),722824244046,Naveen T,3
810,CSBS,5,U23IT481,U23IT481 - Information Technology & Cloud Systems (Sem 5),722824244046,Naveen T,3
811,CSBS,5,U23CB514,U23CB514 - Computer Science & Business Systems (Sem 5),722824244046,Naveen T,3
812,CSBS,3,U23MA204,U23MA204 - Advanced Mathematics & Statistics (Sem 3),722825244015,Rahul S,3
813,CSBS,3,U23CS403,U23CS403 - Computer Science & Software Systems (Sem 3),722825244015,Rahul S,3
814,CSBS,3,U23CS404,U23CS404 - Computer Science & Software Systems (Sem 3),722825244015,Rahul S,3
815,CSBS,3,U23EC382,U23EC382 - Electronics & Communication Systems (Sem 3),722825244015,Rahul S,3
816,CSBS,3,U23CS491,U23CS491 - Computer Science & Software Systems (Sem 3),722825244015,Rahul S,3
817,CSBS,3,U23MA281,U23MA281 - Advanced Mathematics & Statistics (Sem 3),722825244015,Rahul S,3
818,CSBS,3,U23MA204,U23MA204 - Advanced Mathematics & Statistics (Sem 3),722825244032,Harini V,3
819,CSBS,3,U23CS403,U23CS403 - Computer Science & Software Systems (Sem 3),722825244032,Harini V,3
820,CSBS,3,U23CS404,U23CS404 - Computer Science & Software Systems (Sem 3),722825244032,Harini V,3
821,CSBS,3,U23EC382,U23EC382 - Electronics & Communication Systems (Sem 3),722825244032,Harini V,3
822,CSBS,3,U23CS491,U23CS491 - Computer Science & Software Systems (Sem 3),722825244032,Harini V,3
823,CSBS,3,U23MA281,U23MA281 - Advanced Mathematics & Statistics (Sem 3),722825244032,Harini V,3
824,CSBS,3,U23MA204,U23MA204 - Advanced Mathematics & Statistics (Sem 3),722825244004,Harini M,3
825,CSBS,3,U23CS403,U23CS403 - Computer Science & Software Systems (Sem 3),722825244004,Harini M,3
826,CSBS,3,U23CS404,U23CS404 - Computer Science & Software Systems (Sem 3),722825244004,Harini M,3
827,CSBS,3,U23EC382,U23EC382 - Electronics & Communication Systems (Sem 3),722825244004,Harini M,3
828,CSBS,3,U23CS491,U23CS491 - Computer Science & Software Systems (Sem 3),722825244004,Harini M,3
829,CSBS,3,U23MA281,U23MA281 - Advanced Mathematics & Statistics (Sem 3),722825244004,Harini M,3
830,CSBS,3,U23MA204,U23MA204 - Advanced Mathematics & Statistics (Sem 3),722825244046,Vidyut T,3
831,CSBS,3,U23CS403,U23CS403 - Computer Science & Software Systems (Sem 3),722825244046,Vidyut T,3
832,CSBS,3,U23CS404,U23CS404 - Computer Science & Software Systems (Sem 3),722825244046,Vidyut T,3
833,CSBS,3,U23EC382,U23EC382 - Electronics & Communication Systems (Sem 3),722825244046,Vidyut T,3
834,CSBS,3,U23CS491,U23CS491 - Computer Science & Software Systems (Sem 3),722825244046,Vidyut T,3
835,CSBS,3,U23MA281,U23MA281 - Advanced Mathematics & Statistics (Sem 3),722825244046,Vidyut T,3
836,CSBS,3,U23MA204,U23MA204 - Advanced Mathematics & Statistics (Sem 3),722825244013,Bhavana P,3
837,CSBS,3,U23CS403,U23CS403 - Computer Science & Software Systems (Sem 3),722825244013,Bhavana P,3
838,CSBS,3,U23CS404,U23CS404 - Computer Science & Software Systems (Sem 3),722825244013,Bhavana P,3
839,CSBS,3,U23EC382,U23EC382 - Electronics & Communication Systems (Sem 3),722825244013,Bhavana P,3
840,CSBS,3,U23CS491,U23CS491 - Computer Science & Software Systems (Sem 3),722825244013,Bhavana P,3
841,CSBS,3,U23MA281,U23MA281 - Advanced Mathematics & Statistics (Sem 3),722825244013,Bhavana P,3
842,CSBS,5,U23CB582,U23CB582 - Computer Science & Business Systems (Sem 5),722824244029,Bhavana M,3
843,CSBS,5,U23CS405,U23CS405 - Computer Science & Software Systems (Sem 5),722824244029,Bhavana M,3
844,CSBS,5,U23OEC84,U23OEC84 - CSBS Core Subject (Sem 5),722824244029,Bhavana M,3
845,CSBS,5,U23IT402,U23IT402 - Information Technology & Cloud Systems (Sem 5),722824244029,Bhavana M,3
846,CSBS,5,U23AM495,U23AM495 - Machine Learning & Neural Networks (Sem 5),722824244029,Bhavana M,3
847,CSBS,5,U23CB593,U23CB593 - Computer Science & Business Systems (Sem 5),722824244029,Bhavana M,3
848,CSBS,5,U23IT481,U23IT481 - Information Technology & Cloud Systems (Sem 5),722824244029,Bhavana M,3
849,CSBS,5,U23CB514,U23CB514 - Computer Science & Business Systems (Sem 5),722824244029,Bhavana M,3
850,CSBS,5,U23CB582,U23CB582 - Computer Science & Business Systems (Sem 5),722824244010,Vidyut B,3
851,CSBS,5,U23CS405,U23CS405 - Computer Science & Software Systems (Sem 5),722824244010,Vidyut B,3
852,CSBS,5,U23OEC84,U23OEC84 - CSBS Core Subject (Sem 5),722824244010,Vidyut B,3
853,CSBS,5,U23IT402,U23IT402 - Information Technology & Cloud Systems (Sem 5),722824244010,Vidyut B,3
854,CSBS,5,U23AM495,U23AM495 - Machine Learning & Neural Networks (Sem 5),722824244010,Vidyut B,3
855,CSBS,5,U23CB593,U23CB593 - Computer Science & Business Systems (Sem 5),722824244010,Vidyut B,3
856,CSBS,5,U23IT481,U23IT481 - Information Technology & Cloud Systems (Sem 5),722824244010,Vidyut B,3
857,CSBS,5,U23CB514,U23CB514 - Computer Science & Business Systems (Sem 5),722824244010,Vidyut B,3
858,CSBS,5,U23CB582,U23CB582 - Computer Science & Business Systems (Sem 5),722824244301,Sanjay T,3
859,CSBS,5,U23CS405,U23CS405 - Computer Science & Software Systems (Sem 5),722824244301,Sanjay T,3
860,CSBS,5,U23OEC84,U23OEC84 - CSBS Core Subject (Sem 5),722824244301,Sanjay T,3
861,CSBS,5,U23IT402,U23IT402 - Information Technology & Cloud Systems (Sem 5),722824244301,Sanjay T,3
862,CSBS,5,U23AM495,U23AM495 - Machine Learning & Neural Networks (Sem 5),722824244301,Sanjay T,3
863,CSBS,5,U23CB593,U23CB593 - Computer Science & Business Systems (Sem 5),722824244301,Sanjay T,3
864,CSBS,5,U23IT481,U23IT481 - Information Technology & Cloud Systems (Sem 5),722824244301,Sanjay T,3
865,CSBS,5,U23CB514,U23CB514 - Computer Science & Business Systems (Sem 5),722824244301,Sanjay T,3
866,CSE,7,U23CB103,U23CB103 - Computer Science & Business Systems (Sem 7),722823104131,Gokul M,3
867,CSE,7,U23CB104,U23CB104 - Computer Science & Business Systems (Sem 7),722823104131,Gokul M,3
868,CSE,7,U23IT483,U23IT483 - Information Technology & Cloud Systems (Sem 7),722823104131,Gokul M,3
869,CSE,7,U23CS531,U23CS531 - Computer Science & Software Systems (Sem 7),722823104131,Gokul M,3
870,CSE,7,U23OEC84,U23OEC84 - CSE Core Subject (Sem 7),722823104131,Gokul M,3
871,CSE,3,U23MA204,U23MA204 - Advanced Mathematics & Statistics (Sem 3),722825104035,Sanjay K,3
872,CSE,3,U23CS403,U23CS403 - Computer Science & Software Systems (Sem 3),722825104035,Sanjay K,3
873,CSE,3,U23CS404,U23CS404 - Computer Science & Software Systems (Sem 3),722825104035,Sanjay K,3
874,CSE,3,U23AM495,U23AM495 - Machine Learning & Neural Networks (Sem 3),722825104035,Sanjay K,3
875,CSE,3,U23CS491,U23CS491 - Computer Science & Software Systems (Sem 3),722825104035,Sanjay K,3
876,CSE,3,U23IT481,U23IT481 - Information Technology & Cloud Systems (Sem 3),722825104035,Sanjay K,3
877,CSE,3,U23MA204,U23MA204 - Advanced Mathematics & Statistics (Sem 3),722825104062,Gokul K,3
878,CSE,3,U23CS403,U23CS403 - Computer Science & Software Systems (Sem 3),722825104062,Gokul K,3
879,CSE,3,U23CS404,U23CS404 - Computer Science & Software Systems (Sem 3),722825104062,Gokul K,3
880,CSE,3,U23AM495,U23AM495 - Machine Learning & Neural Networks (Sem 3),722825104062,Gokul K,3
881,CSE,3,U23CS491,U23CS491 - Computer Science & Software Systems (Sem 3),722825104062,Gokul K,3
882,CSE,3,U23IT481,U23IT481 - Information Technology & Cloud Systems (Sem 3),722825104062,Gokul K,3
883,CSE,3,U23MA204,U23MA204 - Advanced Mathematics & Statistics (Sem 3),722825104133,Yash K,3
884,CSE,3,U23CS403,U23CS403 - Computer Science & Software Systems (Sem 3),722825104133,Yash K,3
885,CSE,3,U23CS404,U23CS404 - Computer Science & Software Systems (Sem 3),722825104133,Yash K,3
886,CSE,3,U23AM495,U23AM495 - Machine Learning & Neural Networks (Sem 3),722825104133,Yash K,3
887,CSE,3,U23CS491,U23CS491 - Computer Science & Software Systems (Sem 3),722825104133,Yash K,3
888,CSE,3,U23IT481,U23IT481 - Information Technology & Cloud Systems (Sem 3),722825104133,Yash K,3
889,CSE,3,U23MA204,U23MA204 - Advanced Mathematics & Statistics (Sem 3),722825104063,Ishwarya N,3
890,CSE,3,U23CS403,U23CS403 - Computer Science & Software Systems (Sem 3),722825104063,Ishwarya N,3
891,CSE,3,U23CS404,U23CS404 - Computer Science & Software Systems (Sem 3),722825104063,Ishwarya N,3
892,CSE,3,U23AM495,U23AM495 - Machine Learning & Neural Networks (Sem 3),722825104063,Ishwarya N,3
893,CSE,3,U23CS491,U23CS491 - Computer Science & Software Systems (Sem 3),722825104063,Ishwarya N,3
894,CSE,3,U23IT481,U23IT481 - Information Technology & Cloud Systems (Sem 3),722825104063,Ishwarya N,3
895,CSE,3,U23MA204,U23MA204 - Advanced Mathematics & Statistics (Sem 3),722825104155,Deepak A,3
896,CSE,3,U23CS403,U23CS403 - Computer Science & Software Systems (Sem 3),722825104155,Deepak A,3
897,CSE,3,U23CS404,U23CS404 - Computer Science & Software Systems (Sem 3),722825104155,Deepak A,3
898,CSE,3,U23AM495,U23AM495 - Machine Learning & Neural Networks (Sem 3),722825104155,Deepak A,3
899,CSE,3,U23CS491,U23CS491 - Computer Science & Software Systems (Sem 3),722825104155,Deepak A,3
900,CSE,3,U23IT481,U23IT481 - Information Technology & Cloud Systems (Sem 3),722825104155,Deepak A,3
901,CSE,3,U23MA204,U23MA204 - Advanced Mathematics & Statistics (Sem 3),722825104184,Ishwarya A,3
902,CSE,3,U23CS403,U23CS403 - Computer Science & Software Systems (Sem 3),722825104184,Ishwarya A,3
903,CSE,3,U23CS404,U23CS404 - Computer Science & Software Systems (Sem 3),722825104184,Ishwarya A,3
904,CSE,3,U23AM495,U23AM495 - Machine Learning & Neural Networks (Sem 3),722825104184,Ishwarya A,3
905,CSE,3,U23CS491,U23CS491 - Computer Science & Software Systems (Sem 3),722825104184,Ishwarya A,3
906,CSE,3,U23IT481,U23IT481 - Information Technology & Cloud Systems (Sem 3),722825104184,Ishwarya A,3
907,CSE,3,U23MA204,U23MA204 - Advanced Mathematics & Statistics (Sem 3),722825104240,Yash M,3
908,CSE,3,U23CS403,U23CS403 - Computer Science & Software Systems (Sem 3),722825104240,Yash M,3
909,CSE,3,U23CS404,U23CS404 - Computer Science & Software Systems (Sem 3),722825104240,Yash M,3
910,CSE,3,U23AM495,U23AM495 - Machine Learning & Neural Networks (Sem 3),722825104240,Yash M,3
911,CSE,3,U23CS491,U23CS491 - Computer Science & Software Systems (Sem 3),722825104240,Yash M,3
912,CSE,3,U23IT481,U23IT481 - Information Technology & Cloud Systems (Sem 3),722825104240,Yash M,3
913,CSE,3,U23MA204,U23MA204 - Advanced Mathematics & Statistics (Sem 3),722825104215,Yash K,3
914,CSE,3,U23CS403,U23CS403 - Computer Science & Software Systems (Sem 3),722825104215,Yash K,3
915,CSE,3,U23CS404,U23CS404 - Computer Science & Software Systems (Sem 3),722825104215,Yash K,3
916,CSE,3,U23AM495,U23AM495 - Machine Learning & Neural Networks (Sem 3),722825104215,Yash K,3
917,CSE,3,U23CS491,U23CS491 - Computer Science & Software Systems (Sem 3),722825104215,Yash K,3
918,CSE,3,U23IT481,U23IT481 - Information Technology & Cloud Systems (Sem 3),722825104215,Yash K,3
919,CSE,3,U23MA204,U23MA204 - Advanced Mathematics & Statistics (Sem 3),722825104231,Naveen A,3
920,CSE,3,U23CS403,U23CS403 - Computer Science & Software Systems (Sem 3),722825104231,Naveen A,3
921,CSE,3,U23CS404,U23CS404 - Computer Science & Software Systems (Sem 3),722825104231,Naveen A,3
922,CSE,3,U23AM495,U23AM495 - Machine Learning & Neural Networks (Sem 3),722825104231,Naveen A,3
923,CSE,3,U23CS491,U23CS491 - Computer Science & Software Systems (Sem 3),722825104231,Naveen A,3
924,CSE,3,U23IT481,U23IT481 - Information Technology & Cloud Systems (Sem 3),722825104231,Naveen A,3
925,CSE,7,U23CB103,U23CB103 - Computer Science & Business Systems (Sem 7),722823104156,Vidyut T,3
926,CSE,7,U23CB104,U23CB104 - Computer Science & Business Systems (Sem 7),722823104156,Vidyut T,3
927,CSE,7,U23IT483,U23IT483 - Information Technology & Cloud Systems (Sem 7),722823104156,Vidyut T,3
928,CSE,7,U23CS531,U23CS531 - Computer Science & Software Systems (Sem 7),722823104156,Vidyut T,3
929,CSE,7,U23OEC84,U23OEC84 - CSE Core Subject (Sem 7),722823104156,Vidyut T,3
930,CSE,5,U23CS405,U23CS405 - Computer Science & Software Systems (Sem 5),722824104126,Kavya V,3
931,CSE,5,U23EC383,U23EC383 - Electronics & Communication Systems (Sem 5),722824104126,Kavya V,3
932,CSE,5,U23CS584,U23CS584 - Computer Science & Software Systems (Sem 5),722824104126,Kavya V,3
933,CSE,5,U23CS591,U23CS591 - Computer Science & Software Systems (Sem 5),722824104126,Kavya V,3
934,CSE,5,U23CC583,U23CC583 - Cloud Computing & Cyber Security (Sem 5),722824104126,Kavya V,3
935,CSE,5,U23IT593,U23IT593 - Information Technology & Cloud Systems (Sem 5),722824104126,Kavya V,3
936,CSE,5,U23EC382,U23EC382 - Electronics & Communication Systems (Sem 5),722824104126,Kavya V,3
937,CSE,5,U23CB593,U23CB593 - Computer Science & Business Systems (Sem 5),722824104126,Kavya V,3
938,CSE,5,U23AD491,U23AD491 - Artificial Intelligence & Data Science (Sem 5),722824104126,Kavya V,3
939,CSE,7,U23CB103,U23CB103 - Computer Science & Business Systems (Sem 7),722823104096,Harini P,3
940,CSE,7,U23CB104,U23CB104 - Computer Science & Business Systems (Sem 7),722823104096,Harini P,3
941,CSE,7,U23IT483,U23IT483 - Information Technology & Cloud Systems (Sem 7),722823104096,Harini P,3
942,CSE,7,U23CS531,U23CS531 - Computer Science & Software Systems (Sem 7),722823104096,Harini P,3
943,CSE,7,U23OEC84,U23OEC84 - CSE Core Subject (Sem 7),722823104096,Harini P,3
944,CSE,7,U23CB103,U23CB103 - Computer Science & Business Systems (Sem 7),722823104173,Ishwarya V,3
945,CSE,7,U23CB104,U23CB104 - Computer Science & Business Systems (Sem 7),722823104173,Ishwarya V,3
946,CSE,7,U23IT483,U23IT483 - Information Technology & Cloud Systems (Sem 7),722823104173,Ishwarya V,3
947,CSE,7,U23CS531,U23CS531 - Computer Science & Software Systems (Sem 7),722823104173,Ishwarya V,3
948,CSE,7,U23OEC84,U23OEC84 - CSE Core Subject (Sem 7),722823104173,Ishwarya V,3
949,CSE,5,U23CS405,U23CS405 - Computer Science & Software Systems (Sem 5),722824104309,Manoj S,3
950,CSE,5,U23EC383,U23EC383 - Electronics & Communication Systems (Sem 5),722824104309,Manoj S,3
951,CSE,5,U23CS584,U23CS584 - Computer Science & Software Systems (Sem 5),722824104309,Manoj S,3
952,CSE,5,U23CS591,U23CS591 - Computer Science & Software Systems (Sem 5),722824104309,Manoj S,3
953,CSE,5,U23CC583,U23CC583 - Cloud Computing & Cyber Security (Sem 5),722824104309,Manoj S,3
954,CSE,5,U23IT593,U23IT593 - Information Technology & Cloud Systems (Sem 5),722824104309,Manoj S,3
955,CSE,5,U23EC382,U23EC382 - Electronics & Communication Systems (Sem 5),722824104309,Manoj S,3
956,CSE,5,U23CB593,U23CB593 - Computer Science & Business Systems (Sem 5),722824104309,Manoj S,3
957,CSE,5,U23AD491,U23AD491 - Artificial Intelligence & Data Science (Sem 5),722824104309,Manoj S,3
958,CSE,7,U23CB103,U23CB103 - Computer Science & Business Systems (Sem 7),722823104099,Karthik B,3
959,CSE,7,U23CB104,U23CB104 - Computer Science & Business Systems (Sem 7),722823104099,Karthik B,3
960,CSE,7,U23IT483,U23IT483 - Information Technology & Cloud Systems (Sem 7),722823104099,Karthik B,3
961,CSE,7,U23CS531,U23CS531 - Computer Science & Software Systems (Sem 7),722823104099,Karthik B,3
962,CSE,7,U23OEC84,U23OEC84 - CSE Core Subject (Sem 7),722823104099,Karthik B,3
963,CSE,5,U23CS405,U23CS405 - Computer Science & Software Systems (Sem 5),722824104019,Kavya K,3
964,CSE,5,U23EC383,U23EC383 - Electronics & Communication Systems (Sem 5),722824104019,Kavya K,3
965,CSE,5,U23CS584,U23CS584 - Computer Science & Software Systems (Sem 5),722824104019,Kavya K,3
966,CSE,5,U23CS591,U23CS591 - Computer Science & Software Systems (Sem 5),722824104019,Kavya K,3
967,CSE,5,U23CC583,U23CC583 - Cloud Computing & Cyber Security (Sem 5),722824104019,Kavya K,3
968,CSE,5,U23IT593,U23IT593 - Information Technology & Cloud Systems (Sem 5),722824104019,Kavya K,3
969,CSE,5,U23EC382,U23EC382 - Electronics & Communication Systems (Sem 5),722824104019,Kavya K,3
970,CSE,5,U23CB593,U23CB593 - Computer Science & Business Systems (Sem 5),722824104019,Kavya K,3
971,CSE,5,U23AD491,U23AD491 - Artificial Intelligence & Data Science (Sem 5),722824104019,Kavya K,3
972,CSE,5,U23CS405,U23CS405 - Computer Science & Software Systems (Sem 5),722824104029,Aravind B,3
973,CSE,5,U23EC383,U23EC383 - Electronics & Communication Systems (Sem 5),722824104029,Aravind B,3
974,CSE,5,U23CS584,U23CS584 - Computer Science & Software Systems (Sem 5),722824104029,Aravind B,3
975,CSE,5,U23CS591,U23CS591 - Computer Science & Software Systems (Sem 5),722824104029,Aravind B,3
976,CSE,5,U23CC583,U23CC583 - Cloud Computing & Cyber Security (Sem 5),722824104029,Aravind B,3
977,CSE,5,U23IT593,U23IT593 - Information Technology & Cloud Systems (Sem 5),722824104029,Aravind B,3
978,CSE,5,U23EC382,U23EC382 - Electronics & Communication Systems (Sem 5),722824104029,Aravind B,3
979,CSE,5,U23CB593,U23CB593 - Computer Science & Business Systems (Sem 5),722824104029,Aravind B,3
980,CSE,5,U23AD491,U23AD491 - Artificial Intelligence & Data Science (Sem 5),722824104029,Aravind B,3
981,CSE,5,U23CS405,U23CS405 - Computer Science & Software Systems (Sem 5),722824104186,Yash A,3
982,CSE,5,U23EC383,U23EC383 - Electronics & Communication Systems (Sem 5),722824104186,Yash A,3
983,CSE,5,U23CS584,U23CS584 - Computer Science & Software Systems (Sem 5),722824104186,Yash A,3
984,CSE,5,U23CS591,U23CS591 - Computer Science & Software Systems (Sem 5),722824104186,Yash A,3
985,CSE,5,U23CC583,U23CC583 - Cloud Computing & Cyber Security (Sem 5),722824104186,Yash A,3
986,CSE,5,U23IT593,U23IT593 - Information Technology & Cloud Systems (Sem 5),722824104186,Yash A,3
987,CSE,5,U23EC382,U23EC382 - Electronics & Communication Systems (Sem 5),722824104186,Yash A,3
988,CSE,5,U23CB593,U23CB593 - Computer Science & Business Systems (Sem 5),722824104186,Yash A,3
989,CSE,5,U23AD491,U23AD491 - Artificial Intelligence & Data Science (Sem 5),722824104186,Yash A,3
990,CSE,5,U23CS405,U23CS405 - Computer Science & Software Systems (Sem 5),722824104222,Deepak K,3
991,CSE,5,U23EC383,U23EC383 - Electronics & Communication Systems (Sem 5),722824104222,Deepak K,3
992,CSE,5,U23CS584,U23CS584 - Computer Science & Software Systems (Sem 5),722824104222,Deepak K,3
993,CSE,5,U23CS591,U23CS591 - Computer Science & Software Systems (Sem 5),722824104222,Deepak K,3
994,CSE,5,U23CC583,U23CC583 - Cloud Computing & Cyber Security (Sem 5),722824104222,Deepak K,3
995,CSE,5,U23IT593,U23IT593 - Information Technology & Cloud Systems (Sem 5),722824104222,Deepak K,3
996,CSE,5,U23EC382,U23EC382 - Electronics & Communication Systems (Sem 5),722824104222,Deepak K,3
997,CSE,5,U23CB593,U23CB593 - Computer Science & Business Systems (Sem 5),722824104222,Deepak K,3
998,CSE,5,U23AD491,U23AD491 - Artificial Intelligence & Data Science (Sem 5),722824104222,Deepak K,3
999,CSE,3,U23MA204,U23MA204 - Advanced Mathematics & Statistics (Sem 3),722825104101,Swetha R,3
1000,CSE,3,U23CS403,U23CS403 - Computer Science & Software Systems (Sem 3),722825104101,Swetha R,3
1001,CSE,3,U23CS404,U23CS404 - Computer Science & Software Systems (Sem 3),722825104101,Swetha R,3
1002,CSE,3,U23AM495,U23AM495 - Machine Learning & Neural Networks (Sem 3),722825104101,Swetha R,3
1003,CSE,3,U23CS491,U23CS491 - Computer Science & Software Systems (Sem 3),722825104101,Swetha R,3
1004,CSE,3,U23IT481,U23IT481 - Information Technology & Cloud Systems (Sem 3),722825104101,Swetha R,3
1005,CSE,3,U23MA204,U23MA204 - Advanced Mathematics & Statistics (Sem 3),722825104105,Sanjay V,3
1006,CSE,3,U23CS403,U23CS403 - Computer Science & Software Systems (Sem 3),722825104105,Sanjay V,3
1007,CSE,3,U23CS404,U23CS404 - Computer Science & Software Systems (Sem 3),722825104105,Sanjay V,3
1008,CSE,3,U23AM495,U23AM495 - Machine Learning & Neural Networks (Sem 3),722825104105,Sanjay V,3
1009,CSE,3,U23CS491,U23CS491 - Computer Science & Software Systems (Sem 3),722825104105,Sanjay V,3
1010,CSE,3,U23IT481,U23IT481 - Information Technology & Cloud Systems (Sem 3),722825104105,Sanjay V,3
1011,CSE,3,U23MA204,U23MA204 - Advanced Mathematics & Statistics (Sem 3),722825104169,Elango P,3
1012,CSE,3,U23CS403,U23CS403 - Computer Science & Software Systems (Sem 3),722825104169,Elango P,3
1013,CSE,3,U23CS404,U23CS404 - Computer Science & Software Systems (Sem 3),722825104169,Elango P,3
1014,CSE,3,U23AM495,U23AM495 - Machine Learning & Neural Networks (Sem 3),722825104169,Elango P,3
1015,CSE,3,U23CS491,U23CS491 - Computer Science & Software Systems (Sem 3),722825104169,Elango P,3
1016,CSE,3,U23IT481,U23IT481 - Information Technology & Cloud Systems (Sem 3),722825104169,Elango P,3
1017,CSE,3,U23MA204,U23MA204 - Advanced Mathematics & Statistics (Sem 3),722825104235,Chandran R,3
1018,CSE,3,U23CS403,U23CS403 - Computer Science & Software Systems (Sem 3),722825104235,Chandran R,3
1019,CSE,3,U23CS404,U23CS404 - Computer Science & Software Systems (Sem 3),722825104235,Chandran R,3
1020,CSE,3,U23AM495,U23AM495 - Machine Learning & Neural Networks (Sem 3),722825104235,Chandran R,3
1021,CSE,3,U23CS491,U23CS491 - Computer Science & Software Systems (Sem 3),722825104235,Chandran R,3
1022,CSE,3,U23IT481,U23IT481 - Information Technology & Cloud Systems (Sem 3),722825104235,Chandran R,3
1023,CSE,3,U23MA204,U23MA204 - Advanced Mathematics & Statistics (Sem 3),722825104220,Lakshmi V,3
1024,CSE,3,U23CS403,U23CS403 - Computer Science & Software Systems (Sem 3),722825104220,Lakshmi V,3
1025,CSE,3,U23CS404,U23CS404 - Computer Science & Software Systems (Sem 3),722825104220,Lakshmi V,3
1026,CSE,3,U23AM495,U23AM495 - Machine Learning & Neural Networks (Sem 3),722825104220,Lakshmi V,3
1027,CSE,3,U23CS491,U23CS491 - Computer Science & Software Systems (Sem 3),722825104220,Lakshmi V,3
1028,CSE,3,U23IT481,U23IT481 - Information Technology & Cloud Systems (Sem 3),722825104220,Lakshmi V,3
1029,CSE,3,U23MA204,U23MA204 - Advanced Mathematics & Statistics (Sem 3),722825104080,Gokul B,3
1030,CSE,3,U23CS403,U23CS403 - Computer Science & Software Systems (Sem 3),722825104080,Gokul B,3
1031,CSE,3,U23CS404,U23CS404 - Computer Science & Software Systems (Sem 3),722825104080,Gokul B,3
1032,CSE,3,U23AM495,U23AM495 - Machine Learning & Neural Networks (Sem 3),722825104080,Gokul B,3
1033,CSE,3,U23CS491,U23CS491 - Computer Science & Software Systems (Sem 3),722825104080,Gokul B,3
1034,CSE,3,U23IT481,U23IT481 - Information Technology & Cloud Systems (Sem 3),722825104080,Gokul B,3
1035,CSE,3,U23MA204,U23MA204 - Advanced Mathematics & Statistics (Sem 3),722825104149,Swetha V,3
1036,CSE,3,U23CS403,U23CS403 - Computer Science & Software Systems (Sem 3),722825104149,Swetha V,3
1037,CSE,3,U23CS404,U23CS404 - Computer Science & Software Systems (Sem 3),722825104149,Swetha V,3
1038,CSE,3,U23AM495,U23AM495 - Machine Learning & Neural Networks (Sem 3),722825104149,Swetha V,3
1039,CSE,3,U23CS491,U23CS491 - Computer Science & Software Systems (Sem 3),722825104149,Swetha V,3
1040,CSE,3,U23IT481,U23IT481 - Information Technology & Cloud Systems (Sem 3),722825104149,Swetha V,3
1041,CSE,3,U23MA204,U23MA204 - Advanced Mathematics & Statistics (Sem 3),722825104158,Yash T,3
1042,CSE,3,U23CS403,U23CS403 - Computer Science & Software Systems (Sem 3),722825104158,Yash T,3
1043,CSE,3,U23CS404,U23CS404 - Computer Science & Software Systems (Sem 3),722825104158,Yash T,3
1044,CSE,3,U23AM495,U23AM495 - Machine Learning & Neural Networks (Sem 3),722825104158,Yash T,3
1045,CSE,3,U23CS491,U23CS491 - Computer Science & Software Systems (Sem 3),722825104158,Yash T,3
1046,CSE,3,U23IT481,U23IT481 - Information Technology & Cloud Systems (Sem 3),722825104158,Yash T,3
1047,CSE,3,U23MA204,U23MA204 - Advanced Mathematics & Statistics (Sem 3),722825104092,Aravind T,3
1048,CSE,3,U23CS403,U23CS403 - Computer Science & Software Systems (Sem 3),722825104092,Aravind T,3
1049,CSE,3,U23CS404,U23CS404 - Computer Science & Software Systems (Sem 3),722825104092,Aravind T,3
1050,CSE,3,U23AM495,U23AM495 - Machine Learning & Neural Networks (Sem 3),722825104092,Aravind T,3
1051,CSE,3,U23CS491,U23CS491 - Computer Science & Software Systems (Sem 3),722825104092,Aravind T,3
1052,CSE,3,U23IT481,U23IT481 - Information Technology & Cloud Systems (Sem 3),722825104092,Aravind T,3
1053,CSE,3,U23MA204,U23MA204 - Advanced Mathematics & Statistics (Sem 3),722825104117,Karthik K,3
1054,CSE,3,U23CS403,U23CS403 - Computer Science & Software Systems (Sem 3),722825104117,Karthik K,3
1055,CSE,3,U23CS404,U23CS404 - Computer Science & Software Systems (Sem 3),722825104117,Karthik K,3
1056,CSE,3,U23AM495,U23AM495 - Machine Learning & Neural Networks (Sem 3),722825104117,Karthik K,3
1057,CSE,3,U23CS491,U23CS491 - Computer Science & Software Systems (Sem 3),722825104117,Karthik K,3
1058,CSE,3,U23IT481,U23IT481 - Information Technology & Cloud Systems (Sem 3),722825104117,Karthik K,3
1059,CSE,3,U23MA204,U23MA204 - Advanced Mathematics & Statistics (Sem 3),722825104132,Elango V,3
1060,CSE,3,U23CS403,U23CS403 - Computer Science & Software Systems (Sem 3),722825104132,Elango V,3
1061,CSE,3,U23CS404,U23CS404 - Computer Science & Software Systems (Sem 3),722825104132,Elango V,3
1062,CSE,3,U23AM495,U23AM495 - Machine Learning & Neural Networks (Sem 3),722825104132,Elango V,3
1063,CSE,3,U23CS491,U23CS491 - Computer Science & Software Systems (Sem 3),722825104132,Elango V,3
1064,CSE,3,U23IT481,U23IT481 - Information Technology & Cloud Systems (Sem 3),722825104132,Elango V,3
1065,CSE,5,U23CS405,U23CS405 - Computer Science & Software Systems (Sem 5),722824104008,Deepak K,3
1066,CSE,5,U23EC383,U23EC383 - Electronics & Communication Systems (Sem 5),722824104008,Deepak K,3
1067,CSE,5,U23CS584,U23CS584 - Computer Science & Software Systems (Sem 5),722824104008,Deepak K,3
1068,CSE,5,U23CS591,U23CS591 - Computer Science & Software Systems (Sem 5),722824104008,Deepak K,3
1069,CSE,5,U23CC583,U23CC583 - Cloud Computing & Cyber Security (Sem 5),722824104008,Deepak K,3
1070,CSE,5,U23IT593,U23IT593 - Information Technology & Cloud Systems (Sem 5),722824104008,Deepak K,3
1071,CSE,5,U23EC382,U23EC382 - Electronics & Communication Systems (Sem 5),722824104008,Deepak K,3
1072,CSE,5,U23CB593,U23CB593 - Computer Science & Business Systems (Sem 5),722824104008,Deepak K,3
1073,CSE,5,U23AD491,U23AD491 - Artificial Intelligence & Data Science (Sem 5),722824104008,Deepak K,3
1074,CSE,5,U23CS405,U23CS405 - Computer Science & Software Systems (Sem 5),722824104013,Swetha S,3
1075,CSE,5,U23EC383,U23EC383 - Electronics & Communication Systems (Sem 5),722824104013,Swetha S,3
1076,CSE,5,U23CS584,U23CS584 - Computer Science & Software Systems (Sem 5),722824104013,Swetha S,3
1077,CSE,5,U23CS591,U23CS591 - Computer Science & Software Systems (Sem 5),722824104013,Swetha S,3
1078,CSE,5,U23CC583,U23CC583 - Cloud Computing & Cyber Security (Sem 5),722824104013,Swetha S,3
1079,CSE,5,U23IT593,U23IT593 - Information Technology & Cloud Systems (Sem 5),722824104013,Swetha S,3
1080,CSE,5,U23EC382,U23EC382 - Electronics & Communication Systems (Sem 5),722824104013,Swetha S,3
1081,CSE,5,U23CB593,U23CB593 - Computer Science & Business Systems (Sem 5),722824104013,Swetha S,3
1082,CSE,5,U23AD491,U23AD491 - Artificial Intelligence & Data Science (Sem 5),722824104013,Swetha S,3
1083,CSE,5,U23CS405,U23CS405 - Computer Science & Software Systems (Sem 5),722824104015,Jayant V,3
1084,CSE,5,U23EC383,U23EC383 - Electronics & Communication Systems (Sem 5),722824104015,Jayant V,3
1085,CSE,5,U23CS584,U23CS584 - Computer Science & Software Systems (Sem 5),722824104015,Jayant V,3
1086,CSE,5,U23CS591,U23CS591 - Computer Science & Software Systems (Sem 5),722824104015,Jayant V,3
1087,CSE,5,U23CC583,U23CC583 - Cloud Computing & Cyber Security (Sem 5),722824104015,Jayant V,3
1088,CSE,5,U23IT593,U23IT593 - Information Technology & Cloud Systems (Sem 5),722824104015,Jayant V,3
1089,CSE,5,U23EC382,U23EC382 - Electronics & Communication Systems (Sem 5),722824104015,Jayant V,3
1090,CSE,5,U23CB593,U23CB593 - Computer Science & Business Systems (Sem 5),722824104015,Jayant V,3
1091,CSE,5,U23AD491,U23AD491 - Artificial Intelligence & Data Science (Sem 5),722824104015,Jayant V,3
1092,CSE,5,U23CS405,U23CS405 - Computer Science & Software Systems (Sem 5),722824104022,Yash R,3
1093,CSE,5,U23EC383,U23EC383 - Electronics & Communication Systems (Sem 5),722824104022,Yash R,3
1094,CSE,5,U23CS584,U23CS584 - Computer Science & Software Systems (Sem 5),722824104022,Yash R,3
1095,CSE,5,U23CS591,U23CS591 - Computer Science & Software Systems (Sem 5),722824104022,Yash R,3
1096,CSE,5,U23CC583,U23CC583 - Cloud Computing & Cyber Security (Sem 5),722824104022,Yash R,3
1097,CSE,5,U23IT593,U23IT593 - Information Technology & Cloud Systems (Sem 5),722824104022,Yash R,3
1098,CSE,5,U23EC382,U23EC382 - Electronics & Communication Systems (Sem 5),722824104022,Yash R,3
1099,CSE,5,U23CB593,U23CB593 - Computer Science & Business Systems (Sem 5),722824104022,Yash R,3
1100,CSE,5,U23AD491,U23AD491 - Artificial Intelligence & Data Science (Sem 5),722824104022,Yash R,3
1101,CSE,5,U23CS405,U23CS405 - Computer Science & Software Systems (Sem 5),722824104026,Kavya R,3
1102,CSE,5,U23EC383,U23EC383 - Electronics & Communication Systems (Sem 5),722824104026,Kavya R,3
1103,CSE,5,U23CS584,U23CS584 - Computer Science & Software Systems (Sem 5),722824104026,Kavya R,3
1104,CSE,5,U23CS591,U23CS591 - Computer Science & Software Systems (Sem 5),722824104026,Kavya R,3
1105,CSE,5,U23CC583,U23CC583 - Cloud Computing & Cyber Security (Sem 5),722824104026,Kavya R,3
1106,CSE,5,U23IT593,U23IT593 - Information Technology & Cloud Systems (Sem 5),722824104026,Kavya R,3
1107,CSE,5,U23EC382,U23EC382 - Electronics & Communication Systems (Sem 5),722824104026,Kavya R,3
1108,CSE,5,U23CB593,U23CB593 - Computer Science & Business Systems (Sem 5),722824104026,Kavya R,3
1109,CSE,5,U23AD491,U23AD491 - Artificial Intelligence & Data Science (Sem 5),722824104026,Kavya R,3
1110,CSE,5,U23CS405,U23CS405 - Computer Science & Software Systems (Sem 5),722824104049,Jayant T,3
1111,CSE,5,U23EC383,U23EC383 - Electronics & Communication Systems (Sem 5),722824104049,Jayant T,3
1112,CSE,5,U23CS584,U23CS584 - Computer Science & Software Systems (Sem 5),722824104049,Jayant T,3
1113,CSE,5,U23CS591,U23CS591 - Computer Science & Software Systems (Sem 5),722824104049,Jayant T,3
1114,CSE,5,U23CC583,U23CC583 - Cloud Computing & Cyber Security (Sem 5),722824104049,Jayant T,3
1115,CSE,5,U23IT593,U23IT593 - Information Technology & Cloud Systems (Sem 5),722824104049,Jayant T,3
1116,CSE,5,U23EC382,U23EC382 - Electronics & Communication Systems (Sem 5),722824104049,Jayant T,3
1117,CSE,5,U23CB593,U23CB593 - Computer Science & Business Systems (Sem 5),722824104049,Jayant T,3
1118,CSE,5,U23AD491,U23AD491 - Artificial Intelligence & Data Science (Sem 5),722824104049,Jayant T,3
1119,CSE,5,U23CS405,U23CS405 - Computer Science & Software Systems (Sem 5),722824104062,Rahul V,3
1120,CSE,5,U23EC383,U23EC383 - Electronics & Communication Systems (Sem 5),722824104062,Rahul V,3
1121,CSE,5,U23CS584,U23CS584 - Computer Science & Software Systems (Sem 5),722824104062,Rahul V,3
1122,CSE,5,U23CS591,U23CS591 - Computer Science & Software Systems (Sem 5),722824104062,Rahul V,3
1123,CSE,5,U23CC583,U23CC583 - Cloud Computing & Cyber Security (Sem 5),722824104062,Rahul V,3
1124,CSE,5,U23IT593,U23IT593 - Information Technology & Cloud Systems (Sem 5),722824104062,Rahul V,3
1125,CSE,5,U23EC382,U23EC382 - Electronics & Communication Systems (Sem 5),722824104062,Rahul V,3
1126,CSE,5,U23CB593,U23CB593 - Computer Science & Business Systems (Sem 5),722824104062,Rahul V,3
1127,CSE,5,U23AD491,U23AD491 - Artificial Intelligence & Data Science (Sem 5),722824104062,Rahul V,3
1128,CSE,5,U23CS405,U23CS405 - Computer Science & Software Systems (Sem 5),722824104263,Bhavana K,3
1129,CSE,5,U23EC383,U23EC383 - Electronics & Communication Systems (Sem 5),722824104263,Bhavana K,3
1130,CSE,5,U23CS584,U23CS584 - Computer Science & Software Systems (Sem 5),722824104263,Bhavana K,3
1131,CSE,5,U23CS591,U23CS591 - Computer Science & Software Systems (Sem 5),722824104263,Bhavana K,3
1132,CSE,5,U23CC583,U23CC583 - Cloud Computing & Cyber Security (Sem 5),722824104263,Bhavana K,3
1133,CSE,5,U23IT593,U23IT593 - Information Technology & Cloud Systems (Sem 5),722824104263,Bhavana K,3
1134,CSE,5,U23EC382,U23EC382 - Electronics & Communication Systems (Sem 5),722824104263,Bhavana K,3
1135,CSE,5,U23CB593,U23CB593 - Computer Science & Business Systems (Sem 5),722824104263,Bhavana K,3
1136,CSE,5,U23AD491,U23AD491 - Artificial Intelligence & Data Science (Sem 5),722824104263,Bhavana K,3
1137,CSE,5,U23CS405,U23CS405 - Computer Science & Software Systems (Sem 5),722824104317,Naveen V,3
1138,CSE,5,U23EC383,U23EC383 - Electronics & Communication Systems (Sem 5),722824104317,Naveen V,3
1139,CSE,5,U23CS584,U23CS584 - Computer Science & Software Systems (Sem 5),722824104317,Naveen V,3
1140,CSE,5,U23CS591,U23CS591 - Computer Science & Software Systems (Sem 5),722824104317,Naveen V,3
1141,CSE,5,U23CC583,U23CC583 - Cloud Computing & Cyber Security (Sem 5),722824104317,Naveen V,3
1142,CSE,5,U23IT593,U23IT593 - Information Technology & Cloud Systems (Sem 5),722824104317,Naveen V,3
1143,CSE,5,U23EC382,U23EC382 - Electronics & Communication Systems (Sem 5),722824104317,Naveen V,3
1144,CSE,5,U23CB593,U23CB593 - Computer Science & Business Systems (Sem 5),722824104317,Naveen V,3
1145,CSE,5,U23AD491,U23AD491 - Artificial Intelligence & Data Science (Sem 5),722824104317,Naveen V,3
1146,CSE,5,U23CS405,U23CS405 - Computer Science & Software Systems (Sem 5),722824104319,Bhavana M,3
1147,CSE,5,U23EC383,U23EC383 - Electronics & Communication Systems (Sem 5),722824104319,Bhavana M,3
1148,CSE,5,U23CS584,U23CS584 - Computer Science & Software Systems (Sem 5),722824104319,Bhavana M,3
1149,CSE,5,U23CS591,U23CS591 - Computer Science & Software Systems (Sem 5),722824104319,Bhavana M,3
1150,CSE,5,U23CC583,U23CC583 - Cloud Computing & Cyber Security (Sem 5),722824104319,Bhavana M,3
1151,CSE,5,U23IT593,U23IT593 - Information Technology & Cloud Systems (Sem 5),722824104319,Bhavana M,3
1152,CSE,5,U23EC382,U23EC382 - Electronics & Communication Systems (Sem 5),722824104319,Bhavana M,3
1153,CSE,5,U23CB593,U23CB593 - Computer Science & Business Systems (Sem 5),722824104319,Bhavana M,3
1154,CSE,5,U23AD491,U23AD491 - Artificial Intelligence & Data Science (Sem 5),722824104319,Bhavana M,3
1155,CSE,5,U23CS405,U23CS405 - Computer Science & Software Systems (Sem 5),722824104083,Kavya S,3
1156,CSE,5,U23EC383,U23EC383 - Electronics & Communication Systems (Sem 5),722824104083,Kavya S,3
1157,CSE,5,U23CS584,U23CS584 - Computer Science & Software Systems (Sem 5),722824104083,Kavya S,3
1158,CSE,5,U23CS591,U23CS591 - Computer Science & Software Systems (Sem 5),722824104083,Kavya S,3
1159,CSE,5,U23CC583,U23CC583 - Cloud Computing & Cyber Security (Sem 5),722824104083,Kavya S,3
1160,CSE,5,U23IT593,U23IT593 - Information Technology & Cloud Systems (Sem 5),722824104083,Kavya S,3
1161,CSE,5,U23EC382,U23EC382 - Electronics & Communication Systems (Sem 5),722824104083,Kavya S,3
1162,CSE,5,U23CB593,U23CB593 - Computer Science & Business Systems (Sem 5),722824104083,Kavya S,3
1163,CSE,5,U23AD491,U23AD491 - Artificial Intelligence & Data Science (Sem 5),722824104083,Kavya S,3
1164,CSE,5,U23CS405,U23CS405 - Computer Science & Software Systems (Sem 5),722824104041,Jayant S,3
1165,CSE,5,U23EC383,U23EC383 - Electronics & Communication Systems (Sem 5),722824104041,Jayant S,3
1166,CSE,5,U23CS584,U23CS584 - Computer Science & Software Systems (Sem 5),722824104041,Jayant S,3
1167,CSE,5,U23CS591,U23CS591 - Computer Science & Software Systems (Sem 5),722824104041,Jayant S,3
1168,CSE,5,U23CC583,U23CC583 - Cloud Computing & Cyber Security (Sem 5),722824104041,Jayant S,3
1169,CSE,5,U23IT593,U23IT593 - Information Technology & Cloud Systems (Sem 5),722824104041,Jayant S,3
1170,CSE,5,U23EC382,U23EC382 - Electronics & Communication Systems (Sem 5),722824104041,Jayant S,3
1171,CSE,5,U23CB593,U23CB593 - Computer Science & Business Systems (Sem 5),722824104041,Jayant S,3
1172,CSE,5,U23AD491,U23AD491 - Artificial Intelligence & Data Science (Sem 5),722824104041,Jayant S,3
1173,CSE,5,U23CS405,U23CS405 - Computer Science & Software Systems (Sem 5),722824104044,Pavithra T,3
1174,CSE,5,U23EC383,U23EC383 - Electronics & Communication Systems (Sem 5),722824104044,Pavithra T,3
1175,CSE,5,U23CS584,U23CS584 - Computer Science & Software Systems (Sem 5),722824104044,Pavithra T,3
1176,CSE,5,U23CS591,U23CS591 - Computer Science & Software Systems (Sem 5),722824104044,Pavithra T,3
1177,CSE,5,U23CC583,U23CC583 - Cloud Computing & Cyber Security (Sem 5),722824104044,Pavithra T,3
1178,CSE,5,U23IT593,U23IT593 - Information Technology & Cloud Systems (Sem 5),722824104044,Pavithra T,3
1179,CSE,5,U23EC382,U23EC382 - Electronics & Communication Systems (Sem 5),722824104044,Pavithra T,3
1180,CSE,5,U23CB593,U23CB593 - Computer Science & Business Systems (Sem 5),722824104044,Pavithra T,3
1181,CSE,5,U23AD491,U23AD491 - Artificial Intelligence & Data Science (Sem 5),722824104044,Pavithra T,3
1182,CSE,5,U23CS405,U23CS405 - Computer Science & Software Systems (Sem 5),722824104121,Naveen T,3
1183,CSE,5,U23EC383,U23EC383 - Electronics & Communication Systems (Sem 5),722824104121,Naveen T,3
1184,CSE,5,U23CS584,U23CS584 - Computer Science & Software Systems (Sem 5),722824104121,Naveen T,3
1185,CSE,5,U23CS591,U23CS591 - Computer Science & Software Systems (Sem 5),722824104121,Naveen T,3
1186,CSE,5,U23CC583,U23CC583 - Cloud Computing & Cyber Security (Sem 5),722824104121,Naveen T,3
1187,CSE,5,U23IT593,U23IT593 - Information Technology & Cloud Systems (Sem 5),722824104121,Naveen T,3
1188,CSE,5,U23EC382,U23EC382 - Electronics & Communication Systems (Sem 5),722824104121,Naveen T,3
1189,CSE,5,U23CB593,U23CB593 - Computer Science & Business Systems (Sem 5),722824104121,Naveen T,3
1190,CSE,5,U23AD491,U23AD491 - Artificial Intelligence & Data Science (Sem 5),722824104121,Naveen T,3
1191,CSE,5,U23CS405,U23CS405 - Computer Science & Software Systems (Sem 5),722824104107,Aravind K,3
1192,CSE,5,U23EC383,U23EC383 - Electronics & Communication Systems (Sem 5),722824104107,Aravind K,3
1193,CSE,5,U23CS584,U23CS584 - Computer Science & Software Systems (Sem 5),722824104107,Aravind K,3
1194,CSE,5,U23CS591,U23CS591 - Computer Science & Software Systems (Sem 5),722824104107,Aravind K,3
1195,CSE,5,U23CC583,U23CC583 - Cloud Computing & Cyber Security (Sem 5),722824104107,Aravind K,3
1196,CSE,5,U23IT593,U23IT593 - Information Technology & Cloud Systems (Sem 5),722824104107,Aravind K,3
1197,CSE,5,U23EC382,U23EC382 - Electronics & Communication Systems (Sem 5),722824104107,Aravind K,3
1198,CSE,5,U23CB593,U23CB593 - Computer Science & Business Systems (Sem 5),722824104107,Aravind K,3
1199,CSE,5,U23AD491,U23AD491 - Artificial Intelligence & Data Science (Sem 5),722824104107,Aravind K,3
1200,CSE,5,U23CS405,U23CS405 - Computer Science & Software Systems (Sem 5),722824104079,Chandran S,3
1201,CSE,5,U23EC383,U23EC383 - Electronics & Communication Systems (Sem 5),722824104079,Chandran S,3
1202,CSE,5,U23CS584,U23CS584 - Computer Science & Software Systems (Sem 5),722824104079,Chandran S,3
1203,CSE,5,U23CS591,U23CS591 - Computer Science & Software Systems (Sem 5),722824104079,Chandran S,3
1204,CSE,5,U23CC583,U23CC583 - Cloud Computing & Cyber Security (Sem 5),722824104079,Chandran S,3
1205,CSE,5,U23IT593,U23IT593 - Information Technology & Cloud Systems (Sem 5),722824104079,Chandran S,3
1206,CSE,5,U23EC382,U23EC382 - Electronics & Communication Systems (Sem 5),722824104079,Chandran S,3
1207,CSE,5,U23CB593,U23CB593 - Computer Science & Business Systems (Sem 5),722824104079,Chandran S,3
1208,CSE,5,U23AD491,U23AD491 - Artificial Intelligence & Data Science (Sem 5),722824104079,Chandran S,3
1209,CSE,7,U23CB103,U23CB103 - Computer Science & Business Systems (Sem 7),722823104117,Swetha M,3
1210,CSE,7,U23CB104,U23CB104 - Computer Science & Business Systems (Sem 7),722823104117,Swetha M,3
1211,CSE,7,U23IT483,U23IT483 - Information Technology & Cloud Systems (Sem 7),722823104117,Swetha M,3
1212,CSE,7,U23CS531,U23CS531 - Computer Science & Software Systems (Sem 7),722823104117,Swetha M,3
1213,CSE,7,U23OEC84,U23OEC84 - CSE Core Subject (Sem 7),722823104117,Swetha M,3
1214,CSE,7,U23CB103,U23CB103 - Computer Science & Business Systems (Sem 7),722823104027,Lakshmi A,3
1215,CSE,7,U23CB104,U23CB104 - Computer Science & Business Systems (Sem 7),722823104027,Lakshmi A,3
1216,CSE,7,U23IT483,U23IT483 - Information Technology & Cloud Systems (Sem 7),722823104027,Lakshmi A,3
1217,CSE,7,U23CS531,U23CS531 - Computer Science & Software Systems (Sem 7),722823104027,Lakshmi A,3
1218,CSE,7,U23OEC84,U23OEC84 - CSE Core Subject (Sem 7),722823104027,Lakshmi A,3
1219,CSE,7,U23CB103,U23CB103 - Computer Science & Business Systems (Sem 7),722823104135,Swetha S,3
1220,CSE,7,U23CB104,U23CB104 - Computer Science & Business Systems (Sem 7),722823104135,Swetha S,3
1221,CSE,7,U23IT483,U23IT483 - Information Technology & Cloud Systems (Sem 7),722823104135,Swetha S,3
1222,CSE,7,U23CS531,U23CS531 - Computer Science & Software Systems (Sem 7),722823104135,Swetha S,3
1223,CSE,7,U23OEC84,U23OEC84 - CSE Core Subject (Sem 7),722823104135,Swetha S,3
1224,CSE,7,U23CB103,U23CB103 - Computer Science & Business Systems (Sem 7),722823104158,Naveen S,3
1225,CSE,7,U23CB104,U23CB104 - Computer Science & Business Systems (Sem 7),722823104158,Naveen S,3
1226,CSE,7,U23IT483,U23IT483 - Information Technology & Cloud Systems (Sem 7),722823104158,Naveen S,3
1227,CSE,7,U23CS531,U23CS531 - Computer Science & Software Systems (Sem 7),722823104158,Naveen S,3
1228,CSE,7,U23OEC84,U23OEC84 - CSE Core Subject (Sem 7),722823104158,Naveen S,3
1229,CSE,7,U23CB103,U23CB103 - Computer Science & Business Systems (Sem 7),722823104183,Bhavana V,3
1230,CSE,7,U23CB104,U23CB104 - Computer Science & Business Systems (Sem 7),722823104183,Bhavana V,3
1231,CSE,7,U23IT483,U23IT483 - Information Technology & Cloud Systems (Sem 7),722823104183,Bhavana V,3
1232,CSE,7,U23CS531,U23CS531 - Computer Science & Software Systems (Sem 7),722823104183,Bhavana V,3
1233,CSE,7,U23OEC84,U23OEC84 - CSE Core Subject (Sem 7),722823104183,Bhavana V,3
1234,CSE,7,U23CB103,U23CB103 - Computer Science & Business Systems (Sem 7),722823104189,Lakshmi M,3
1235,CSE,7,U23CB104,U23CB104 - Computer Science & Business Systems (Sem 7),722823104189,Lakshmi M,3
1236,CSE,7,U23IT483,U23IT483 - Information Technology & Cloud Systems (Sem 7),722823104189,Lakshmi M,3
1237,CSE,7,U23CS531,U23CS531 - Computer Science & Software Systems (Sem 7),722823104189,Lakshmi M,3
1238,CSE,7,U23OEC84,U23OEC84 - CSE Core Subject (Sem 7),722823104189,Lakshmi M,3
1239,CSE,7,U23CB103,U23CB103 - Computer Science & Business Systems (Sem 7),722823104304,Lakshmi R,3
1240,CSE,7,U23CB104,U23CB104 - Computer Science & Business Systems (Sem 7),722823104304,Lakshmi R,3
1241,CSE,7,U23IT483,U23IT483 - Information Technology & Cloud Systems (Sem 7),722823104304,Lakshmi R,3
1242,CSE,7,U23CS531,U23CS531 - Computer Science & Software Systems (Sem 7),722823104304,Lakshmi R,3
1243,CSE,7,U23OEC84,U23OEC84 - CSE Core Subject (Sem 7),722823104304,Lakshmi R,3
1244,CSE,7,U23CB103,U23CB103 - Computer Science & Business Systems (Sem 7),722823104168,Ishwarya K,3
1245,CSE,7,U23CB104,U23CB104 - Computer Science & Business Systems (Sem 7),722823104168,Ishwarya K,3
1246,CSE,7,U23IT483,U23IT483 - Information Technology & Cloud Systems (Sem 7),722823104168,Ishwarya K,3
1247,CSE,7,U23CS531,U23CS531 - Computer Science & Software Systems (Sem 7),722823104168,Ishwarya K,3
1248,CSE,7,U23OEC84,U23OEC84 - CSE Core Subject (Sem 7),722823104168,Ishwarya K,3
1249,CSY,3,U23MA211,U23MA211 - Advanced Mathematics & Statistics (Sem 3),722825149063,Lakshmi T,3
1250,CSY,3,U23CS403,U23CS403 - Computer Science & Software Systems (Sem 3),722825149063,Lakshmi T,3
1251,CSY,3,U23CS404,U23CS404 - Computer Science & Software Systems (Sem 3),722825149063,Lakshmi T,3
1252,CSY,3,U23SY483,U23SY483 - System Security & Cyber Forensics (Sem 3),722825149063,Lakshmi T,3
1253,CSY,3,U23CS491,U23CS491 - Computer Science & Software Systems (Sem 3),722825149063,Lakshmi T,3
1254,CSY,3,U23EC384,U23EC384 - Electronics & Communication Systems (Sem 3),722825149063,Lakshmi T,3
1255,CSY,3,U23MA211,U23MA211 - Advanced Mathematics & Statistics (Sem 3),722825149006,Naveen A,3
1256,CSY,3,U23CS403,U23CS403 - Computer Science & Software Systems (Sem 3),722825149006,Naveen A,3
1257,CSY,3,U23CS404,U23CS404 - Computer Science & Software Systems (Sem 3),722825149006,Naveen A,3
1258,CSY,3,U23SY483,U23SY483 - System Security & Cyber Forensics (Sem 3),722825149006,Naveen A,3
1259,CSY,3,U23CS491,U23CS491 - Computer Science & Software Systems (Sem 3),722825149006,Naveen A,3
1260,CSY,3,U23EC384,U23EC384 - Electronics & Communication Systems (Sem 3),722825149006,Naveen A,3
1261,CSY,3,U23MA211,U23MA211 - Advanced Mathematics & Statistics (Sem 3),722825149026,Elango R,3
1262,CSY,3,U23CS403,U23CS403 - Computer Science & Software Systems (Sem 3),722825149026,Elango R,3
1263,CSY,3,U23CS404,U23CS404 - Computer Science & Software Systems (Sem 3),722825149026,Elango R,3
1264,CSY,3,U23SY483,U23SY483 - System Security & Cyber Forensics (Sem 3),722825149026,Elango R,3
1265,CSY,3,U23CS491,U23CS491 - Computer Science & Software Systems (Sem 3),722825149026,Elango R,3
1266,CSY,3,U23EC384,U23EC384 - Electronics & Communication Systems (Sem 3),722825149026,Elango R,3
1267,CSY,3,U23MA211,U23MA211 - Advanced Mathematics & Statistics (Sem 3),722825149023,Gokul S,3
1268,CSY,3,U23CS403,U23CS403 - Computer Science & Software Systems (Sem 3),722825149023,Gokul S,3
1269,CSY,3,U23CS404,U23CS404 - Computer Science & Software Systems (Sem 3),722825149023,Gokul S,3
1270,CSY,3,U23SY483,U23SY483 - System Security & Cyber Forensics (Sem 3),722825149023,Gokul S,3
1271,CSY,3,U23CS491,U23CS491 - Computer Science & Software Systems (Sem 3),722825149023,Gokul S,3
1272,CSY,3,U23EC384,U23EC384 - Electronics & Communication Systems (Sem 3),722825149023,Gokul S,3
1273,CSY,3,U23MA211,U23MA211 - Advanced Mathematics & Statistics (Sem 3),722825149051,Naveen M,3
1274,CSY,3,U23CS403,U23CS403 - Computer Science & Software Systems (Sem 3),722825149051,Naveen M,3
1275,CSY,3,U23CS404,U23CS404 - Computer Science & Software Systems (Sem 3),722825149051,Naveen M,3
1276,CSY,3,U23SY483,U23SY483 - System Security & Cyber Forensics (Sem 3),722825149051,Naveen M,3
1277,CSY,3,U23CS491,U23CS491 - Computer Science & Software Systems (Sem 3),722825149051,Naveen M,3
1278,CSY,3,U23EC384,U23EC384 - Electronics & Communication Systems (Sem 3),722825149051,Naveen M,3
1279,CSY,3,U23MA211,U23MA211 - Advanced Mathematics & Statistics (Sem 3),722825149057,Gokul P,3
1280,CSY,3,U23CS403,U23CS403 - Computer Science & Software Systems (Sem 3),722825149057,Gokul P,3
1281,CSY,3,U23CS404,U23CS404 - Computer Science & Software Systems (Sem 3),722825149057,Gokul P,3
1282,CSY,3,U23SY483,U23SY483 - System Security & Cyber Forensics (Sem 3),722825149057,Gokul P,3
1283,CSY,3,U23CS491,U23CS491 - Computer Science & Software Systems (Sem 3),722825149057,Gokul P,3
1284,CSY,3,U23EC384,U23EC384 - Electronics & Communication Systems (Sem 3),722825149057,Gokul P,3
1285,CSY,3,U23MA211,U23MA211 - Advanced Mathematics & Statistics (Sem 3),722825149050,Naveen R,3
1286,CSY,3,U23CS403,U23CS403 - Computer Science & Software Systems (Sem 3),722825149050,Naveen R,3
1287,CSY,3,U23CS404,U23CS404 - Computer Science & Software Systems (Sem 3),722825149050,Naveen R,3
1288,CSY,3,U23SY483,U23SY483 - System Security & Cyber Forensics (Sem 3),722825149050,Naveen R,3
1289,CSY,3,U23CS491,U23CS491 - Computer Science & Software Systems (Sem 3),722825149050,Naveen R,3
1290,CSY,3,U23EC384,U23EC384 - Electronics & Communication Systems (Sem 3),722825149050,Naveen R,3
1291,CSY,5,U23SY402,U23SY402 - System Security & Cyber Forensics (Sem 5),722824149056,Jayant S,3
1292,CSY,5,U23SY484,U23SY484 - System Security & Cyber Forensics (Sem 5),722824149056,Jayant S,3
1293,CSY,5,U23CS584,U23CS584 - Computer Science & Software Systems (Sem 5),722824149056,Jayant S,3
1294,CSY,5,U23CS591,U23CS591 - Computer Science & Software Systems (Sem 5),722824149056,Jayant S,3
1295,CSY,5,U23CC583,U23CC583 - Cloud Computing & Cyber Security (Sem 5),722824149056,Jayant S,3
1296,CSY,5,U23IT593,U23IT593 - Information Technology & Cloud Systems (Sem 5),722824149056,Jayant S,3
1297,CSY,5,U23EC382,U23EC382 - Electronics & Communication Systems (Sem 5),722824149056,Jayant S,3
1298,CSY,5,U23CB593,U23CB593 - Computer Science & Business Systems (Sem 5),722824149056,Jayant S,3
1299,CSY,5,U23SY491,U23SY491 - System Security & Cyber Forensics (Sem 5),722824149056,Jayant S,3
1300,CSY,5,U23SY402,U23SY402 - System Security & Cyber Forensics (Sem 5),722824149021,Deepak N,3
1301,CSY,5,U23SY484,U23SY484 - System Security & Cyber Forensics (Sem 5),722824149021,Deepak N,3
1302,CSY,5,U23CS584,U23CS584 - Computer Science & Software Systems (Sem 5),722824149021,Deepak N,3
1303,CSY,5,U23CS591,U23CS591 - Computer Science & Software Systems (Sem 5),722824149021,Deepak N,3
1304,CSY,5,U23CC583,U23CC583 - Cloud Computing & Cyber Security (Sem 5),722824149021,Deepak N,3
1305,CSY,5,U23IT593,U23IT593 - Information Technology & Cloud Systems (Sem 5),722824149021,Deepak N,3
1306,CSY,5,U23EC382,U23EC382 - Electronics & Communication Systems (Sem 5),722824149021,Deepak N,3
1307,CSY,5,U23CB593,U23CB593 - Computer Science & Business Systems (Sem 5),722824149021,Deepak N,3
1308,CSY,5,U23SY491,U23SY491 - System Security & Cyber Forensics (Sem 5),722824149021,Deepak N,3
1309,ECE,3,U23MA207,U23MA207 - Advanced Mathematics & Statistics (Sem 3),722825106110,Bhavana B,3
1310,ECE,3,U23EC403,U23EC403 - Electronics & Communication Systems (Sem 3),722825106110,Bhavana B,3
1311,ECE,3,U23OCS82,U23OCS82 - ECE Core Subject (Sem 3),722825106110,Bhavana B,3
1312,ECE,3,U23EC421,U23EC421 - Electronics & Communication Systems (Sem 3),722825106110,Bhavana B,3
1313,ECE,3,U23EC422,U23EC422 - Electronics & Communication Systems (Sem 3),722825106110,Bhavana B,3
1314,ECE,3,U23CS491,U23CS491 - Computer Science & Software Systems (Sem 3),722825106110,Bhavana B,3
1315,ECE,3,U23MA207,U23MA207 - Advanced Mathematics & Statistics (Sem 3),722825106166,Ishwarya R,3
1316,ECE,3,U23EC403,U23EC403 - Electronics & Communication Systems (Sem 3),722825106166,Ishwarya R,3
1317,ECE,3,U23OCS82,U23OCS82 - ECE Core Subject (Sem 3),722825106166,Ishwarya R,3
1318,ECE,3,U23EC421,U23EC421 - Electronics & Communication Systems (Sem 3),722825106166,Ishwarya R,3
1319,ECE,3,U23EC422,U23EC422 - Electronics & Communication Systems (Sem 3),722825106166,Ishwarya R,3
1320,ECE,3,U23CS491,U23CS491 - Computer Science & Software Systems (Sem 3),722825106166,Ishwarya R,3
1321,ECE,5,U23EC492,U23EC492 - Electronics & Communication Systems (Sem 5),722824106124,Pavithra P,3
1322,ECE,5,U23EC407,U23EC407 - Electronics & Communication Systems (Sem 5),722824106124,Pavithra P,3
1323,ECE,5,U23EC408,U23EC408 - Electronics & Communication Systems (Sem 5),722824106124,Pavithra P,3
1324,ECE,5,U23EC482,U23EC482 - Electronics & Communication Systems (Sem 5),722824106124,Pavithra P,3
1325,ECE,5,U23EC514,U23EC514 - Electronics & Communication Systems (Sem 5),722824106124,Pavithra P,3
1326,ECE,5,U23EC581,U23EC581 - Electronics & Communication Systems (Sem 5),722824106124,Pavithra P,3
1327,ECE,5,U23EC592,U23EC592 - Electronics & Communication Systems (Sem 5),722824106124,Pavithra P,3
1328,ECE,5,U23EC595,U23EC595 - Electronics & Communication Systems (Sem 5),722824106124,Pavithra P,3
1329,ECE,5,U23EC492,U23EC492 - Electronics & Communication Systems (Sem 5),722824106027,Karthik R,3
1330,ECE,5,U23EC407,U23EC407 - Electronics & Communication Systems (Sem 5),722824106027,Karthik R,3
1331,ECE,5,U23EC408,U23EC408 - Electronics & Communication Systems (Sem 5),722824106027,Karthik R,3
1332,ECE,5,U23EC482,U23EC482 - Electronics & Communication Systems (Sem 5),722824106027,Karthik R,3
1333,ECE,5,U23EC514,U23EC514 - Electronics & Communication Systems (Sem 5),722824106027,Karthik R,3
1334,ECE,5,U23EC581,U23EC581 - Electronics & Communication Systems (Sem 5),722824106027,Karthik R,3
1335,ECE,5,U23EC592,U23EC592 - Electronics & Communication Systems (Sem 5),722824106027,Karthik R,3
1336,ECE,5,U23EC595,U23EC595 - Electronics & Communication Systems (Sem 5),722824106027,Karthik R,3
1337,ECE,5,U23EC492,U23EC492 - Electronics & Communication Systems (Sem 5),722824106065,Ishwarya M,3
1338,ECE,5,U23EC407,U23EC407 - Electronics & Communication Systems (Sem 5),722824106065,Ishwarya M,3
1339,ECE,5,U23EC408,U23EC408 - Electronics & Communication Systems (Sem 5),722824106065,Ishwarya M,3
1340,ECE,5,U23EC482,U23EC482 - Electronics & Communication Systems (Sem 5),722824106065,Ishwarya M,3
1341,ECE,5,U23EC514,U23EC514 - Electronics & Communication Systems (Sem 5),722824106065,Ishwarya M,3
1342,ECE,5,U23EC581,U23EC581 - Electronics & Communication Systems (Sem 5),722824106065,Ishwarya M,3
1343,ECE,5,U23EC592,U23EC592 - Electronics & Communication Systems (Sem 5),722824106065,Ishwarya M,3
1344,ECE,5,U23EC595,U23EC595 - Electronics & Communication Systems (Sem 5),722824106065,Ishwarya M,3
1345,ECE,3,U23MA207,U23MA207 - Advanced Mathematics & Statistics (Sem 3),722825106144,Harini N,3
1346,ECE,3,U23EC403,U23EC403 - Electronics & Communication Systems (Sem 3),722825106144,Harini N,3
1347,ECE,3,U23OCS82,U23OCS82 - ECE Core Subject (Sem 3),722825106144,Harini N,3
1348,ECE,3,U23EC421,U23EC421 - Electronics & Communication Systems (Sem 3),722825106144,Harini N,3
1349,ECE,3,U23EC422,U23EC422 - Electronics & Communication Systems (Sem 3),722825106144,Harini N,3
1350,ECE,3,U23CS491,U23CS491 - Computer Science & Software Systems (Sem 3),722825106144,Harini N,3
1351,ECE,7,U23CB103,U23CB103 - Computer Science & Business Systems (Sem 7),722823106016,Kavya V,3
1352,ECE,7,U23CB104,U23CB104 - Computer Science & Business Systems (Sem 7),722823106016,Kavya V,3
1353,ECE,7,U23EC411,U23EC411 - Electronics & Communication Systems (Sem 7),722823106016,Kavya V,3
1354,ECE,7,U23EC483,U23EC483 - Electronics & Communication Systems (Sem 7),722823106016,Kavya V,3
1355,ECE,7,U23EC551,U23EC551 - Electronics & Communication Systems (Sem 7),722823106016,Kavya V,3
1356,ECE,7,U23OME01,U23OME01 - ECE Core Subject (Sem 7),722823106016,Kavya V,3
1357,ECE,5,U23EC492,U23EC492 - Electronics & Communication Systems (Sem 5),722824106132,Chandran V,3
1358,ECE,5,U23EC407,U23EC407 - Electronics & Communication Systems (Sem 5),722824106132,Chandran V,3
1359,ECE,5,U23EC408,U23EC408 - Electronics & Communication Systems (Sem 5),722824106132,Chandran V,3
1360,ECE,5,U23EC482,U23EC482 - Electronics & Communication Systems (Sem 5),722824106132,Chandran V,3
1361,ECE,5,U23EC514,U23EC514 - Electronics & Communication Systems (Sem 5),722824106132,Chandran V,3
1362,ECE,5,U23EC581,U23EC581 - Electronics & Communication Systems (Sem 5),722824106132,Chandran V,3
1363,ECE,5,U23EC592,U23EC592 - Electronics & Communication Systems (Sem 5),722824106132,Chandran V,3
1364,ECE,5,U23EC595,U23EC595 - Electronics & Communication Systems (Sem 5),722824106132,Chandran V,3
1365,ECE,5,U23EC492,U23EC492 - Electronics & Communication Systems (Sem 5),722824106141,Lakshmi T,3
1366,ECE,5,U23EC407,U23EC407 - Electronics & Communication Systems (Sem 5),722824106141,Lakshmi T,3
1367,ECE,5,U23EC408,U23EC408 - Electronics & Communication Systems (Sem 5),722824106141,Lakshmi T,3
1368,ECE,5,U23EC482,U23EC482 - Electronics & Communication Systems (Sem 5),722824106141,Lakshmi T,3
1369,ECE,5,U23EC514,U23EC514 - Electronics & Communication Systems (Sem 5),722824106141,Lakshmi T,3
1370,ECE,5,U23EC581,U23EC581 - Electronics & Communication Systems (Sem 5),722824106141,Lakshmi T,3
1371,ECE,5,U23EC592,U23EC592 - Electronics & Communication Systems (Sem 5),722824106141,Lakshmi T,3
1372,ECE,5,U23EC595,U23EC595 - Electronics & Communication Systems (Sem 5),722824106141,Lakshmi T,3
1373,ECE,5,U23EC492,U23EC492 - Electronics & Communication Systems (Sem 5),722824106178,Manoj T,3
1374,ECE,5,U23EC407,U23EC407 - Electronics & Communication Systems (Sem 5),722824106178,Manoj T,3
1375,ECE,5,U23EC408,U23EC408 - Electronics & Communication Systems (Sem 5),722824106178,Manoj T,3
1376,ECE,5,U23EC482,U23EC482 - Electronics & Communication Systems (Sem 5),722824106178,Manoj T,3
1377,ECE,5,U23EC514,U23EC514 - Electronics & Communication Systems (Sem 5),722824106178,Manoj T,3
1378,ECE,5,U23EC581,U23EC581 - Electronics & Communication Systems (Sem 5),722824106178,Manoj T,3
1379,ECE,5,U23EC592,U23EC592 - Electronics & Communication Systems (Sem 5),722824106178,Manoj T,3
1380,ECE,5,U23EC595,U23EC595 - Electronics & Communication Systems (Sem 5),722824106178,Manoj T,3
1381,ECE,7,U23CB103,U23CB103 - Computer Science & Business Systems (Sem 7),722823106303,Kavya M,3
1382,ECE,7,U23CB104,U23CB104 - Computer Science & Business Systems (Sem 7),722823106303,Kavya M,3
1383,ECE,7,U23EC411,U23EC411 - Electronics & Communication Systems (Sem 7),722823106303,Kavya M,3
1384,ECE,7,U23EC483,U23EC483 - Electronics & Communication Systems (Sem 7),722823106303,Kavya M,3
1385,ECE,7,U23EC551,U23EC551 - Electronics & Communication Systems (Sem 7),722823106303,Kavya M,3
1386,ECE,7,U23OME01,U23OME01 - ECE Core Subject (Sem 7),722823106303,Kavya M,3
1387,ECE,5,U23EC492,U23EC492 - Electronics & Communication Systems (Sem 5),722824106034,Deepak V,3
1388,ECE,5,U23EC407,U23EC407 - Electronics & Communication Systems (Sem 5),722824106034,Deepak V,3
1389,ECE,5,U23EC408,U23EC408 - Electronics & Communication Systems (Sem 5),722824106034,Deepak V,3
1390,ECE,5,U23EC482,U23EC482 - Electronics & Communication Systems (Sem 5),722824106034,Deepak V,3
1391,ECE,5,U23EC514,U23EC514 - Electronics & Communication Systems (Sem 5),722824106034,Deepak V,3
1392,ECE,5,U23EC581,U23EC581 - Electronics & Communication Systems (Sem 5),722824106034,Deepak V,3
1393,ECE,5,U23EC592,U23EC592 - Electronics & Communication Systems (Sem 5),722824106034,Deepak V,3
1394,ECE,5,U23EC595,U23EC595 - Electronics & Communication Systems (Sem 5),722824106034,Deepak V,3
1395,ECE,5,U23EC492,U23EC492 - Electronics & Communication Systems (Sem 5),722824106041,Gokul A,3
1396,ECE,5,U23EC407,U23EC407 - Electronics & Communication Systems (Sem 5),722824106041,Gokul A,3
1397,ECE,5,U23EC408,U23EC408 - Electronics & Communication Systems (Sem 5),722824106041,Gokul A,3
1398,ECE,5,U23EC482,U23EC482 - Electronics & Communication Systems (Sem 5),722824106041,Gokul A,3
1399,ECE,5,U23EC514,U23EC514 - Electronics & Communication Systems (Sem 5),722824106041,Gokul A,3
1400,ECE,5,U23EC581,U23EC581 - Electronics & Communication Systems (Sem 5),722824106041,Gokul A,3
1401,ECE,5,U23EC592,U23EC592 - Electronics & Communication Systems (Sem 5),722824106041,Gokul A,3
1402,ECE,5,U23EC595,U23EC595 - Electronics & Communication Systems (Sem 5),722824106041,Gokul A,3
1403,ECE,5,U23EC492,U23EC492 - Electronics & Communication Systems (Sem 5),722824106045,Jayant M,3
1404,ECE,5,U23EC407,U23EC407 - Electronics & Communication Systems (Sem 5),722824106045,Jayant M,3
1405,ECE,5,U23EC408,U23EC408 - Electronics & Communication Systems (Sem 5),722824106045,Jayant M,3
1406,ECE,5,U23EC482,U23EC482 - Electronics & Communication Systems (Sem 5),722824106045,Jayant M,3
1407,ECE,5,U23EC514,U23EC514 - Electronics & Communication Systems (Sem 5),722824106045,Jayant M,3
1408,ECE,5,U23EC581,U23EC581 - Electronics & Communication Systems (Sem 5),722824106045,Jayant M,3
1409,ECE,5,U23EC592,U23EC592 - Electronics & Communication Systems (Sem 5),722824106045,Jayant M,3
1410,ECE,5,U23EC595,U23EC595 - Electronics & Communication Systems (Sem 5),722824106045,Jayant M,3
1411,ECE,5,U23EC492,U23EC492 - Electronics & Communication Systems (Sem 5),722824106066,Deepak A,3
1412,ECE,5,U23EC407,U23EC407 - Electronics & Communication Systems (Sem 5),722824106066,Deepak A,3
1413,ECE,5,U23EC408,U23EC408 - Electronics & Communication Systems (Sem 5),722824106066,Deepak A,3
1414,ECE,5,U23EC482,U23EC482 - Electronics & Communication Systems (Sem 5),722824106066,Deepak A,3
1415,ECE,5,U23EC514,U23EC514 - Electronics & Communication Systems (Sem 5),722824106066,Deepak A,3
1416,ECE,5,U23EC581,U23EC581 - Electronics & Communication Systems (Sem 5),722824106066,Deepak A,3
1417,ECE,5,U23EC592,U23EC592 - Electronics & Communication Systems (Sem 5),722824106066,Deepak A,3
1418,ECE,5,U23EC595,U23EC595 - Electronics & Communication Systems (Sem 5),722824106066,Deepak A,3
1419,ECE,5,U23EC492,U23EC492 - Electronics & Communication Systems (Sem 5),722824106079,Naveen P,3
1420,ECE,5,U23EC407,U23EC407 - Electronics & Communication Systems (Sem 5),722824106079,Naveen P,3
1421,ECE,5,U23EC408,U23EC408 - Electronics & Communication Systems (Sem 5),722824106079,Naveen P,3
1422,ECE,5,U23EC482,U23EC482 - Electronics & Communication Systems (Sem 5),722824106079,Naveen P,3
1423,ECE,5,U23EC514,U23EC514 - Electronics & Communication Systems (Sem 5),722824106079,Naveen P,3
1424,ECE,5,U23EC581,U23EC581 - Electronics & Communication Systems (Sem 5),722824106079,Naveen P,3
1425,ECE,5,U23EC592,U23EC592 - Electronics & Communication Systems (Sem 5),722824106079,Naveen P,3
1426,ECE,5,U23EC595,U23EC595 - Electronics & Communication Systems (Sem 5),722824106079,Naveen P,3
1427,ECE,5,U23EC492,U23EC492 - Electronics & Communication Systems (Sem 5),722824106083,Kavya N,3
1428,ECE,5,U23EC407,U23EC407 - Electronics & Communication Systems (Sem 5),722824106083,Kavya N,3
1429,ECE,5,U23EC408,U23EC408 - Electronics & Communication Systems (Sem 5),722824106083,Kavya N,3
1430,ECE,5,U23EC482,U23EC482 - Electronics & Communication Systems (Sem 5),722824106083,Kavya N,3
1431,ECE,5,U23EC514,U23EC514 - Electronics & Communication Systems (Sem 5),722824106083,Kavya N,3
1432,ECE,5,U23EC581,U23EC581 - Electronics & Communication Systems (Sem 5),722824106083,Kavya N,3
1433,ECE,5,U23EC592,U23EC592 - Electronics & Communication Systems (Sem 5),722824106083,Kavya N,3
1434,ECE,5,U23EC595,U23EC595 - Electronics & Communication Systems (Sem 5),722824106083,Kavya N,3
1435,ECE,5,U23EC492,U23EC492 - Electronics & Communication Systems (Sem 5),722824106084,Yash T,3
1436,ECE,5,U23EC407,U23EC407 - Electronics & Communication Systems (Sem 5),722824106084,Yash T,3
1437,ECE,5,U23EC408,U23EC408 - Electronics & Communication Systems (Sem 5),722824106084,Yash T,3
1438,ECE,5,U23EC482,U23EC482 - Electronics & Communication Systems (Sem 5),722824106084,Yash T,3
1439,ECE,5,U23EC514,U23EC514 - Electronics & Communication Systems (Sem 5),722824106084,Yash T,3
1440,ECE,5,U23EC581,U23EC581 - Electronics & Communication Systems (Sem 5),722824106084,Yash T,3
1441,ECE,5,U23EC592,U23EC592 - Electronics & Communication Systems (Sem 5),722824106084,Yash T,3
1442,ECE,5,U23EC595,U23EC595 - Electronics & Communication Systems (Sem 5),722824106084,Yash T,3
1443,ECE,5,U23EC492,U23EC492 - Electronics & Communication Systems (Sem 5),722824106096,Deepak N,3
1444,ECE,5,U23EC407,U23EC407 - Electronics & Communication Systems (Sem 5),722824106096,Deepak N,3
1445,ECE,5,U23EC408,U23EC408 - Electronics & Communication Systems (Sem 5),722824106096,Deepak N,3
1446,ECE,5,U23EC482,U23EC482 - Electronics & Communication Systems (Sem 5),722824106096,Deepak N,3
1447,ECE,5,U23EC514,U23EC514 - Electronics & Communication Systems (Sem 5),722824106096,Deepak N,3
1448,ECE,5,U23EC581,U23EC581 - Electronics & Communication Systems (Sem 5),722824106096,Deepak N,3
1449,ECE,5,U23EC592,U23EC592 - Electronics & Communication Systems (Sem 5),722824106096,Deepak N,3
1450,ECE,5,U23EC595,U23EC595 - Electronics & Communication Systems (Sem 5),722824106096,Deepak N,3
1451,ECE,5,U23EC492,U23EC492 - Electronics & Communication Systems (Sem 5),722824106120,Vidyut R,3
1452,ECE,5,U23EC407,U23EC407 - Electronics & Communication Systems (Sem 5),722824106120,Vidyut R,3
1453,ECE,5,U23EC408,U23EC408 - Electronics & Communication Systems (Sem 5),722824106120,Vidyut R,3
1454,ECE,5,U23EC482,U23EC482 - Electronics & Communication Systems (Sem 5),722824106120,Vidyut R,3
1455,ECE,5,U23EC514,U23EC514 - Electronics & Communication Systems (Sem 5),722824106120,Vidyut R,3
1456,ECE,5,U23EC581,U23EC581 - Electronics & Communication Systems (Sem 5),722824106120,Vidyut R,3
1457,ECE,5,U23EC592,U23EC592 - Electronics & Communication Systems (Sem 5),722824106120,Vidyut R,3
1458,ECE,5,U23EC595,U23EC595 - Electronics & Communication Systems (Sem 5),722824106120,Vidyut R,3
1459,ECE,5,U23EC492,U23EC492 - Electronics & Communication Systems (Sem 5),722824106303,Jayant M,3
1460,ECE,5,U23EC407,U23EC407 - Electronics & Communication Systems (Sem 5),722824106303,Jayant M,3
1461,ECE,5,U23EC408,U23EC408 - Electronics & Communication Systems (Sem 5),722824106303,Jayant M,3
1462,ECE,5,U23EC482,U23EC482 - Electronics & Communication Systems (Sem 5),722824106303,Jayant M,3
1463,ECE,5,U23EC514,U23EC514 - Electronics & Communication Systems (Sem 5),722824106303,Jayant M,3
1464,ECE,5,U23EC581,U23EC581 - Electronics & Communication Systems (Sem 5),722824106303,Jayant M,3
1465,ECE,5,U23EC592,U23EC592 - Electronics & Communication Systems (Sem 5),722824106303,Jayant M,3
1466,ECE,5,U23EC595,U23EC595 - Electronics & Communication Systems (Sem 5),722824106303,Jayant M,3
1467,ECE,5,U23EC492,U23EC492 - Electronics & Communication Systems (Sem 5),722824106306,Naveen M,3
1468,ECE,5,U23EC407,U23EC407 - Electronics & Communication Systems (Sem 5),722824106306,Naveen M,3
1469,ECE,5,U23EC408,U23EC408 - Electronics & Communication Systems (Sem 5),722824106306,Naveen M,3
1470,ECE,5,U23EC482,U23EC482 - Electronics & Communication Systems (Sem 5),722824106306,Naveen M,3
1471,ECE,5,U23EC514,U23EC514 - Electronics & Communication Systems (Sem 5),722824106306,Naveen M,3
1472,ECE,5,U23EC581,U23EC581 - Electronics & Communication Systems (Sem 5),722824106306,Naveen M,3
1473,ECE,5,U23EC592,U23EC592 - Electronics & Communication Systems (Sem 5),722824106306,Naveen M,3
1474,ECE,5,U23EC595,U23EC595 - Electronics & Communication Systems (Sem 5),722824106306,Naveen M,3
1475,ECE,5,U23EC492,U23EC492 - Electronics & Communication Systems (Sem 5),722824106308,Sanjay T,3
1476,ECE,5,U23EC407,U23EC407 - Electronics & Communication Systems (Sem 5),722824106308,Sanjay T,3
1477,ECE,5,U23EC408,U23EC408 - Electronics & Communication Systems (Sem 5),722824106308,Sanjay T,3
1478,ECE,5,U23EC482,U23EC482 - Electronics & Communication Systems (Sem 5),722824106308,Sanjay T,3
1479,ECE,5,U23EC514,U23EC514 - Electronics & Communication Systems (Sem 5),722824106308,Sanjay T,3
1480,ECE,5,U23EC581,U23EC581 - Electronics & Communication Systems (Sem 5),722824106308,Sanjay T,3
1481,ECE,5,U23EC592,U23EC592 - Electronics & Communication Systems (Sem 5),722824106308,Sanjay T,3
1482,ECE,5,U23EC595,U23EC595 - Electronics & Communication Systems (Sem 5),722824106308,Sanjay T,3
1483,ECE,5,U23EC492,U23EC492 - Electronics & Communication Systems (Sem 5),722824106312,Harini P,3
1484,ECE,5,U23EC407,U23EC407 - Electronics & Communication Systems (Sem 5),722824106312,Harini P,3
1485,ECE,5,U23EC408,U23EC408 - Electronics & Communication Systems (Sem 5),722824106312,Harini P,3
1486,ECE,5,U23EC482,U23EC482 - Electronics & Communication Systems (Sem 5),722824106312,Harini P,3
1487,ECE,5,U23EC514,U23EC514 - Electronics & Communication Systems (Sem 5),722824106312,Harini P,3
1488,ECE,5,U23EC581,U23EC581 - Electronics & Communication Systems (Sem 5),722824106312,Harini P,3
1489,ECE,5,U23EC592,U23EC592 - Electronics & Communication Systems (Sem 5),722824106312,Harini P,3
1490,ECE,5,U23EC595,U23EC595 - Electronics & Communication Systems (Sem 5),722824106312,Harini P,3
1491,ECE,5,U23EC492,U23EC492 - Electronics & Communication Systems (Sem 5),722824106314,Naveen K,3
1492,ECE,5,U23EC407,U23EC407 - Electronics & Communication Systems (Sem 5),722824106314,Naveen K,3
1493,ECE,5,U23EC408,U23EC408 - Electronics & Communication Systems (Sem 5),722824106314,Naveen K,3
1494,ECE,5,U23EC482,U23EC482 - Electronics & Communication Systems (Sem 5),722824106314,Naveen K,3
1495,ECE,5,U23EC514,U23EC514 - Electronics & Communication Systems (Sem 5),722824106314,Naveen K,3
1496,ECE,5,U23EC581,U23EC581 - Electronics & Communication Systems (Sem 5),722824106314,Naveen K,3
1497,ECE,5,U23EC592,U23EC592 - Electronics & Communication Systems (Sem 5),722824106314,Naveen K,3
1498,ECE,5,U23EC595,U23EC595 - Electronics & Communication Systems (Sem 5),722824106314,Naveen K,3
1499,ECE,5,U23EC492,U23EC492 - Electronics & Communication Systems (Sem 5),722824106315,Kavya A,3
1500,ECE,5,U23EC407,U23EC407 - Electronics & Communication Systems (Sem 5),722824106315,Kavya A,3
1501,ECE,5,U23EC408,U23EC408 - Electronics & Communication Systems (Sem 5),722824106315,Kavya A,3
1502,ECE,5,U23EC482,U23EC482 - Electronics & Communication Systems (Sem 5),722824106315,Kavya A,3
1503,ECE,5,U23EC514,U23EC514 - Electronics & Communication Systems (Sem 5),722824106315,Kavya A,3
1504,ECE,5,U23EC581,U23EC581 - Electronics & Communication Systems (Sem 5),722824106315,Kavya A,3
1505,ECE,5,U23EC592,U23EC592 - Electronics & Communication Systems (Sem 5),722824106315,Kavya A,3
1506,ECE,5,U23EC595,U23EC595 - Electronics & Communication Systems (Sem 5),722824106315,Kavya A,3
1507,ECE,7,U23CB103,U23CB103 - Computer Science & Business Systems (Sem 7),722823106102,Kavya K,3
1508,ECE,7,U23CB104,U23CB104 - Computer Science & Business Systems (Sem 7),722823106102,Kavya K,3
1509,ECE,7,U23EC411,U23EC411 - Electronics & Communication Systems (Sem 7),722823106102,Kavya K,3
1510,ECE,7,U23EC483,U23EC483 - Electronics & Communication Systems (Sem 7),722823106102,Kavya K,3
1511,ECE,7,U23EC551,U23EC551 - Electronics & Communication Systems (Sem 7),722823106102,Kavya K,3
1512,ECE,7,U23OME01,U23OME01 - ECE Core Subject (Sem 7),722823106102,Kavya K,3
1513,ECE,5,U23EC492,U23EC492 - Electronics & Communication Systems (Sem 5),722824106055,Karthik T,3
1514,ECE,5,U23EC407,U23EC407 - Electronics & Communication Systems (Sem 5),722824106055,Karthik T,3
1515,ECE,5,U23EC408,U23EC408 - Electronics & Communication Systems (Sem 5),722824106055,Karthik T,3
1516,ECE,5,U23EC482,U23EC482 - Electronics & Communication Systems (Sem 5),722824106055,Karthik T,3
1517,ECE,5,U23EC514,U23EC514 - Electronics & Communication Systems (Sem 5),722824106055,Karthik T,3
1518,ECE,5,U23EC581,U23EC581 - Electronics & Communication Systems (Sem 5),722824106055,Karthik T,3
1519,ECE,5,U23EC592,U23EC592 - Electronics & Communication Systems (Sem 5),722824106055,Karthik T,3
1520,ECE,5,U23EC595,U23EC595 - Electronics & Communication Systems (Sem 5),722824106055,Karthik T,3
1521,ECE,7,U23CB103,U23CB103 - Computer Science & Business Systems (Sem 7),722823106001,Karthik N,3
1522,ECE,7,U23CB104,U23CB104 - Computer Science & Business Systems (Sem 7),722823106001,Karthik N,3
1523,ECE,7,U23EC411,U23EC411 - Electronics & Communication Systems (Sem 7),722823106001,Karthik N,3
1524,ECE,7,U23EC483,U23EC483 - Electronics & Communication Systems (Sem 7),722823106001,Karthik N,3
1525,ECE,7,U23EC551,U23EC551 - Electronics & Communication Systems (Sem 7),722823106001,Karthik N,3
1526,ECE,7,U23OME01,U23OME01 - ECE Core Subject (Sem 7),722823106001,Karthik N,3
1527,ECE,7,U23CB103,U23CB103 - Computer Science & Business Systems (Sem 7),722823106010,Kavya N,3
1528,ECE,7,U23CB104,U23CB104 - Computer Science & Business Systems (Sem 7),722823106010,Kavya N,3
1529,ECE,7,U23EC411,U23EC411 - Electronics & Communication Systems (Sem 7),722823106010,Kavya N,3
1530,ECE,7,U23EC483,U23EC483 - Electronics & Communication Systems (Sem 7),722823106010,Kavya N,3
1531,ECE,7,U23EC551,U23EC551 - Electronics & Communication Systems (Sem 7),722823106010,Kavya N,3
1532,ECE,7,U23OME01,U23OME01 - ECE Core Subject (Sem 7),722823106010,Kavya N,3
1533,ECE,7,U23CB103,U23CB103 - Computer Science & Business Systems (Sem 7),722823106091,Karthik T,3
1534,ECE,7,U23CB104,U23CB104 - Computer Science & Business Systems (Sem 7),722823106091,Karthik T,3
1535,ECE,7,U23EC411,U23EC411 - Electronics & Communication Systems (Sem 7),722823106091,Karthik T,3
1536,ECE,7,U23EC483,U23EC483 - Electronics & Communication Systems (Sem 7),722823106091,Karthik T,3
1537,ECE,7,U23EC551,U23EC551 - Electronics & Communication Systems (Sem 7),722823106091,Karthik T,3
1538,ECE,7,U23OME01,U23OME01 - ECE Core Subject (Sem 7),722823106091,Karthik T,3
1539,ECE,3,U23MA207,U23MA207 - Advanced Mathematics & Statistics (Sem 3),722825106010,Elango R,3
1540,ECE,3,U23EC403,U23EC403 - Electronics & Communication Systems (Sem 3),722825106010,Elango R,3
1541,ECE,3,U23OCS82,U23OCS82 - ECE Core Subject (Sem 3),722825106010,Elango R,3
1542,ECE,3,U23EC421,U23EC421 - Electronics & Communication Systems (Sem 3),722825106010,Elango R,3
1543,ECE,3,U23EC422,U23EC422 - Electronics & Communication Systems (Sem 3),722825106010,Elango R,3
1544,ECE,3,U23CS491,U23CS491 - Computer Science & Software Systems (Sem 3),722825106010,Elango R,3
1545,ECE,3,U23MA207,U23MA207 - Advanced Mathematics & Statistics (Sem 3),722825106083,Naveen N,3
1546,ECE,3,U23EC403,U23EC403 - Electronics & Communication Systems (Sem 3),722825106083,Naveen N,3
1547,ECE,3,U23OCS82,U23OCS82 - ECE Core Subject (Sem 3),722825106083,Naveen N,3
1548,ECE,3,U23EC421,U23EC421 - Electronics & Communication Systems (Sem 3),722825106083,Naveen N,3
1549,ECE,3,U23EC422,U23EC422 - Electronics & Communication Systems (Sem 3),722825106083,Naveen N,3
1550,ECE,3,U23CS491,U23CS491 - Computer Science & Software Systems (Sem 3),722825106083,Naveen N,3
1551,ECE,3,U23MA207,U23MA207 - Advanced Mathematics & Statistics (Sem 3),722825106143,Gokul A,3
1552,ECE,3,U23EC403,U23EC403 - Electronics & Communication Systems (Sem 3),722825106143,Gokul A,3
1553,ECE,3,U23OCS82,U23OCS82 - ECE Core Subject (Sem 3),722825106143,Gokul A,3
1554,ECE,3,U23EC421,U23EC421 - Electronics & Communication Systems (Sem 3),722825106143,Gokul A,3
1555,ECE,3,U23EC422,U23EC422 - Electronics & Communication Systems (Sem 3),722825106143,Gokul A,3
1556,ECE,3,U23CS491,U23CS491 - Computer Science & Software Systems (Sem 3),722825106143,Gokul A,3
1557,ECE,3,U23MA207,U23MA207 - Advanced Mathematics & Statistics (Sem 3),722825106177,Vidyut V,3
1558,ECE,3,U23EC403,U23EC403 - Electronics & Communication Systems (Sem 3),722825106177,Vidyut V,3
1559,ECE,3,U23OCS82,U23OCS82 - ECE Core Subject (Sem 3),722825106177,Vidyut V,3
1560,ECE,3,U23EC421,U23EC421 - Electronics & Communication Systems (Sem 3),722825106177,Vidyut V,3
1561,ECE,3,U23EC422,U23EC422 - Electronics & Communication Systems (Sem 3),722825106177,Vidyut V,3
1562,ECE,3,U23CS491,U23CS491 - Computer Science & Software Systems (Sem 3),722825106177,Vidyut V,3
1563,ECE,3,U23MA207,U23MA207 - Advanced Mathematics & Statistics (Sem 3),722825106182,Manoj T,3
1564,ECE,3,U23EC403,U23EC403 - Electronics & Communication Systems (Sem 3),722825106182,Manoj T,3
1565,ECE,3,U23OCS82,U23OCS82 - ECE Core Subject (Sem 3),722825106182,Manoj T,3
1566,ECE,3,U23EC421,U23EC421 - Electronics & Communication Systems (Sem 3),722825106182,Manoj T,3
1567,ECE,3,U23EC422,U23EC422 - Electronics & Communication Systems (Sem 3),722825106182,Manoj T,3
1568,ECE,3,U23CS491,U23CS491 - Computer Science & Software Systems (Sem 3),722825106182,Manoj T,3
1569,ECE,3,U23MA207,U23MA207 - Advanced Mathematics & Statistics (Sem 3),722825106501,Aravind V,3
1570,ECE,3,U23EC403,U23EC403 - Electronics & Communication Systems (Sem 3),722825106501,Aravind V,3
1571,ECE,3,U23OCS82,U23OCS82 - ECE Core Subject (Sem 3),722825106501,Aravind V,3
1572,ECE,3,U23EC421,U23EC421 - Electronics & Communication Systems (Sem 3),722825106501,Aravind V,3
1573,ECE,3,U23EC422,U23EC422 - Electronics & Communication Systems (Sem 3),722825106501,Aravind V,3
1574,ECE,3,U23CS491,U23CS491 - Computer Science & Software Systems (Sem 3),722825106501,Aravind V,3
1575,ECE,3,U23MA207,U23MA207 - Advanced Mathematics & Statistics (Sem 3),722825106021,Karthik R,3
1576,ECE,3,U23EC403,U23EC403 - Electronics & Communication Systems (Sem 3),722825106021,Karthik R,3
1577,ECE,3,U23OCS82,U23OCS82 - ECE Core Subject (Sem 3),722825106021,Karthik R,3
1578,ECE,3,U23EC421,U23EC421 - Electronics & Communication Systems (Sem 3),722825106021,Karthik R,3
1579,ECE,3,U23EC422,U23EC422 - Electronics & Communication Systems (Sem 3),722825106021,Karthik R,3
1580,ECE,3,U23CS491,U23CS491 - Computer Science & Software Systems (Sem 3),722825106021,Karthik R,3
1581,ECE,3,U23MA207,U23MA207 - Advanced Mathematics & Statistics (Sem 3),722825106025,Naveen A,3
1582,ECE,3,U23EC403,U23EC403 - Electronics & Communication Systems (Sem 3),722825106025,Naveen A,3
1583,ECE,3,U23OCS82,U23OCS82 - ECE Core Subject (Sem 3),722825106025,Naveen A,3
1584,ECE,3,U23EC421,U23EC421 - Electronics & Communication Systems (Sem 3),722825106025,Naveen A,3
1585,ECE,3,U23EC422,U23EC422 - Electronics & Communication Systems (Sem 3),722825106025,Naveen A,3
1586,ECE,3,U23CS491,U23CS491 - Computer Science & Software Systems (Sem 3),722825106025,Naveen A,3
1587,ECE,3,U23MA207,U23MA207 - Advanced Mathematics & Statistics (Sem 3),722825106080,Yash P,3
1588,ECE,3,U23EC403,U23EC403 - Electronics & Communication Systems (Sem 3),722825106080,Yash P,3
1589,ECE,3,U23OCS82,U23OCS82 - ECE Core Subject (Sem 3),722825106080,Yash P,3
1590,ECE,3,U23EC421,U23EC421 - Electronics & Communication Systems (Sem 3),722825106080,Yash P,3
1591,ECE,3,U23EC422,U23EC422 - Electronics & Communication Systems (Sem 3),722825106080,Yash P,3
1592,ECE,3,U23CS491,U23CS491 - Computer Science & Software Systems (Sem 3),722825106080,Yash P,3
1593,ECE,3,U23MA207,U23MA207 - Advanced Mathematics & Statistics (Sem 3),722825106128,Pavithra B,3
1594,ECE,3,U23EC403,U23EC403 - Electronics & Communication Systems (Sem 3),722825106128,Pavithra B,3
1595,ECE,3,U23OCS82,U23OCS82 - ECE Core Subject (Sem 3),722825106128,Pavithra B,3
1596,ECE,3,U23EC421,U23EC421 - Electronics & Communication Systems (Sem 3),722825106128,Pavithra B,3
1597,ECE,3,U23EC422,U23EC422 - Electronics & Communication Systems (Sem 3),722825106128,Pavithra B,3
1598,ECE,3,U23CS491,U23CS491 - Computer Science & Software Systems (Sem 3),722825106128,Pavithra B,3
1599,ECE,3,U23MA207,U23MA207 - Advanced Mathematics & Statistics (Sem 3),722825106136,Pavithra R,3
1600,ECE,3,U23EC403,U23EC403 - Electronics & Communication Systems (Sem 3),722825106136,Pavithra R,3
1601,ECE,3,U23OCS82,U23OCS82 - ECE Core Subject (Sem 3),722825106136,Pavithra R,3
1602,ECE,3,U23EC421,U23EC421 - Electronics & Communication Systems (Sem 3),722825106136,Pavithra R,3
1603,ECE,3,U23EC422,U23EC422 - Electronics & Communication Systems (Sem 3),722825106136,Pavithra R,3
1604,ECE,3,U23CS491,U23CS491 - Computer Science & Software Systems (Sem 3),722825106136,Pavithra R,3
1605,ECE,3,U23MA207,U23MA207 - Advanced Mathematics & Statistics (Sem 3),722825106142,Sanjay B,3
1606,ECE,3,U23EC403,U23EC403 - Electronics & Communication Systems (Sem 3),722825106142,Sanjay B,3
1607,ECE,3,U23OCS82,U23OCS82 - ECE Core Subject (Sem 3),722825106142,Sanjay B,3
1608,ECE,3,U23EC421,U23EC421 - Electronics & Communication Systems (Sem 3),722825106142,Sanjay B,3
1609,ECE,3,U23EC422,U23EC422 - Electronics & Communication Systems (Sem 3),722825106142,Sanjay B,3
1610,ECE,3,U23CS491,U23CS491 - Computer Science & Software Systems (Sem 3),722825106142,Sanjay B,3
1611,ECE,3,U23MA207,U23MA207 - Advanced Mathematics & Statistics (Sem 3),722825106004,Gokul K,3
1612,ECE,3,U23EC403,U23EC403 - Electronics & Communication Systems (Sem 3),722825106004,Gokul K,3
1613,ECE,3,U23OCS82,U23OCS82 - ECE Core Subject (Sem 3),722825106004,Gokul K,3
1614,ECE,3,U23EC421,U23EC421 - Electronics & Communication Systems (Sem 3),722825106004,Gokul K,3
1615,ECE,3,U23EC422,U23EC422 - Electronics & Communication Systems (Sem 3),722825106004,Gokul K,3
1616,ECE,3,U23CS491,U23CS491 - Computer Science & Software Systems (Sem 3),722825106004,Gokul K,3
1617,ECE,3,U23MA207,U23MA207 - Advanced Mathematics & Statistics (Sem 3),722825106016,Karthik T,3
1618,ECE,3,U23EC403,U23EC403 - Electronics & Communication Systems (Sem 3),722825106016,Karthik T,3
1619,ECE,3,U23OCS82,U23OCS82 - ECE Core Subject (Sem 3),722825106016,Karthik T,3
1620,ECE,3,U23EC421,U23EC421 - Electronics & Communication Systems (Sem 3),722825106016,Karthik T,3
1621,ECE,3,U23EC422,U23EC422 - Electronics & Communication Systems (Sem 3),722825106016,Karthik T,3
1622,ECE,3,U23CS491,U23CS491 - Computer Science & Software Systems (Sem 3),722825106016,Karthik T,3
1623,ECE,3,U23MA207,U23MA207 - Advanced Mathematics & Statistics (Sem 3),722825106017,Yash P,3
1624,ECE,3,U23EC403,U23EC403 - Electronics & Communication Systems (Sem 3),722825106017,Yash P,3
1625,ECE,3,U23OCS82,U23OCS82 - ECE Core Subject (Sem 3),722825106017,Yash P,3
1626,ECE,3,U23EC421,U23EC421 - Electronics & Communication Systems (Sem 3),722825106017,Yash P,3
1627,ECE,3,U23EC422,U23EC422 - Electronics & Communication Systems (Sem 3),722825106017,Yash P,3
1628,ECE,3,U23CS491,U23CS491 - Computer Science & Software Systems (Sem 3),722825106017,Yash P,3
1629,ECE,3,U23MA207,U23MA207 - Advanced Mathematics & Statistics (Sem 3),722825106023,Chandran R,3
1630,ECE,3,U23EC403,U23EC403 - Electronics & Communication Systems (Sem 3),722825106023,Chandran R,3
1631,ECE,3,U23OCS82,U23OCS82 - ECE Core Subject (Sem 3),722825106023,Chandran R,3
1632,ECE,3,U23EC421,U23EC421 - Electronics & Communication Systems (Sem 3),722825106023,Chandran R,3
1633,ECE,3,U23EC422,U23EC422 - Electronics & Communication Systems (Sem 3),722825106023,Chandran R,3
1634,ECE,3,U23CS491,U23CS491 - Computer Science & Software Systems (Sem 3),722825106023,Chandran R,3
1635,ECE,3,U23MA207,U23MA207 - Advanced Mathematics & Statistics (Sem 3),722825106045,Karthik R,3
1636,ECE,3,U23EC403,U23EC403 - Electronics & Communication Systems (Sem 3),722825106045,Karthik R,3
1637,ECE,3,U23OCS82,U23OCS82 - ECE Core Subject (Sem 3),722825106045,Karthik R,3
1638,ECE,3,U23EC421,U23EC421 - Electronics & Communication Systems (Sem 3),722825106045,Karthik R,3
1639,ECE,3,U23EC422,U23EC422 - Electronics & Communication Systems (Sem 3),722825106045,Karthik R,3
1640,ECE,3,U23CS491,U23CS491 - Computer Science & Software Systems (Sem 3),722825106045,Karthik R,3
1641,ECE,3,U23MA207,U23MA207 - Advanced Mathematics & Statistics (Sem 3),722825106052,Harini S,3
1642,ECE,3,U23EC403,U23EC403 - Electronics & Communication Systems (Sem 3),722825106052,Harini S,3
1643,ECE,3,U23OCS82,U23OCS82 - ECE Core Subject (Sem 3),722825106052,Harini S,3
1644,ECE,3,U23EC421,U23EC421 - Electronics & Communication Systems (Sem 3),722825106052,Harini S,3
1645,ECE,3,U23EC422,U23EC422 - Electronics & Communication Systems (Sem 3),722825106052,Harini S,3
1646,ECE,3,U23CS491,U23CS491 - Computer Science & Software Systems (Sem 3),722825106052,Harini S,3
1647,ECE,3,U23MA207,U23MA207 - Advanced Mathematics & Statistics (Sem 3),722825106056,Aravind M,3
1648,ECE,3,U23EC403,U23EC403 - Electronics & Communication Systems (Sem 3),722825106056,Aravind M,3
1649,ECE,3,U23OCS82,U23OCS82 - ECE Core Subject (Sem 3),722825106056,Aravind M,3
1650,ECE,3,U23EC421,U23EC421 - Electronics & Communication Systems (Sem 3),722825106056,Aravind M,3
1651,ECE,3,U23EC422,U23EC422 - Electronics & Communication Systems (Sem 3),722825106056,Aravind M,3
1652,ECE,3,U23CS491,U23CS491 - Computer Science & Software Systems (Sem 3),722825106056,Aravind M,3
1653,ECE,3,U23MA207,U23MA207 - Advanced Mathematics & Statistics (Sem 3),722825106059,Ishwarya B,3
1654,ECE,3,U23EC403,U23EC403 - Electronics & Communication Systems (Sem 3),722825106059,Ishwarya B,3
1655,ECE,3,U23OCS82,U23OCS82 - ECE Core Subject (Sem 3),722825106059,Ishwarya B,3
1656,ECE,3,U23EC421,U23EC421 - Electronics & Communication Systems (Sem 3),722825106059,Ishwarya B,3
1657,ECE,3,U23EC422,U23EC422 - Electronics & Communication Systems (Sem 3),722825106059,Ishwarya B,3
1658,ECE,3,U23CS491,U23CS491 - Computer Science & Software Systems (Sem 3),722825106059,Ishwarya B,3
1659,ECE,3,U23MA207,U23MA207 - Advanced Mathematics & Statistics (Sem 3),722825106071,Yash K,3
1660,ECE,3,U23EC403,U23EC403 - Electronics & Communication Systems (Sem 3),722825106071,Yash K,3
1661,ECE,3,U23OCS82,U23OCS82 - ECE Core Subject (Sem 3),722825106071,Yash K,3
1662,ECE,3,U23EC421,U23EC421 - Electronics & Communication Systems (Sem 3),722825106071,Yash K,3
1663,ECE,3,U23EC422,U23EC422 - Electronics & Communication Systems (Sem 3),722825106071,Yash K,3
1664,ECE,3,U23CS491,U23CS491 - Computer Science & Software Systems (Sem 3),722825106071,Yash K,3
1665,ECE,3,U23MA207,U23MA207 - Advanced Mathematics & Statistics (Sem 3),722825106105,Pavithra N,3
1666,ECE,3,U23EC403,U23EC403 - Electronics & Communication Systems (Sem 3),722825106105,Pavithra N,3
1667,ECE,3,U23OCS82,U23OCS82 - ECE Core Subject (Sem 3),722825106105,Pavithra N,3
1668,ECE,3,U23EC421,U23EC421 - Electronics & Communication Systems (Sem 3),722825106105,Pavithra N,3
1669,ECE,3,U23EC422,U23EC422 - Electronics & Communication Systems (Sem 3),722825106105,Pavithra N,3
1670,ECE,3,U23CS491,U23CS491 - Computer Science & Software Systems (Sem 3),722825106105,Pavithra N,3
1671,ECE,3,U23MA207,U23MA207 - Advanced Mathematics & Statistics (Sem 3),722825106139,Vidyut R,3
1672,ECE,3,U23EC403,U23EC403 - Electronics & Communication Systems (Sem 3),722825106139,Vidyut R,3
1673,ECE,3,U23OCS82,U23OCS82 - ECE Core Subject (Sem 3),722825106139,Vidyut R,3
1674,ECE,3,U23EC421,U23EC421 - Electronics & Communication Systems (Sem 3),722825106139,Vidyut R,3
1675,ECE,3,U23EC422,U23EC422 - Electronics & Communication Systems (Sem 3),722825106139,Vidyut R,3
1676,ECE,3,U23CS491,U23CS491 - Computer Science & Software Systems (Sem 3),722825106139,Vidyut R,3
1677,ECE,3,U23MA207,U23MA207 - Advanced Mathematics & Statistics (Sem 3),722825106181,Manoj B,3
1678,ECE,3,U23EC403,U23EC403 - Electronics & Communication Systems (Sem 3),722825106181,Manoj B,3
1679,ECE,3,U23OCS82,U23OCS82 - ECE Core Subject (Sem 3),722825106181,Manoj B,3
1680,ECE,3,U23EC421,U23EC421 - Electronics & Communication Systems (Sem 3),722825106181,Manoj B,3
1681,ECE,3,U23EC422,U23EC422 - Electronics & Communication Systems (Sem 3),722825106181,Manoj B,3
1682,ECE,3,U23CS491,U23CS491 - Computer Science & Software Systems (Sem 3),722825106181,Manoj B,3
1683,ECE,3,U23MA207,U23MA207 - Advanced Mathematics & Statistics (Sem 3),722825106188,Manoj R,3
1684,ECE,3,U23EC403,U23EC403 - Electronics & Communication Systems (Sem 3),722825106188,Manoj R,3
1685,ECE,3,U23OCS82,U23OCS82 - ECE Core Subject (Sem 3),722825106188,Manoj R,3
1686,ECE,3,U23EC421,U23EC421 - Electronics & Communication Systems (Sem 3),722825106188,Manoj R,3
1687,ECE,3,U23EC422,U23EC422 - Electronics & Communication Systems (Sem 3),722825106188,Manoj R,3
1688,ECE,3,U23CS491,U23CS491 - Computer Science & Software Systems (Sem 3),722825106188,Manoj R,3
1689,ECE,3,U23MA207,U23MA207 - Advanced Mathematics & Statistics (Sem 3),722825106018,Elango M,3
1690,ECE,3,U23EC403,U23EC403 - Electronics & Communication Systems (Sem 3),722825106018,Elango M,3
1691,ECE,3,U23OCS82,U23OCS82 - ECE Core Subject (Sem 3),722825106018,Elango M,3
1692,ECE,3,U23EC421,U23EC421 - Electronics & Communication Systems (Sem 3),722825106018,Elango M,3
1693,ECE,3,U23EC422,U23EC422 - Electronics & Communication Systems (Sem 3),722825106018,Elango M,3
1694,ECE,3,U23CS491,U23CS491 - Computer Science & Software Systems (Sem 3),722825106018,Elango M,3
1695,ECE,3,U23MA207,U23MA207 - Advanced Mathematics & Statistics (Sem 3),722825106041,Deepak N,3
1696,ECE,3,U23EC403,U23EC403 - Electronics & Communication Systems (Sem 3),722825106041,Deepak N,3
1697,ECE,3,U23OCS82,U23OCS82 - ECE Core Subject (Sem 3),722825106041,Deepak N,3
1698,ECE,3,U23EC421,U23EC421 - Electronics & Communication Systems (Sem 3),722825106041,Deepak N,3
1699,ECE,3,U23EC422,U23EC422 - Electronics & Communication Systems (Sem 3),722825106041,Deepak N,3
1700,ECE,3,U23CS491,U23CS491 - Computer Science & Software Systems (Sem 3),722825106041,Deepak N,3
1701,ECE,3,U23MA207,U23MA207 - Advanced Mathematics & Statistics (Sem 3),722825106042,Ishwarya S,3
1702,ECE,3,U23EC403,U23EC403 - Electronics & Communication Systems (Sem 3),722825106042,Ishwarya S,3
1703,ECE,3,U23OCS82,U23OCS82 - ECE Core Subject (Sem 3),722825106042,Ishwarya S,3
1704,ECE,3,U23EC421,U23EC421 - Electronics & Communication Systems (Sem 3),722825106042,Ishwarya S,3
1705,ECE,3,U23EC422,U23EC422 - Electronics & Communication Systems (Sem 3),722825106042,Ishwarya S,3
1706,ECE,3,U23CS491,U23CS491 - Computer Science & Software Systems (Sem 3),722825106042,Ishwarya S,3
1707,ECE,3,U23MA207,U23MA207 - Advanced Mathematics & Statistics (Sem 3),722825106043,Sanjay B,3
1708,ECE,3,U23EC403,U23EC403 - Electronics & Communication Systems (Sem 3),722825106043,Sanjay B,3
1709,ECE,3,U23OCS82,U23OCS82 - ECE Core Subject (Sem 3),722825106043,Sanjay B,3
1710,ECE,3,U23EC421,U23EC421 - Electronics & Communication Systems (Sem 3),722825106043,Sanjay B,3
1711,ECE,3,U23EC422,U23EC422 - Electronics & Communication Systems (Sem 3),722825106043,Sanjay B,3
1712,ECE,3,U23CS491,U23CS491 - Computer Science & Software Systems (Sem 3),722825106043,Sanjay B,3
1713,ECE,3,U23MA207,U23MA207 - Advanced Mathematics & Statistics (Sem 3),722825106126,Bhavana T,3
1714,ECE,3,U23EC403,U23EC403 - Electronics & Communication Systems (Sem 3),722825106126,Bhavana T,3
1715,ECE,3,U23OCS82,U23OCS82 - ECE Core Subject (Sem 3),722825106126,Bhavana T,3
1716,ECE,3,U23EC421,U23EC421 - Electronics & Communication Systems (Sem 3),722825106126,Bhavana T,3
1717,ECE,3,U23EC422,U23EC422 - Electronics & Communication Systems (Sem 3),722825106126,Bhavana T,3
1718,ECE,3,U23CS491,U23CS491 - Computer Science & Software Systems (Sem 3),722825106126,Bhavana T,3
1719,ECE,5,U23EC492,U23EC492 - Electronics & Communication Systems (Sem 5),722824106028,Ishwarya K,3
1720,ECE,5,U23EC407,U23EC407 - Electronics & Communication Systems (Sem 5),722824106028,Ishwarya K,3
1721,ECE,5,U23EC408,U23EC408 - Electronics & Communication Systems (Sem 5),722824106028,Ishwarya K,3
1722,ECE,5,U23EC482,U23EC482 - Electronics & Communication Systems (Sem 5),722824106028,Ishwarya K,3
1723,ECE,5,U23EC514,U23EC514 - Electronics & Communication Systems (Sem 5),722824106028,Ishwarya K,3
1724,ECE,5,U23EC581,U23EC581 - Electronics & Communication Systems (Sem 5),722824106028,Ishwarya K,3
1725,ECE,5,U23EC592,U23EC592 - Electronics & Communication Systems (Sem 5),722824106028,Ishwarya K,3
1726,ECE,5,U23EC595,U23EC595 - Electronics & Communication Systems (Sem 5),722824106028,Ishwarya K,3
1727,ECE,5,U23EC492,U23EC492 - Electronics & Communication Systems (Sem 5),722824106161,Pavithra S,3
1728,ECE,5,U23EC407,U23EC407 - Electronics & Communication Systems (Sem 5),722824106161,Pavithra S,3
1729,ECE,5,U23EC408,U23EC408 - Electronics & Communication Systems (Sem 5),722824106161,Pavithra S,3
1730,ECE,5,U23EC482,U23EC482 - Electronics & Communication Systems (Sem 5),722824106161,Pavithra S,3
1731,ECE,5,U23EC514,U23EC514 - Electronics & Communication Systems (Sem 5),722824106161,Pavithra S,3
1732,ECE,5,U23EC581,U23EC581 - Electronics & Communication Systems (Sem 5),722824106161,Pavithra S,3
1733,ECE,5,U23EC592,U23EC592 - Electronics & Communication Systems (Sem 5),722824106161,Pavithra S,3
1734,ECE,5,U23EC595,U23EC595 - Electronics & Communication Systems (Sem 5),722824106161,Pavithra S,3
1735,ECE,5,U23EC492,U23EC492 - Electronics & Communication Systems (Sem 5),722824106311,Pavithra T,3
1736,ECE,5,U23EC407,U23EC407 - Electronics & Communication Systems (Sem 5),722824106311,Pavithra T,3
1737,ECE,5,U23EC408,U23EC408 - Electronics & Communication Systems (Sem 5),722824106311,Pavithra T,3
1738,ECE,5,U23EC482,U23EC482 - Electronics & Communication Systems (Sem 5),722824106311,Pavithra T,3
1739,ECE,5,U23EC514,U23EC514 - Electronics & Communication Systems (Sem 5),722824106311,Pavithra T,3
1740,ECE,5,U23EC581,U23EC581 - Electronics & Communication Systems (Sem 5),722824106311,Pavithra T,3
1741,ECE,5,U23EC592,U23EC592 - Electronics & Communication Systems (Sem 5),722824106311,Pavithra T,3
1742,ECE,5,U23EC595,U23EC595 - Electronics & Communication Systems (Sem 5),722824106311,Pavithra T,3
1743,ECE,5,U23EC492,U23EC492 - Electronics & Communication Systems (Sem 5),722824106174,Swetha A,3
1744,ECE,5,U23EC407,U23EC407 - Electronics & Communication Systems (Sem 5),722824106174,Swetha A,3
1745,ECE,5,U23EC408,U23EC408 - Electronics & Communication Systems (Sem 5),722824106174,Swetha A,3
1746,ECE,5,U23EC482,U23EC482 - Electronics & Communication Systems (Sem 5),722824106174,Swetha A,3
1747,ECE,5,U23EC514,U23EC514 - Electronics & Communication Systems (Sem 5),722824106174,Swetha A,3
1748,ECE,5,U23EC581,U23EC581 - Electronics & Communication Systems (Sem 5),722824106174,Swetha A,3
1749,ECE,5,U23EC592,U23EC592 - Electronics & Communication Systems (Sem 5),722824106174,Swetha A,3
1750,ECE,5,U23EC595,U23EC595 - Electronics & Communication Systems (Sem 5),722824106174,Swetha A,3
1751,ECE,5,U23EC492,U23EC492 - Electronics & Communication Systems (Sem 5),722824106004,Kavya B,3
1752,ECE,5,U23EC407,U23EC407 - Electronics & Communication Systems (Sem 5),722824106004,Kavya B,3
1753,ECE,5,U23EC408,U23EC408 - Electronics & Communication Systems (Sem 5),722824106004,Kavya B,3
1754,ECE,5,U23EC482,U23EC482 - Electronics & Communication Systems (Sem 5),722824106004,Kavya B,3
1755,ECE,5,U23EC514,U23EC514 - Electronics & Communication Systems (Sem 5),722824106004,Kavya B,3
1756,ECE,5,U23EC581,U23EC581 - Electronics & Communication Systems (Sem 5),722824106004,Kavya B,3
1757,ECE,5,U23EC592,U23EC592 - Electronics & Communication Systems (Sem 5),722824106004,Kavya B,3
1758,ECE,5,U23EC595,U23EC595 - Electronics & Communication Systems (Sem 5),722824106004,Kavya B,3
1759,ECE,5,U23EC492,U23EC492 - Electronics & Communication Systems (Sem 5),722824106136,Yash T,3
1760,ECE,5,U23EC407,U23EC407 - Electronics & Communication Systems (Sem 5),722824106136,Yash T,3
1761,ECE,5,U23EC408,U23EC408 - Electronics & Communication Systems (Sem 5),722824106136,Yash T,3
1762,ECE,5,U23EC482,U23EC482 - Electronics & Communication Systems (Sem 5),722824106136,Yash T,3
1763,ECE,5,U23EC514,U23EC514 - Electronics & Communication Systems (Sem 5),722824106136,Yash T,3
1764,ECE,5,U23EC581,U23EC581 - Electronics & Communication Systems (Sem 5),722824106136,Yash T,3
1765,ECE,5,U23EC592,U23EC592 - Electronics & Communication Systems (Sem 5),722824106136,Yash T,3
1766,ECE,5,U23EC595,U23EC595 - Electronics & Communication Systems (Sem 5),722824106136,Yash T,3
1767,ECE,5,U23EC492,U23EC492 - Electronics & Communication Systems (Sem 5),722824106139,Naveen T,3
1768,ECE,5,U23EC407,U23EC407 - Electronics & Communication Systems (Sem 5),722824106139,Naveen T,3
1769,ECE,5,U23EC408,U23EC408 - Electronics & Communication Systems (Sem 5),722824106139,Naveen T,3
1770,ECE,5,U23EC482,U23EC482 - Electronics & Communication Systems (Sem 5),722824106139,Naveen T,3
1771,ECE,5,U23EC514,U23EC514 - Electronics & Communication Systems (Sem 5),722824106139,Naveen T,3
1772,ECE,5,U23EC581,U23EC581 - Electronics & Communication Systems (Sem 5),722824106139,Naveen T,3
1773,ECE,5,U23EC592,U23EC592 - Electronics & Communication Systems (Sem 5),722824106139,Naveen T,3
1774,ECE,5,U23EC595,U23EC595 - Electronics & Communication Systems (Sem 5),722824106139,Naveen T,3
1775,ECE,5,U23EC492,U23EC492 - Electronics & Communication Systems (Sem 5),722824106001,Pavithra S,3
1776,ECE,5,U23EC407,U23EC407 - Electronics & Communication Systems (Sem 5),722824106001,Pavithra S,3
1777,ECE,5,U23EC408,U23EC408 - Electronics & Communication Systems (Sem 5),722824106001,Pavithra S,3
1778,ECE,5,U23EC482,U23EC482 - Electronics & Communication Systems (Sem 5),722824106001,Pavithra S,3
1779,ECE,5,U23EC514,U23EC514 - Electronics & Communication Systems (Sem 5),722824106001,Pavithra S,3
1780,ECE,5,U23EC581,U23EC581 - Electronics & Communication Systems (Sem 5),722824106001,Pavithra S,3
1781,ECE,5,U23EC592,U23EC592 - Electronics & Communication Systems (Sem 5),722824106001,Pavithra S,3
1782,ECE,5,U23EC595,U23EC595 - Electronics & Communication Systems (Sem 5),722824106001,Pavithra S,3
1783,ECE,5,U23EC492,U23EC492 - Electronics & Communication Systems (Sem 5),722824106049,Rahul B,3
1784,ECE,5,U23EC407,U23EC407 - Electronics & Communication Systems (Sem 5),722824106049,Rahul B,3
1785,ECE,5,U23EC408,U23EC408 - Electronics & Communication Systems (Sem 5),722824106049,Rahul B,3
1786,ECE,5,U23EC482,U23EC482 - Electronics & Communication Systems (Sem 5),722824106049,Rahul B,3
1787,ECE,5,U23EC514,U23EC514 - Electronics & Communication Systems (Sem 5),722824106049,Rahul B,3
1788,ECE,5,U23EC581,U23EC581 - Electronics & Communication Systems (Sem 5),722824106049,Rahul B,3
1789,ECE,5,U23EC592,U23EC592 - Electronics & Communication Systems (Sem 5),722824106049,Rahul B,3
1790,ECE,5,U23EC595,U23EC595 - Electronics & Communication Systems (Sem 5),722824106049,Rahul B,3
1791,ECE,7,U23CB103,U23CB103 - Computer Science & Business Systems (Sem 7),722823106178,Jayant R,3
1792,ECE,7,U23CB104,U23CB104 - Computer Science & Business Systems (Sem 7),722823106178,Jayant R,3
1793,ECE,7,U23EC411,U23EC411 - Electronics & Communication Systems (Sem 7),722823106178,Jayant R,3
1794,ECE,7,U23EC483,U23EC483 - Electronics & Communication Systems (Sem 7),722823106178,Jayant R,3
1795,ECE,7,U23EC551,U23EC551 - Electronics & Communication Systems (Sem 7),722823106178,Jayant R,3
1796,ECE,7,U23OME01,U23OME01 - ECE Core Subject (Sem 7),722823106178,Jayant R,3
1797,ECE,7,U23CB103,U23CB103 - Computer Science & Business Systems (Sem 7),722823106034,Jayant T,3
1798,ECE,7,U23CB104,U23CB104 - Computer Science & Business Systems (Sem 7),722823106034,Jayant T,3
1799,ECE,7,U23EC411,U23EC411 - Electronics & Communication Systems (Sem 7),722823106034,Jayant T,3
1800,ECE,7,U23EC483,U23EC483 - Electronics & Communication Systems (Sem 7),722823106034,Jayant T,3
1801,ECE,7,U23EC551,U23EC551 - Electronics & Communication Systems (Sem 7),722823106034,Jayant T,3
1802,ECE,7,U23OME01,U23OME01 - ECE Core Subject (Sem 7),722823106034,Jayant T,3
1803,ECE,7,U23CB103,U23CB103 - Computer Science & Business Systems (Sem 7),722823106146,Rahul R,3
1804,ECE,7,U23CB104,U23CB104 - Computer Science & Business Systems (Sem 7),722823106146,Rahul R,3
1805,ECE,7,U23EC411,U23EC411 - Electronics & Communication Systems (Sem 7),722823106146,Rahul R,3
1806,ECE,7,U23EC483,U23EC483 - Electronics & Communication Systems (Sem 7),722823106146,Rahul R,3
1807,ECE,7,U23EC551,U23EC551 - Electronics & Communication Systems (Sem 7),722823106146,Rahul R,3
1808,ECE,7,U23OME01,U23OME01 - ECE Core Subject (Sem 7),722823106146,Rahul R,3
1809,ECE,7,U23CB103,U23CB103 - Computer Science & Business Systems (Sem 7),722823106165,Jayant B,3
1810,ECE,7,U23CB104,U23CB104 - Computer Science & Business Systems (Sem 7),722823106165,Jayant B,3
1811,ECE,7,U23EC411,U23EC411 - Electronics & Communication Systems (Sem 7),722823106165,Jayant B,3
1812,ECE,7,U23EC483,U23EC483 - Electronics & Communication Systems (Sem 7),722823106165,Jayant B,3
1813,ECE,7,U23EC551,U23EC551 - Electronics & Communication Systems (Sem 7),722823106165,Jayant B,3
1814,ECE,7,U23OME01,U23OME01 - ECE Core Subject (Sem 7),722823106165,Jayant B,3
1815,ECE,7,U23CB103,U23CB103 - Computer Science & Business Systems (Sem 7),722823106187,Chandran V,3
1816,ECE,7,U23CB104,U23CB104 - Computer Science & Business Systems (Sem 7),722823106187,Chandran V,3
1817,ECE,7,U23EC411,U23EC411 - Electronics & Communication Systems (Sem 7),722823106187,Chandran V,3
1818,ECE,7,U23EC483,U23EC483 - Electronics & Communication Systems (Sem 7),722823106187,Chandran V,3
1819,ECE,7,U23EC551,U23EC551 - Electronics & Communication Systems (Sem 7),722823106187,Chandran V,3
1820,ECE,7,U23OME01,U23OME01 - ECE Core Subject (Sem 7),722823106187,Chandran V,3
1821,EEE,5,U23EE407,U23EE407 - Electrical Power & Energy Engineering (Sem 5),722824105501,Ishwarya V,3
1822,EEE,5,U23EE408,U23EE408 - Electrical Power & Energy Engineering (Sem 5),722824105501,Ishwarya V,3
1823,EEE,5,U23EE491,U23EE491 - Electrical Power & Energy Engineering (Sem 5),722824105501,Ishwarya V,3
1824,EEE,5,U23EE582,U23EE582 - Electrical Power & Energy Engineering (Sem 5),722824105501,Ishwarya V,3
1825,EEE,5,U23EE585,U23EE585 - Electrical Power & Energy Engineering (Sem 5),722824105501,Ishwarya V,3
1826,EEE,5,U23EE409,U23EE409 - Electrical Power & Energy Engineering (Sem 5),722824105501,Ishwarya V,3
1827,EEE,5,U23OCS85,U23OCS85 - EEE Core Subject (Sem 5),722824105501,Ishwarya V,3
1828,EEE,5,U23EE407,U23EE407 - Electrical Power & Energy Engineering (Sem 5),722824105307,Kavya P,3
1829,EEE,5,U23EE408,U23EE408 - Electrical Power & Energy Engineering (Sem 5),722824105307,Kavya P,3
1830,EEE,5,U23EE491,U23EE491 - Electrical Power & Energy Engineering (Sem 5),722824105307,Kavya P,3
1831,EEE,5,U23EE582,U23EE582 - Electrical Power & Energy Engineering (Sem 5),722824105307,Kavya P,3
1832,EEE,5,U23EE585,U23EE585 - Electrical Power & Energy Engineering (Sem 5),722824105307,Kavya P,3
1833,EEE,5,U23EE409,U23EE409 - Electrical Power & Energy Engineering (Sem 5),722824105307,Kavya P,3
1834,EEE,5,U23OCS85,U23OCS85 - EEE Core Subject (Sem 5),722824105307,Kavya P,3
1835,EEE,5,U23EE407,U23EE407 - Electrical Power & Energy Engineering (Sem 5),722824105301,Swetha K,3
1836,EEE,5,U23EE408,U23EE408 - Electrical Power & Energy Engineering (Sem 5),722824105301,Swetha K,3
1837,EEE,5,U23EE491,U23EE491 - Electrical Power & Energy Engineering (Sem 5),722824105301,Swetha K,3
1838,EEE,5,U23EE582,U23EE582 - Electrical Power & Energy Engineering (Sem 5),722824105301,Swetha K,3
1839,EEE,5,U23EE585,U23EE585 - Electrical Power & Energy Engineering (Sem 5),722824105301,Swetha K,3
1840,EEE,5,U23EE409,U23EE409 - Electrical Power & Energy Engineering (Sem 5),722824105301,Swetha K,3
1841,EEE,5,U23OCS85,U23OCS85 - EEE Core Subject (Sem 5),722824105301,Swetha K,3
1842,EEE,5,U23EE407,U23EE407 - Electrical Power & Energy Engineering (Sem 5),722824105303,Elango S,3
1843,EEE,5,U23EE408,U23EE408 - Electrical Power & Energy Engineering (Sem 5),722824105303,Elango S,3
1844,EEE,5,U23EE491,U23EE491 - Electrical Power & Energy Engineering (Sem 5),722824105303,Elango S,3
1845,EEE,5,U23EE582,U23EE582 - Electrical Power & Energy Engineering (Sem 5),722824105303,Elango S,3
1846,EEE,5,U23EE585,U23EE585 - Electrical Power & Energy Engineering (Sem 5),722824105303,Elango S,3
1847,EEE,5,U23EE409,U23EE409 - Electrical Power & Energy Engineering (Sem 5),722824105303,Elango S,3
1848,EEE,5,U23OCS85,U23OCS85 - EEE Core Subject (Sem 5),722824105303,Elango S,3
1849,EEE,7,U23CB103,U23CB103 - Computer Science & Business Systems (Sem 7),722823105049,Ishwarya N,3
1850,EEE,7,U23CB104,U23CB104 - Computer Science & Business Systems (Sem 7),722823105049,Ishwarya N,3
1851,EEE,7,U23EE413,U23EE413 - Electrical Power & Energy Engineering (Sem 7),722823105049,Ishwarya N,3
1852,EEE,7,U23EE582,U23EE582 - Electrical Power & Energy Engineering (Sem 7),722823105049,Ishwarya N,3
1853,EEE,7,U23EE514,U23EE514 - Electrical Power & Energy Engineering (Sem 7),722823105049,Ishwarya N,3
1854,EEE,7,U23EE544,U23EE544 - Electrical Power & Energy Engineering (Sem 7),722823105049,Ishwarya N,3
1855,EEE,7,U23EE522,U23EE522 - Electrical Power & Energy Engineering (Sem 7),722823105049,Ishwarya N,3
1856,EEE,7,U23EE524,U23EE524 - Electrical Power & Energy Engineering (Sem 7),722823105049,Ishwarya N,3
1857,EEE,7,U23CB103,U23CB103 - Computer Science & Business Systems (Sem 7),722823105048,Elango R,3
1858,EEE,7,U23CB104,U23CB104 - Computer Science & Business Systems (Sem 7),722823105048,Elango R,3
1859,EEE,7,U23EE413,U23EE413 - Electrical Power & Energy Engineering (Sem 7),722823105048,Elango R,3
1860,EEE,7,U23EE582,U23EE582 - Electrical Power & Energy Engineering (Sem 7),722823105048,Elango R,3
1861,EEE,7,U23EE514,U23EE514 - Electrical Power & Energy Engineering (Sem 7),722823105048,Elango R,3
1862,EEE,7,U23EE544,U23EE544 - Electrical Power & Energy Engineering (Sem 7),722823105048,Elango R,3
1863,EEE,7,U23EE522,U23EE522 - Electrical Power & Energy Engineering (Sem 7),722823105048,Elango R,3
1864,EEE,7,U23EE524,U23EE524 - Electrical Power & Energy Engineering (Sem 7),722823105048,Elango R,3
1865,EEE,3,U23MA207,U23MA207 - Advanced Mathematics & Statistics (Sem 3),722825105014,Chandran N,3
1866,EEE,3,U23CS303,U23CS303 - Computer Science & Software Systems (Sem 3),722825105014,Chandran N,3
1867,EEE,3,U23OCS82,U23OCS82 - EEE Core Subject (Sem 3),722825105014,Chandran N,3
1868,EEE,3,U23EE403,U23EE403 - Electrical Power & Energy Engineering (Sem 3),722825105014,Chandran N,3
1869,EEE,3,U23CS491,U23CS491 - Computer Science & Software Systems (Sem 3),722825105014,Chandran N,3
1870,EEE,3,U23EE402,U23EE402 - Electrical Power & Energy Engineering (Sem 3),722825105014,Chandran N,3
1871,EEE,3,U23MA207,U23MA207 - Advanced Mathematics & Statistics (Sem 3),722825105029,Naveen P,3
1872,EEE,3,U23CS303,U23CS303 - Computer Science & Software Systems (Sem 3),722825105029,Naveen P,3
1873,EEE,3,U23OCS82,U23OCS82 - EEE Core Subject (Sem 3),722825105029,Naveen P,3
1874,EEE,3,U23EE403,U23EE403 - Electrical Power & Energy Engineering (Sem 3),722825105029,Naveen P,3
1875,EEE,3,U23CS491,U23CS491 - Computer Science & Software Systems (Sem 3),722825105029,Naveen P,3
1876,EEE,3,U23EE402,U23EE402 - Electrical Power & Energy Engineering (Sem 3),722825105029,Naveen P,3
1877,EEE,3,U23MA207,U23MA207 - Advanced Mathematics & Statistics (Sem 3),722825105056,Swetha B,3
1878,EEE,3,U23CS303,U23CS303 - Computer Science & Software Systems (Sem 3),722825105056,Swetha B,3
1879,EEE,3,U23OCS82,U23OCS82 - EEE Core Subject (Sem 3),722825105056,Swetha B,3
1880,EEE,3,U23EE403,U23EE403 - Electrical Power & Energy Engineering (Sem 3),722825105056,Swetha B,3
1881,EEE,3,U23CS491,U23CS491 - Computer Science & Software Systems (Sem 3),722825105056,Swetha B,3
1882,EEE,3,U23EE402,U23EE402 - Electrical Power & Energy Engineering (Sem 3),722825105056,Swetha B,3
1883,EEE,3,U23MA207,U23MA207 - Advanced Mathematics & Statistics (Sem 3),722825105003,Naveen M,3
1884,EEE,3,U23CS303,U23CS303 - Computer Science & Software Systems (Sem 3),722825105003,Naveen M,3
1885,EEE,3,U23OCS82,U23OCS82 - EEE Core Subject (Sem 3),722825105003,Naveen M,3
1886,EEE,3,U23EE403,U23EE403 - Electrical Power & Energy Engineering (Sem 3),722825105003,Naveen M,3
1887,EEE,3,U23CS491,U23CS491 - Computer Science & Software Systems (Sem 3),722825105003,Naveen M,3
1888,EEE,3,U23EE402,U23EE402 - Electrical Power & Energy Engineering (Sem 3),722825105003,Naveen M,3
1889,EEE,3,U23MA207,U23MA207 - Advanced Mathematics & Statistics (Sem 3),722825105010,Harini N,3
1890,EEE,3,U23CS303,U23CS303 - Computer Science & Software Systems (Sem 3),722825105010,Harini N,3
1891,EEE,3,U23OCS82,U23OCS82 - EEE Core Subject (Sem 3),722825105010,Harini N,3
1892,EEE,3,U23EE403,U23EE403 - Electrical Power & Energy Engineering (Sem 3),722825105010,Harini N,3
1893,EEE,3,U23CS491,U23CS491 - Computer Science & Software Systems (Sem 3),722825105010,Harini N,3
1894,EEE,3,U23EE402,U23EE402 - Electrical Power & Energy Engineering (Sem 3),722825105010,Harini N,3
1895,EEE,3,U23MA207,U23MA207 - Advanced Mathematics & Statistics (Sem 3),722825105016,Manoj A,3
1896,EEE,3,U23CS303,U23CS303 - Computer Science & Software Systems (Sem 3),722825105016,Manoj A,3
1897,EEE,3,U23OCS82,U23OCS82 - EEE Core Subject (Sem 3),722825105016,Manoj A,3
1898,EEE,3,U23EE403,U23EE403 - Electrical Power & Energy Engineering (Sem 3),722825105016,Manoj A,3
1899,EEE,3,U23CS491,U23CS491 - Computer Science & Software Systems (Sem 3),722825105016,Manoj A,3
1900,EEE,3,U23EE402,U23EE402 - Electrical Power & Energy Engineering (Sem 3),722825105016,Manoj A,3
1901,EEE,3,U23MA207,U23MA207 - Advanced Mathematics & Statistics (Sem 3),722825105026,Aravind A,3
1902,EEE,3,U23CS303,U23CS303 - Computer Science & Software Systems (Sem 3),722825105026,Aravind A,3
1903,EEE,3,U23OCS82,U23OCS82 - EEE Core Subject (Sem 3),722825105026,Aravind A,3
1904,EEE,3,U23EE403,U23EE403 - Electrical Power & Energy Engineering (Sem 3),722825105026,Aravind A,3
1905,EEE,3,U23CS491,U23CS491 - Computer Science & Software Systems (Sem 3),722825105026,Aravind A,3
1906,EEE,3,U23EE402,U23EE402 - Electrical Power & Energy Engineering (Sem 3),722825105026,Aravind A,3
1907,EEE,3,U23MA207,U23MA207 - Advanced Mathematics & Statistics (Sem 3),722825105061,Manoj B,3
1908,EEE,3,U23CS303,U23CS303 - Computer Science & Software Systems (Sem 3),722825105061,Manoj B,3
1909,EEE,3,U23OCS82,U23OCS82 - EEE Core Subject (Sem 3),722825105061,Manoj B,3
1910,EEE,3,U23EE403,U23EE403 - Electrical Power & Energy Engineering (Sem 3),722825105061,Manoj B,3
1911,EEE,3,U23CS491,U23CS491 - Computer Science & Software Systems (Sem 3),722825105061,Manoj B,3
1912,EEE,3,U23EE402,U23EE402 - Electrical Power & Energy Engineering (Sem 3),722825105061,Manoj B,3
1913,EEE,3,U23MA207,U23MA207 - Advanced Mathematics & Statistics (Sem 3),722825105046,Aravind P,3
1914,EEE,3,U23CS303,U23CS303 - Computer Science & Software Systems (Sem 3),722825105046,Aravind P,3
1915,EEE,3,U23OCS82,U23OCS82 - EEE Core Subject (Sem 3),722825105046,Aravind P,3
1916,EEE,3,U23EE403,U23EE403 - Electrical Power & Energy Engineering (Sem 3),722825105046,Aravind P,3
1917,EEE,3,U23CS491,U23CS491 - Computer Science & Software Systems (Sem 3),722825105046,Aravind P,3
1918,EEE,3,U23EE402,U23EE402 - Electrical Power & Energy Engineering (Sem 3),722825105046,Aravind P,3
1919,EEE,3,U23MA207,U23MA207 - Advanced Mathematics & Statistics (Sem 3),722825105039,Karthik N,3
1920,EEE,3,U23CS303,U23CS303 - Computer Science & Software Systems (Sem 3),722825105039,Karthik N,3
1921,EEE,3,U23OCS82,U23OCS82 - EEE Core Subject (Sem 3),722825105039,Karthik N,3
1922,EEE,3,U23EE403,U23EE403 - Electrical Power & Energy Engineering (Sem 3),722825105039,Karthik N,3
1923,EEE,3,U23CS491,U23CS491 - Computer Science & Software Systems (Sem 3),722825105039,Karthik N,3
1924,EEE,3,U23EE402,U23EE402 - Electrical Power & Energy Engineering (Sem 3),722825105039,Karthik N,3
1925,EEE,5,U23EE407,U23EE407 - Electrical Power & Energy Engineering (Sem 5),722824105020,Naveen T,3
1926,EEE,5,U23EE408,U23EE408 - Electrical Power & Energy Engineering (Sem 5),722824105020,Naveen T,3
1927,EEE,5,U23EE491,U23EE491 - Electrical Power & Energy Engineering (Sem 5),722824105020,Naveen T,3
1928,EEE,5,U23EE582,U23EE582 - Electrical Power & Energy Engineering (Sem 5),722824105020,Naveen T,3
1929,EEE,5,U23EE585,U23EE585 - Electrical Power & Energy Engineering (Sem 5),722824105020,Naveen T,3
1930,EEE,5,U23EE409,U23EE409 - Electrical Power & Energy Engineering (Sem 5),722824105020,Naveen T,3
1931,EEE,5,U23OCS85,U23OCS85 - EEE Core Subject (Sem 5),722824105020,Naveen T,3
1932,EEE,5,U23EE407,U23EE407 - Electrical Power & Energy Engineering (Sem 5),722824105044,Swetha A,3
1933,EEE,5,U23EE408,U23EE408 - Electrical Power & Energy Engineering (Sem 5),722824105044,Swetha A,3
1934,EEE,5,U23EE491,U23EE491 - Electrical Power & Energy Engineering (Sem 5),722824105044,Swetha A,3
1935,EEE,5,U23EE582,U23EE582 - Electrical Power & Energy Engineering (Sem 5),722824105044,Swetha A,3
1936,EEE,5,U23EE585,U23EE585 - Electrical Power & Energy Engineering (Sem 5),722824105044,Swetha A,3
1937,EEE,5,U23EE409,U23EE409 - Electrical Power & Energy Engineering (Sem 5),722824105044,Swetha A,3
1938,EEE,5,U23OCS85,U23OCS85 - EEE Core Subject (Sem 5),722824105044,Swetha A,3
1939,EEE,5,U23EE407,U23EE407 - Electrical Power & Energy Engineering (Sem 5),722824105304,Ishwarya B,3
1940,EEE,5,U23EE408,U23EE408 - Electrical Power & Energy Engineering (Sem 5),722824105304,Ishwarya B,3
1941,EEE,5,U23EE491,U23EE491 - Electrical Power & Energy Engineering (Sem 5),722824105304,Ishwarya B,3
1942,EEE,5,U23EE582,U23EE582 - Electrical Power & Energy Engineering (Sem 5),722824105304,Ishwarya B,3
1943,EEE,5,U23EE585,U23EE585 - Electrical Power & Energy Engineering (Sem 5),722824105304,Ishwarya B,3
1944,EEE,5,U23EE409,U23EE409 - Electrical Power & Energy Engineering (Sem 5),722824105304,Ishwarya B,3
1945,EEE,5,U23OCS85,U23OCS85 - EEE Core Subject (Sem 5),722824105304,Ishwarya B,3
1946,EEE,5,U23EE407,U23EE407 - Electrical Power & Energy Engineering (Sem 5),722824105306,Ishwarya V,3
1947,EEE,5,U23EE408,U23EE408 - Electrical Power & Energy Engineering (Sem 5),722824105306,Ishwarya V,3
1948,EEE,5,U23EE491,U23EE491 - Electrical Power & Energy Engineering (Sem 5),722824105306,Ishwarya V,3
1949,EEE,5,U23EE582,U23EE582 - Electrical Power & Energy Engineering (Sem 5),722824105306,Ishwarya V,3
1950,EEE,5,U23EE585,U23EE585 - Electrical Power & Energy Engineering (Sem 5),722824105306,Ishwarya V,3
1951,EEE,5,U23EE409,U23EE409 - Electrical Power & Energy Engineering (Sem 5),722824105306,Ishwarya V,3
1952,EEE,5,U23OCS85,U23OCS85 - EEE Core Subject (Sem 5),722824105306,Ishwarya V,3
1953,EEE,5,U23EE407,U23EE407 - Electrical Power & Energy Engineering (Sem 5),722824105003,Naveen B,3
1954,EEE,5,U23EE408,U23EE408 - Electrical Power & Energy Engineering (Sem 5),722824105003,Naveen B,3
1955,EEE,5,U23EE491,U23EE491 - Electrical Power & Energy Engineering (Sem 5),722824105003,Naveen B,3
1956,EEE,5,U23EE582,U23EE582 - Electrical Power & Energy Engineering (Sem 5),722824105003,Naveen B,3
1957,EEE,5,U23EE585,U23EE585 - Electrical Power & Energy Engineering (Sem 5),722824105003,Naveen B,3
1958,EEE,5,U23EE409,U23EE409 - Electrical Power & Energy Engineering (Sem 5),722824105003,Naveen B,3
1959,EEE,5,U23OCS85,U23OCS85 - EEE Core Subject (Sem 5),722824105003,Naveen B,3
1960,EEE,5,U23EE407,U23EE407 - Electrical Power & Energy Engineering (Sem 5),722824105023,Aravind N,3
1961,EEE,5,U23EE408,U23EE408 - Electrical Power & Energy Engineering (Sem 5),722824105023,Aravind N,3
1962,EEE,5,U23EE491,U23EE491 - Electrical Power & Energy Engineering (Sem 5),722824105023,Aravind N,3
1963,EEE,5,U23EE582,U23EE582 - Electrical Power & Energy Engineering (Sem 5),722824105023,Aravind N,3
1964,EEE,5,U23EE585,U23EE585 - Electrical Power & Energy Engineering (Sem 5),722824105023,Aravind N,3
1965,EEE,5,U23EE409,U23EE409 - Electrical Power & Energy Engineering (Sem 5),722824105023,Aravind N,3
1966,EEE,5,U23OCS85,U23OCS85 - EEE Core Subject (Sem 5),722824105023,Aravind N,3
1967,EEE,5,U23EE407,U23EE407 - Electrical Power & Energy Engineering (Sem 5),722824105028,Kavya N,3
1968,EEE,5,U23EE408,U23EE408 - Electrical Power & Energy Engineering (Sem 5),722824105028,Kavya N,3
1969,EEE,5,U23EE491,U23EE491 - Electrical Power & Energy Engineering (Sem 5),722824105028,Kavya N,3
1970,EEE,5,U23EE582,U23EE582 - Electrical Power & Energy Engineering (Sem 5),722824105028,Kavya N,3
1971,EEE,5,U23EE585,U23EE585 - Electrical Power & Energy Engineering (Sem 5),722824105028,Kavya N,3
1972,EEE,5,U23EE409,U23EE409 - Electrical Power & Energy Engineering (Sem 5),722824105028,Kavya N,3
1973,EEE,5,U23OCS85,U23OCS85 - EEE Core Subject (Sem 5),722824105028,Kavya N,3
1974,EEE,5,U23EE407,U23EE407 - Electrical Power & Energy Engineering (Sem 5),722824105031,Gokul B,3
1975,EEE,5,U23EE408,U23EE408 - Electrical Power & Energy Engineering (Sem 5),722824105031,Gokul B,3
1976,EEE,5,U23EE491,U23EE491 - Electrical Power & Energy Engineering (Sem 5),722824105031,Gokul B,3
1977,EEE,5,U23EE582,U23EE582 - Electrical Power & Energy Engineering (Sem 5),722824105031,Gokul B,3
1978,EEE,5,U23EE585,U23EE585 - Electrical Power & Energy Engineering (Sem 5),722824105031,Gokul B,3
1979,EEE,5,U23EE409,U23EE409 - Electrical Power & Energy Engineering (Sem 5),722824105031,Gokul B,3
1980,EEE,5,U23OCS85,U23OCS85 - EEE Core Subject (Sem 5),722824105031,Gokul B,3
1981,EEE,5,U23EE407,U23EE407 - Electrical Power & Energy Engineering (Sem 5),722824105055,Elango A,3
1982,EEE,5,U23EE408,U23EE408 - Electrical Power & Energy Engineering (Sem 5),722824105055,Elango A,3
1983,EEE,5,U23EE491,U23EE491 - Electrical Power & Energy Engineering (Sem 5),722824105055,Elango A,3
1984,EEE,5,U23EE582,U23EE582 - Electrical Power & Energy Engineering (Sem 5),722824105055,Elango A,3
1985,EEE,5,U23EE585,U23EE585 - Electrical Power & Energy Engineering (Sem 5),722824105055,Elango A,3
1986,EEE,5,U23EE409,U23EE409 - Electrical Power & Energy Engineering (Sem 5),722824105055,Elango A,3
1987,EEE,5,U23OCS85,U23OCS85 - EEE Core Subject (Sem 5),722824105055,Elango A,3
1988,EEE,5,U23EE407,U23EE407 - Electrical Power & Energy Engineering (Sem 5),722824105057,Swetha M,3
1989,EEE,5,U23EE408,U23EE408 - Electrical Power & Energy Engineering (Sem 5),722824105057,Swetha M,3
1990,EEE,5,U23EE491,U23EE491 - Electrical Power & Energy Engineering (Sem 5),722824105057,Swetha M,3
1991,EEE,5,U23EE582,U23EE582 - Electrical Power & Energy Engineering (Sem 5),722824105057,Swetha M,3
1992,EEE,5,U23EE585,U23EE585 - Electrical Power & Energy Engineering (Sem 5),722824105057,Swetha M,3
1993,EEE,5,U23EE409,U23EE409 - Electrical Power & Energy Engineering (Sem 5),722824105057,Swetha M,3
1994,EEE,5,U23OCS85,U23OCS85 - EEE Core Subject (Sem 5),722824105057,Swetha M,3
1995,EEE,5,U23EE407,U23EE407 - Electrical Power & Energy Engineering (Sem 5),722824105040,Manoj A,3
1996,EEE,5,U23EE408,U23EE408 - Electrical Power & Energy Engineering (Sem 5),722824105040,Manoj A,3
1997,EEE,5,U23EE491,U23EE491 - Electrical Power & Energy Engineering (Sem 5),722824105040,Manoj A,3
1998,EEE,5,U23EE582,U23EE582 - Electrical Power & Energy Engineering (Sem 5),722824105040,Manoj A,3
1999,EEE,5,U23EE585,U23EE585 - Electrical Power & Energy Engineering (Sem 5),722824105040,Manoj A,3
2000,EEE,5,U23EE409,U23EE409 - Electrical Power & Energy Engineering (Sem 5),722824105040,Manoj A,3
2001,EEE,5,U23OCS85,U23OCS85 - EEE Core Subject (Sem 5),722824105040,Manoj A,3
2002,EEE,5,U23EE407,U23EE407 - Electrical Power & Energy Engineering (Sem 5),722824105050,Vidyut M,3
2003,EEE,5,U23EE408,U23EE408 - Electrical Power & Energy Engineering (Sem 5),722824105050,Vidyut M,3
2004,EEE,5,U23EE491,U23EE491 - Electrical Power & Energy Engineering (Sem 5),722824105050,Vidyut M,3
2005,EEE,5,U23EE582,U23EE582 - Electrical Power & Energy Engineering (Sem 5),722824105050,Vidyut M,3
2006,EEE,5,U23EE585,U23EE585 - Electrical Power & Energy Engineering (Sem 5),722824105050,Vidyut M,3
2007,EEE,5,U23EE409,U23EE409 - Electrical Power & Energy Engineering (Sem 5),722824105050,Vidyut M,3
2008,EEE,5,U23OCS85,U23OCS85 - EEE Core Subject (Sem 5),722824105050,Vidyut M,3
2009,EEE,5,U23EE407,U23EE407 - Electrical Power & Energy Engineering (Sem 5),722824105004,Chandran N,3
2010,EEE,5,U23EE408,U23EE408 - Electrical Power & Energy Engineering (Sem 5),722824105004,Chandran N,3
2011,EEE,5,U23EE491,U23EE491 - Electrical Power & Energy Engineering (Sem 5),722824105004,Chandran N,3
2012,EEE,5,U23EE582,U23EE582 - Electrical Power & Energy Engineering (Sem 5),722824105004,Chandran N,3
2013,EEE,5,U23EE585,U23EE585 - Electrical Power & Energy Engineering (Sem 5),722824105004,Chandran N,3
2014,EEE,5,U23EE409,U23EE409 - Electrical Power & Energy Engineering (Sem 5),722824105004,Chandran N,3
2015,EEE,5,U23OCS85,U23OCS85 - EEE Core Subject (Sem 5),722824105004,Chandran N,3
2016,EEE,5,U23EE407,U23EE407 - Electrical Power & Energy Engineering (Sem 5),722824105005,Elango B,3
2017,EEE,5,U23EE408,U23EE408 - Electrical Power & Energy Engineering (Sem 5),722824105005,Elango B,3
2018,EEE,5,U23EE491,U23EE491 - Electrical Power & Energy Engineering (Sem 5),722824105005,Elango B,3
2019,EEE,5,U23EE582,U23EE582 - Electrical Power & Energy Engineering (Sem 5),722824105005,Elango B,3
2020,EEE,5,U23EE585,U23EE585 - Electrical Power & Energy Engineering (Sem 5),722824105005,Elango B,3
2021,EEE,5,U23EE409,U23EE409 - Electrical Power & Energy Engineering (Sem 5),722824105005,Elango B,3
2022,EEE,5,U23OCS85,U23OCS85 - EEE Core Subject (Sem 5),722824105005,Elango B,3
2023,EEE,7,U23CB103,U23CB103 - Computer Science & Business Systems (Sem 7),722823105029,Gokul M,3
2024,EEE,7,U23CB104,U23CB104 - Computer Science & Business Systems (Sem 7),722823105029,Gokul M,3
2025,EEE,7,U23EE413,U23EE413 - Electrical Power & Energy Engineering (Sem 7),722823105029,Gokul M,3
2026,EEE,7,U23EE582,U23EE582 - Electrical Power & Energy Engineering (Sem 7),722823105029,Gokul M,3
2027,EEE,7,U23EE514,U23EE514 - Electrical Power & Energy Engineering (Sem 7),722823105029,Gokul M,3
2028,EEE,7,U23EE544,U23EE544 - Electrical Power & Energy Engineering (Sem 7),722823105029,Gokul M,3
2029,EEE,7,U23EE522,U23EE522 - Electrical Power & Energy Engineering (Sem 7),722823105029,Gokul M,3
2030,EEE,7,U23EE524,U23EE524 - Electrical Power & Energy Engineering (Sem 7),722823105029,Gokul M,3
2031,EEE,7,U23CB103,U23CB103 - Computer Science & Business Systems (Sem 7),722823105033,Jayant N,3
2032,EEE,7,U23CB104,U23CB104 - Computer Science & Business Systems (Sem 7),722823105033,Jayant N,3
2033,EEE,7,U23EE413,U23EE413 - Electrical Power & Energy Engineering (Sem 7),722823105033,Jayant N,3
2034,EEE,7,U23EE582,U23EE582 - Electrical Power & Energy Engineering (Sem 7),722823105033,Jayant N,3
2035,EEE,7,U23EE514,U23EE514 - Electrical Power & Energy Engineering (Sem 7),722823105033,Jayant N,3
2036,EEE,7,U23EE544,U23EE544 - Electrical Power & Energy Engineering (Sem 7),722823105033,Jayant N,3
2037,EEE,7,U23EE522,U23EE522 - Electrical Power & Energy Engineering (Sem 7),722823105033,Jayant N,3
2038,EEE,7,U23EE524,U23EE524 - Electrical Power & Energy Engineering (Sem 7),722823105033,Jayant N,3
2039,EEE,7,U23CB103,U23CB103 - Computer Science & Business Systems (Sem 7),722823105034,Kavya R,3
2040,EEE,7,U23CB104,U23CB104 - Computer Science & Business Systems (Sem 7),722823105034,Kavya R,3
2041,EEE,7,U23EE413,U23EE413 - Electrical Power & Energy Engineering (Sem 7),722823105034,Kavya R,3
2042,EEE,7,U23EE582,U23EE582 - Electrical Power & Energy Engineering (Sem 7),722823105034,Kavya R,3
2043,EEE,7,U23EE514,U23EE514 - Electrical Power & Energy Engineering (Sem 7),722823105034,Kavya R,3
2044,EEE,7,U23EE544,U23EE544 - Electrical Power & Energy Engineering (Sem 7),722823105034,Kavya R,3
2045,EEE,7,U23EE522,U23EE522 - Electrical Power & Energy Engineering (Sem 7),722823105034,Kavya R,3
2046,EEE,7,U23EE524,U23EE524 - Electrical Power & Energy Engineering (Sem 7),722823105034,Kavya R,3
2047,IT,7,U23CB103,U23CB103 - Computer Science & Business Systems (Sem 7),722823205022,Pavithra P,3
2048,IT,7,U23CB104,U23CB104 - Computer Science & Business Systems (Sem 7),722823205022,Pavithra P,3
2049,IT,7,U23CB532,U23CB532 - Computer Science & Business Systems (Sem 7),722823205022,Pavithra P,3
2050,IT,7,U23OME07,U23OME07 - IT Core Subject (Sem 7),722823205022,Pavithra P,3
2051,IT,7,U23IT523,U23IT523 - Information Technology & Cloud Systems (Sem 7),722823205022,Pavithra P,3
2052,IT,7,U23CB103,U23CB103 - Computer Science & Business Systems (Sem 7),722823205043,Kavya N,3
2053,IT,7,U23CB104,U23CB104 - Computer Science & Business Systems (Sem 7),722823205043,Kavya N,3
2054,IT,7,U23CB532,U23CB532 - Computer Science & Business Systems (Sem 7),722823205043,Kavya N,3
2055,IT,7,U23OME07,U23OME07 - IT Core Subject (Sem 7),722823205043,Kavya N,3
2056,IT,7,U23IT523,U23IT523 - Information Technology & Cloud Systems (Sem 7),722823205043,Kavya N,3
2057,IT,3,U23MA204,U23MA204 - Advanced Mathematics & Statistics (Sem 3),722825205055,Jayant N,3
2058,IT,3,U23CS403,U23CS403 - Computer Science & Software Systems (Sem 3),722825205055,Jayant N,3
2059,IT,3,U23CS404,U23CS404 - Computer Science & Software Systems (Sem 3),722825205055,Jayant N,3
2060,IT,3,U23EC382,U23EC382 - Electronics & Communication Systems (Sem 3),722825205055,Jayant N,3
2061,IT,3,U23CS491,U23CS491 - Computer Science & Software Systems (Sem 3),722825205055,Jayant N,3
2062,IT,3,U23IT481,U23IT481 - Information Technology & Cloud Systems (Sem 3),722825205055,Jayant N,3
2063,IT,3,U23MA204,U23MA204 - Advanced Mathematics & Statistics (Sem 3),722825205052,Jayant K,3
2064,IT,3,U23CS403,U23CS403 - Computer Science & Software Systems (Sem 3),722825205052,Jayant K,3
2065,IT,3,U23CS404,U23CS404 - Computer Science & Software Systems (Sem 3),722825205052,Jayant K,3
2066,IT,3,U23EC382,U23EC382 - Electronics & Communication Systems (Sem 3),722825205052,Jayant K,3
2067,IT,3,U23CS491,U23CS491 - Computer Science & Software Systems (Sem 3),722825205052,Jayant K,3
2068,IT,3,U23IT481,U23IT481 - Information Technology & Cloud Systems (Sem 3),722825205052,Jayant K,3
2069,IT,3,U23MA204,U23MA204 - Advanced Mathematics & Statistics (Sem 3),722825205020,Rahul M,3
2070,IT,3,U23CS403,U23CS403 - Computer Science & Software Systems (Sem 3),722825205020,Rahul M,3
2071,IT,3,U23CS404,U23CS404 - Computer Science & Software Systems (Sem 3),722825205020,Rahul M,3
2072,IT,3,U23EC382,U23EC382 - Electronics & Communication Systems (Sem 3),722825205020,Rahul M,3
2073,IT,3,U23CS491,U23CS491 - Computer Science & Software Systems (Sem 3),722825205020,Rahul M,3
2074,IT,3,U23IT481,U23IT481 - Information Technology & Cloud Systems (Sem 3),722825205020,Rahul M,3
2075,IT,3,U23MA204,U23MA204 - Advanced Mathematics & Statistics (Sem 3),722825205042,Swetha M,3
2076,IT,3,U23CS403,U23CS403 - Computer Science & Software Systems (Sem 3),722825205042,Swetha M,3
2077,IT,3,U23CS404,U23CS404 - Computer Science & Software Systems (Sem 3),722825205042,Swetha M,3
2078,IT,3,U23EC382,U23EC382 - Electronics & Communication Systems (Sem 3),722825205042,Swetha M,3
2079,IT,3,U23CS491,U23CS491 - Computer Science & Software Systems (Sem 3),722825205042,Swetha M,3
2080,IT,3,U23IT481,U23IT481 - Information Technology & Cloud Systems (Sem 3),722825205042,Swetha M,3
2081,IT,3,U23MA204,U23MA204 - Advanced Mathematics & Statistics (Sem 3),722825205058,Lakshmi R,3
2082,IT,3,U23CS403,U23CS403 - Computer Science & Software Systems (Sem 3),722825205058,Lakshmi R,3
2083,IT,3,U23CS404,U23CS404 - Computer Science & Software Systems (Sem 3),722825205058,Lakshmi R,3
2084,IT,3,U23EC382,U23EC382 - Electronics & Communication Systems (Sem 3),722825205058,Lakshmi R,3
2085,IT,3,U23CS491,U23CS491 - Computer Science & Software Systems (Sem 3),722825205058,Lakshmi R,3
2086,IT,3,U23IT481,U23IT481 - Information Technology & Cloud Systems (Sem 3),722825205058,Lakshmi R,3
2087,IT,7,U23CB103,U23CB103 - Computer Science & Business Systems (Sem 7),722823205501,Chandran M,3
2088,IT,7,U23CB104,U23CB104 - Computer Science & Business Systems (Sem 7),722823205501,Chandran M,3
2089,IT,7,U23CB532,U23CB532 - Computer Science & Business Systems (Sem 7),722823205501,Chandran M,3
2090,IT,7,U23OME07,U23OME07 - IT Core Subject (Sem 7),722823205501,Chandran M,3
2091,IT,7,U23IT523,U23IT523 - Information Technology & Cloud Systems (Sem 7),722823205501,Chandran M,3
2092,IT,5,U23IT403,U23IT403 - Information Technology & Cloud Systems (Sem 5),722824205018,Aravind R,3
2093,IT,5,U23EC383,U23EC383 - Electronics & Communication Systems (Sem 5),722824205018,Aravind R,3
2094,IT,5,U23OME81,U23OME81 - IT Core Subject (Sem 5),722824205018,Aravind R,3
2095,IT,5,U23AM495,U23AM495 - Machine Learning & Neural Networks (Sem 5),722824205018,Aravind R,3
2096,IT,5,U23CB593,U23CB593 - Computer Science & Business Systems (Sem 5),722824205018,Aravind R,3
2097,IT,5,U23AD491,U23AD491 - Artificial Intelligence & Data Science (Sem 5),722824205018,Aravind R,3
2098,IT,5,U23IT403,U23IT403 - Information Technology & Cloud Systems (Sem 5),722824205304,Harini M,3
2099,IT,5,U23EC383,U23EC383 - Electronics & Communication Systems (Sem 5),722824205304,Harini M,3
2100,IT,5,U23OME81,U23OME81 - IT Core Subject (Sem 5),722824205304,Harini M,3
2101,IT,5,U23AM495,U23AM495 - Machine Learning & Neural Networks (Sem 5),722824205304,Harini M,3
2102,IT,5,U23CB593,U23CB593 - Computer Science & Business Systems (Sem 5),722824205304,Harini M,3
2103,IT,5,U23AD491,U23AD491 - Artificial Intelligence & Data Science (Sem 5),722824205304,Harini M,3
2104,IT,5,U23IT403,U23IT403 - Information Technology & Cloud Systems (Sem 5),722824205305,Yash S,3
2105,IT,5,U23EC383,U23EC383 - Electronics & Communication Systems (Sem 5),722824205305,Yash S,3
2106,IT,5,U23OME81,U23OME81 - IT Core Subject (Sem 5),722824205305,Yash S,3
2107,IT,5,U23AM495,U23AM495 - Machine Learning & Neural Networks (Sem 5),722824205305,Yash S,3
2108,IT,5,U23CB593,U23CB593 - Computer Science & Business Systems (Sem 5),722824205305,Yash S,3
2109,IT,5,U23AD491,U23AD491 - Artificial Intelligence & Data Science (Sem 5),722824205305,Yash S,3
2110,IT,5,U23IT403,U23IT403 - Information Technology & Cloud Systems (Sem 5),722824205302,Ishwarya S,3
2111,IT,5,U23EC383,U23EC383 - Electronics & Communication Systems (Sem 5),722824205302,Ishwarya S,3
2112,IT,5,U23OME81,U23OME81 - IT Core Subject (Sem 5),722824205302,Ishwarya S,3
2113,IT,5,U23AM495,U23AM495 - Machine Learning & Neural Networks (Sem 5),722824205302,Ishwarya S,3
2114,IT,5,U23CB593,U23CB593 - Computer Science & Business Systems (Sem 5),722824205302,Ishwarya S,3
2115,IT,5,U23AD491,U23AD491 - Artificial Intelligence & Data Science (Sem 5),722824205302,Ishwarya S,3
2116,IT,3,U23MA204,U23MA204 - Advanced Mathematics & Statistics (Sem 3),722825205007,Rahul K,3
2117,IT,3,U23CS403,U23CS403 - Computer Science & Software Systems (Sem 3),722825205007,Rahul K,3
2118,IT,3,U23CS404,U23CS404 - Computer Science & Software Systems (Sem 3),722825205007,Rahul K,3
2119,IT,3,U23EC382,U23EC382 - Electronics & Communication Systems (Sem 3),722825205007,Rahul K,3
2120,IT,3,U23CS491,U23CS491 - Computer Science & Software Systems (Sem 3),722825205007,Rahul K,3
2121,IT,3,U23IT481,U23IT481 - Information Technology & Cloud Systems (Sem 3),722825205007,Rahul K,3
2122,IT,3,U23MA204,U23MA204 - Advanced Mathematics & Statistics (Sem 3),722825205050,Vidyut R,3
2123,IT,3,U23CS403,U23CS403 - Computer Science & Software Systems (Sem 3),722825205050,Vidyut R,3
2124,IT,3,U23CS404,U23CS404 - Computer Science & Software Systems (Sem 3),722825205050,Vidyut R,3
2125,IT,3,U23EC382,U23EC382 - Electronics & Communication Systems (Sem 3),722825205050,Vidyut R,3
2126,IT,3,U23CS491,U23CS491 - Computer Science & Software Systems (Sem 3),722825205050,Vidyut R,3
2127,IT,3,U23IT481,U23IT481 - Information Technology & Cloud Systems (Sem 3),722825205050,Vidyut R,3
2128,IT,3,U23MA204,U23MA204 - Advanced Mathematics & Statistics (Sem 3),722825205031,Pavithra V,3
2129,IT,3,U23CS403,U23CS403 - Computer Science & Software Systems (Sem 3),722825205031,Pavithra V,3
2130,IT,3,U23CS404,U23CS404 - Computer Science & Software Systems (Sem 3),722825205031,Pavithra V,3
2131,IT,3,U23EC382,U23EC382 - Electronics & Communication Systems (Sem 3),722825205031,Pavithra V,3
2132,IT,3,U23CS491,U23CS491 - Computer Science & Software Systems (Sem 3),722825205031,Pavithra V,3
2133,IT,3,U23IT481,U23IT481 - Information Technology & Cloud Systems (Sem 3),722825205031,Pavithra V,3
2134,IT,3,U23MA204,U23MA204 - Advanced Mathematics & Statistics (Sem 3),722825205002,Lakshmi S,3
2135,IT,3,U23CS403,U23CS403 - Computer Science & Software Systems (Sem 3),722825205002,Lakshmi S,3
2136,IT,3,U23CS404,U23CS404 - Computer Science & Software Systems (Sem 3),722825205002,Lakshmi S,3
2137,IT,3,U23EC382,U23EC382 - Electronics & Communication Systems (Sem 3),722825205002,Lakshmi S,3
2138,IT,3,U23CS491,U23CS491 - Computer Science & Software Systems (Sem 3),722825205002,Lakshmi S,3
2139,IT,3,U23IT481,U23IT481 - Information Technology & Cloud Systems (Sem 3),722825205002,Lakshmi S,3
2140,IT,3,U23MA204,U23MA204 - Advanced Mathematics & Statistics (Sem 3),722825205053,Yash A,3
2141,IT,3,U23CS403,U23CS403 - Computer Science & Software Systems (Sem 3),722825205053,Yash A,3
2142,IT,3,U23CS404,U23CS404 - Computer Science & Software Systems (Sem 3),722825205053,Yash A,3
2143,IT,3,U23EC382,U23EC382 - Electronics & Communication Systems (Sem 3),722825205053,Yash A,3
2144,IT,3,U23CS491,U23CS491 - Computer Science & Software Systems (Sem 3),722825205053,Yash A,3
2145,IT,3,U23IT481,U23IT481 - Information Technology & Cloud Systems (Sem 3),722825205053,Yash A,3
2146,IT,5,U23IT403,U23IT403 - Information Technology & Cloud Systems (Sem 5),722824205011,Deepak S,3
2147,IT,5,U23EC383,U23EC383 - Electronics & Communication Systems (Sem 5),722824205011,Deepak S,3
2148,IT,5,U23OME81,U23OME81 - IT Core Subject (Sem 5),722824205011,Deepak S,3
2149,IT,5,U23AM495,U23AM495 - Machine Learning & Neural Networks (Sem 5),722824205011,Deepak S,3
2150,IT,5,U23CB593,U23CB593 - Computer Science & Business Systems (Sem 5),722824205011,Deepak S,3
2151,IT,5,U23AD491,U23AD491 - Artificial Intelligence & Data Science (Sem 5),722824205011,Deepak S,3
2152,IT,5,U23IT403,U23IT403 - Information Technology & Cloud Systems (Sem 5),722824205059,Karthik K,3
2153,IT,5,U23EC383,U23EC383 - Electronics & Communication Systems (Sem 5),722824205059,Karthik K,3
2154,IT,5,U23OME81,U23OME81 - IT Core Subject (Sem 5),722824205059,Karthik K,3
2155,IT,5,U23AM495,U23AM495 - Machine Learning & Neural Networks (Sem 5),722824205059,Karthik K,3
2156,IT,5,U23CB593,U23CB593 - Computer Science & Business Systems (Sem 5),722824205059,Karthik K,3
2157,IT,5,U23AD491,U23AD491 - Artificial Intelligence & Data Science (Sem 5),722824205059,Karthik K,3
2158,IT,5,U23IT403,U23IT403 - Information Technology & Cloud Systems (Sem 5),722824205024,Vidyut M,3
2159,IT,5,U23EC383,U23EC383 - Electronics & Communication Systems (Sem 5),722824205024,Vidyut M,3
2160,IT,5,U23OME81,U23OME81 - IT Core Subject (Sem 5),722824205024,Vidyut M,3
2161,IT,5,U23AM495,U23AM495 - Machine Learning & Neural Networks (Sem 5),722824205024,Vidyut M,3
2162,IT,5,U23CB593,U23CB593 - Computer Science & Business Systems (Sem 5),722824205024,Vidyut M,3
2163,IT,5,U23AD491,U23AD491 - Artificial Intelligence & Data Science (Sem 5),722824205024,Vidyut M,3
2164,IT,5,U23IT403,U23IT403 - Information Technology & Cloud Systems (Sem 5),722824205029,Karthik A,3
2165,IT,5,U23EC383,U23EC383 - Electronics & Communication Systems (Sem 5),722824205029,Karthik A,3
2166,IT,5,U23OME81,U23OME81 - IT Core Subject (Sem 5),722824205029,Karthik A,3
2167,IT,5,U23AM495,U23AM495 - Machine Learning & Neural Networks (Sem 5),722824205029,Karthik A,3
2168,IT,5,U23CB593,U23CB593 - Computer Science & Business Systems (Sem 5),722824205029,Karthik A,3
2169,IT,5,U23AD491,U23AD491 - Artificial Intelligence & Data Science (Sem 5),722824205029,Karthik A,3
2170,IT,5,U23IT403,U23IT403 - Information Technology & Cloud Systems (Sem 5),722824205042,Manoj N,3
2171,IT,5,U23EC383,U23EC383 - Electronics & Communication Systems (Sem 5),722824205042,Manoj N,3
2172,IT,5,U23OME81,U23OME81 - IT Core Subject (Sem 5),722824205042,Manoj N,3
2173,IT,5,U23AM495,U23AM495 - Machine Learning & Neural Networks (Sem 5),722824205042,Manoj N,3
2174,IT,5,U23CB593,U23CB593 - Computer Science & Business Systems (Sem 5),722824205042,Manoj N,3
2175,IT,5,U23AD491,U23AD491 - Artificial Intelligence & Data Science (Sem 5),722824205042,Manoj N,3
2176,IT,7,U23CB103,U23CB103 - Computer Science & Business Systems (Sem 7),722823205010,Harini K,3
2177,IT,7,U23CB104,U23CB104 - Computer Science & Business Systems (Sem 7),722823205010,Harini K,3
2178,IT,7,U23CB532,U23CB532 - Computer Science & Business Systems (Sem 7),722823205010,Harini K,3
2179,IT,7,U23OME07,U23OME07 - IT Core Subject (Sem 7),722823205010,Harini K,3
2180,IT,7,U23IT523,U23IT523 - Information Technology & Cloud Systems (Sem 7),722823205010,Harini K,3
2181,MECH,3,U23MA208,U23MA208 - Advanced Mathematics & Statistics (Sem 3),722825114030,Vidyut R,3
2182,MECH,3,U23ME402,U23ME402 - Mechanical Design & Automation (Sem 3),722825114030,Vidyut R,3
2183,MECH,3,U23ME481,U23ME481 - Mechanical Design & Automation (Sem 3),722825114030,Vidyut R,3
2184,MECH,3,U23EC381,U23EC381 - Electronics & Communication Systems (Sem 3),722825114030,Vidyut R,3
2185,MECH,3,U23ME403,U23ME403 - Mechanical Design & Automation (Sem 3),722825114030,Vidyut R,3
2186,MECH,3,U23OAD81,U23OAD81 - MECH Core Subject (Sem 3),722825114030,Vidyut R,3
2187,MECH,5,U23ME405,U23ME405 - Mechanical Design & Automation (Sem 5),722824114009,Deepak V,3
2188,MECH,5,U23ME406,U23ME406 - Mechanical Design & Automation (Sem 5),722824114009,Deepak V,3
2189,MECH,5,U23ME407,U23ME407 - Mechanical Design & Automation (Sem 5),722824114009,Deepak V,3
2190,MECH,5,U23ME522,U23ME522 - Mechanical Design & Automation (Sem 5),722824114009,Deepak V,3
2191,MECH,5,U23AM499,U23AM499 - Machine Learning & Neural Networks (Sem 5),722824114009,Deepak V,3
2192,MECH,5,U23ME484,U23ME484 - Mechanical Design & Automation (Sem 5),722824114009,Deepak V,3
2193,MECH,5,U23ME592,U23ME592 - Mechanical Design & Automation (Sem 5),722824114009,Deepak V,3
2194,MECH,5,U23ME594,U23ME594 - Mechanical Design & Automation (Sem 5),722824114009,Deepak V,3
2195,MECH,5,U23ME541,U23ME541 - Mechanical Design & Automation (Sem 5),722824114009,Deepak V,3
2196,MECH,7,U23CB103,U23CB103 - Computer Science & Business Systems (Sem 7),722823114029,Yash K,3
2197,MECH,7,U23CB104,U23CB104 - Computer Science & Business Systems (Sem 7),722823114029,Yash K,3
2198,MECH,7,U23CS588,U23CS588 - Computer Science & Software Systems (Sem 7),722823114029,Yash K,3
2199,MECH,7,U23EE524,U23EE524 - Electrical Power & Energy Engineering (Sem 7),722823114029,Yash K,3
2200,MECH,7,U23AM584,U23AM584 - Machine Learning & Neural Networks (Sem 7),722823114029,Yash K,3
2201,MECH,7,U23ME410,U23ME410 - Mechanical Design & Automation (Sem 7),722823114029,Yash K,3
2202,MECH,7,U23ME552,U23ME552 - Mechanical Design & Automation (Sem 7),722823114029,Yash K,3
2203,MECH,7,U23AM586,U23AM586 - Machine Learning & Neural Networks (Sem 7),722823114029,Yash K,3
2204,MECH,7,U23ME541,U23ME541 - Mechanical Design & Automation (Sem 7),722823114029,Yash K,3
2205,MECH,7,U23CS521,U23CS521 - Computer Science & Software Systems (Sem 7),722823114029,Yash K,3
2206,MECH,7,U23EE522,U23EE522 - Electrical Power & Energy Engineering (Sem 7),722823114029,Yash K,3
2207,MECH,7,U23AM581,U23AM581 - Machine Learning & Neural Networks (Sem 7),722823114029,Yash K,3
2208,MECH,7,U23ME592,U23ME592 - Mechanical Design & Automation (Sem 7),722823114029,Yash K,3
2209,MECH,7,U23ME594,U23ME594 - Mechanical Design & Automation (Sem 7),722823114029,Yash K,3
2210,MECH,7,U23CB103,U23CB103 - Computer Science & Business Systems (Sem 7),722823114019,Vidyut M,3
2211,MECH,7,U23CB104,U23CB104 - Computer Science & Business Systems (Sem 7),722823114019,Vidyut M,3
2212,MECH,7,U23CS588,U23CS588 - Computer Science & Software Systems (Sem 7),722823114019,Vidyut M,3
2213,MECH,7,U23EE524,U23EE524 - Electrical Power & Energy Engineering (Sem 7),722823114019,Vidyut M,3
2214,MECH,7,U23AM584,U23AM584 - Machine Learning & Neural Networks (Sem 7),722823114019,Vidyut M,3
2215,MECH,7,U23ME410,U23ME410 - Mechanical Design & Automation (Sem 7),722823114019,Vidyut M,3
2216,MECH,7,U23ME552,U23ME552 - Mechanical Design & Automation (Sem 7),722823114019,Vidyut M,3
2217,MECH,7,U23AM586,U23AM586 - Machine Learning & Neural Networks (Sem 7),722823114019,Vidyut M,3
2218,MECH,7,U23ME541,U23ME541 - Mechanical Design & Automation (Sem 7),722823114019,Vidyut M,3
2219,MECH,7,U23CS521,U23CS521 - Computer Science & Software Systems (Sem 7),722823114019,Vidyut M,3
2220,MECH,7,U23EE522,U23EE522 - Electrical Power & Energy Engineering (Sem 7),722823114019,Vidyut M,3
2221,MECH,7,U23AM581,U23AM581 - Machine Learning & Neural Networks (Sem 7),722823114019,Vidyut M,3
2222,MECH,7,U23ME592,U23ME592 - Mechanical Design & Automation (Sem 7),722823114019,Vidyut M,3
2223,MECH,7,U23ME594,U23ME594 - Mechanical Design & Automation (Sem 7),722823114019,Vidyut M,3
2224,MECH,3,U23MA208,U23MA208 - Advanced Mathematics & Statistics (Sem 3),722825114017,Lakshmi T,3
2225,MECH,3,U23ME402,U23ME402 - Mechanical Design & Automation (Sem 3),722825114017,Lakshmi T,3
2226,MECH,3,U23ME481,U23ME481 - Mechanical Design & Automation (Sem 3),722825114017,Lakshmi T,3
2227,MECH,3,U23EC381,U23EC381 - Electronics & Communication Systems (Sem 3),722825114017,Lakshmi T,3
2228,MECH,3,U23ME403,U23ME403 - Mechanical Design & Automation (Sem 3),722825114017,Lakshmi T,3
2229,MECH,3,U23OAD81,U23OAD81 - MECH Core Subject (Sem 3),722825114017,Lakshmi T,3
2230,MECH,5,U23ME405,U23ME405 - Mechanical Design & Automation (Sem 5),722824114012,Naveen P,3
2231,MECH,5,U23ME406,U23ME406 - Mechanical Design & Automation (Sem 5),722824114012,Naveen P,3
2232,MECH,5,U23ME407,U23ME407 - Mechanical Design & Automation (Sem 5),722824114012,Naveen P,3
2233,MECH,5,U23ME522,U23ME522 - Mechanical Design & Automation (Sem 5),722824114012,Naveen P,3
2234,MECH,5,U23AM499,U23AM499 - Machine Learning & Neural Networks (Sem 5),722824114012,Naveen P,3
2235,MECH,5,U23ME484,U23ME484 - Mechanical Design & Automation (Sem 5),722824114012,Naveen P,3
2236,MECH,5,U23ME592,U23ME592 - Mechanical Design & Automation (Sem 5),722824114012,Naveen P,3
2237,MECH,5,U23ME594,U23ME594 - Mechanical Design & Automation (Sem 5),722824114012,Naveen P,3
2238,MECH,5,U23ME541,U23ME541 - Mechanical Design & Automation (Sem 5),722824114012,Naveen P,3
2239,MECH,5,U23ME405,U23ME405 - Mechanical Design & Automation (Sem 5),722824114002,Chandran T,3
2240,MECH,5,U23ME406,U23ME406 - Mechanical Design & Automation (Sem 5),722824114002,Chandran T,3
2241,MECH,5,U23ME407,U23ME407 - Mechanical Design & Automation (Sem 5),722824114002,Chandran T,3
2242,MECH,5,U23ME522,U23ME522 - Mechanical Design & Automation (Sem 5),722824114002,Chandran T,3
2243,MECH,5,U23AM499,U23AM499 - Machine Learning & Neural Networks (Sem 5),722824114002,Chandran T,3
2244,MECH,5,U23ME484,U23ME484 - Mechanical Design & Automation (Sem 5),722824114002,Chandran T,3
2245,MECH,5,U23ME592,U23ME592 - Mechanical Design & Automation (Sem 5),722824114002,Chandran T,3
2246,MECH,5,U23ME594,U23ME594 - Mechanical Design & Automation (Sem 5),722824114002,Chandran T,3
2247,MECH,5,U23ME541,U23ME541 - Mechanical Design & Automation (Sem 5),722824114002,Chandran T,3
2248,MECH,5,U23ME405,U23ME405 - Mechanical Design & Automation (Sem 5),722824114010,Kavya M,3
2249,MECH,5,U23ME406,U23ME406 - Mechanical Design & Automation (Sem 5),722824114010,Kavya M,3
2250,MECH,5,U23ME407,U23ME407 - Mechanical Design & Automation (Sem 5),722824114010,Kavya M,3
2251,MECH,5,U23ME522,U23ME522 - Mechanical Design & Automation (Sem 5),722824114010,Kavya M,3
2252,MECH,5,U23AM499,U23AM499 - Machine Learning & Neural Networks (Sem 5),722824114010,Kavya M,3
2253,MECH,5,U23ME484,U23ME484 - Mechanical Design & Automation (Sem 5),722824114010,Kavya M,3
2254,MECH,5,U23ME592,U23ME592 - Mechanical Design & Automation (Sem 5),722824114010,Kavya M,3
2255,MECH,5,U23ME594,U23ME594 - Mechanical Design & Automation (Sem 5),722824114010,Kavya M,3
2256,MECH,5,U23ME541,U23ME541 - Mechanical Design & Automation (Sem 5),722824114010,Kavya M,3
2257,MECH,5,U23ME405,U23ME405 - Mechanical Design & Automation (Sem 5),722824114017,Naveen B,3
2258,MECH,5,U23ME406,U23ME406 - Mechanical Design & Automation (Sem 5),722824114017,Naveen B,3
2259,MECH,5,U23ME407,U23ME407 - Mechanical Design & Automation (Sem 5),722824114017,Naveen B,3
2260,MECH,5,U23ME522,U23ME522 - Mechanical Design & Automation (Sem 5),722824114017,Naveen B,3
2261,MECH,5,U23AM499,U23AM499 - Machine Learning & Neural Networks (Sem 5),722824114017,Naveen B,3
2262,MECH,5,U23ME484,U23ME484 - Mechanical Design & Automation (Sem 5),722824114017,Naveen B,3
2263,MECH,5,U23ME592,U23ME592 - Mechanical Design & Automation (Sem 5),722824114017,Naveen B,3
2264,MECH,5,U23ME594,U23ME594 - Mechanical Design & Automation (Sem 5),722824114017,Naveen B,3
2265,MECH,5,U23ME541,U23ME541 - Mechanical Design & Automation (Sem 5),722824114017,Naveen B,3
2266,MECH,5,U23ME405,U23ME405 - Mechanical Design & Automation (Sem 5),722824114028,Deepak N,3
2267,MECH,5,U23ME406,U23ME406 - Mechanical Design & Automation (Sem 5),722824114028,Deepak N,3
2268,MECH,5,U23ME407,U23ME407 - Mechanical Design & Automation (Sem 5),722824114028,Deepak N,3
2269,MECH,5,U23ME522,U23ME522 - Mechanical Design & Automation (Sem 5),722824114028,Deepak N,3
2270,MECH,5,U23AM499,U23AM499 - Machine Learning & Neural Networks (Sem 5),722824114028,Deepak N,3
2271,MECH,5,U23ME484,U23ME484 - Mechanical Design & Automation (Sem 5),722824114028,Deepak N,3
2272,MECH,5,U23ME592,U23ME592 - Mechanical Design & Automation (Sem 5),722824114028,Deepak N,3
2273,MECH,5,U23ME594,U23ME594 - Mechanical Design & Automation (Sem 5),722824114028,Deepak N,3
2274,MECH,5,U23ME541,U23ME541 - Mechanical Design & Automation (Sem 5),722824114028,Deepak N,3
2275,MECH,5,U23ME405,U23ME405 - Mechanical Design & Automation (Sem 5),722824114005,Lakshmi B,3
2276,MECH,5,U23ME406,U23ME406 - Mechanical Design & Automation (Sem 5),722824114005,Lakshmi B,3
2277,MECH,5,U23ME407,U23ME407 - Mechanical Design & Automation (Sem 5),722824114005,Lakshmi B,3
2278,MECH,5,U23ME522,U23ME522 - Mechanical Design & Automation (Sem 5),722824114005,Lakshmi B,3
2279,MECH,5,U23AM499,U23AM499 - Machine Learning & Neural Networks (Sem 5),722824114005,Lakshmi B,3
2280,MECH,5,U23ME484,U23ME484 - Mechanical Design & Automation (Sem 5),722824114005,Lakshmi B,3
2281,MECH,5,U23ME592,U23ME592 - Mechanical Design & Automation (Sem 5),722824114005,Lakshmi B,3
2282,MECH,5,U23ME594,U23ME594 - Mechanical Design & Automation (Sem 5),722824114005,Lakshmi B,3
2283,MECH,5,U23ME541,U23ME541 - Mechanical Design & Automation (Sem 5),722824114005,Lakshmi B,3
2284,MECH,3,U23MA208,U23MA208 - Advanced Mathematics & Statistics (Sem 3),722825114010,Elango N,3
2285,MECH,3,U23ME402,U23ME402 - Mechanical Design & Automation (Sem 3),722825114010,Elango N,3
2286,MECH,3,U23ME481,U23ME481 - Mechanical Design & Automation (Sem 3),722825114010,Elango N,3
2287,MECH,3,U23EC381,U23EC381 - Electronics & Communication Systems (Sem 3),722825114010,Elango N,3
2288,MECH,3,U23ME403,U23ME403 - Mechanical Design & Automation (Sem 3),722825114010,Elango N,3
2289,MECH,3,U23OAD81,U23OAD81 - MECH Core Subject (Sem 3),722825114010,Elango N,3
2290,MECH,3,U23MA208,U23MA208 - Advanced Mathematics & Statistics (Sem 3),722825114011,Gokul T,3
2291,MECH,3,U23ME402,U23ME402 - Mechanical Design & Automation (Sem 3),722825114011,Gokul T,3
2292,MECH,3,U23ME481,U23ME481 - Mechanical Design & Automation (Sem 3),722825114011,Gokul T,3
2293,MECH,3,U23EC381,U23EC381 - Electronics & Communication Systems (Sem 3),722825114011,Gokul T,3
2294,MECH,3,U23ME403,U23ME403 - Mechanical Design & Automation (Sem 3),722825114011,Gokul T,3
2295,MECH,3,U23OAD81,U23OAD81 - MECH Core Subject (Sem 3),722825114011,Gokul T,3
2296,MECH,3,U23MA208,U23MA208 - Advanced Mathematics & Statistics (Sem 3),722825114015,Jayant A,3
2297,MECH,3,U23ME402,U23ME402 - Mechanical Design & Automation (Sem 3),722825114015,Jayant A,3
2298,MECH,3,U23ME481,U23ME481 - Mechanical Design & Automation (Sem 3),722825114015,Jayant A,3
2299,MECH,3,U23EC381,U23EC381 - Electronics & Communication Systems (Sem 3),722825114015,Jayant A,3
2300,MECH,3,U23ME403,U23ME403 - Mechanical Design & Automation (Sem 3),722825114015,Jayant A,3
2301,MECH,3,U23OAD81,U23OAD81 - MECH Core Subject (Sem 3),722825114015,Jayant A,3
2302,MECH,3,U23MA208,U23MA208 - Advanced Mathematics & Statistics (Sem 3),722825114028,Swetha B,3
2303,MECH,3,U23ME402,U23ME402 - Mechanical Design & Automation (Sem 3),722825114028,Swetha B,3
2304,MECH,3,U23ME481,U23ME481 - Mechanical Design & Automation (Sem 3),722825114028,Swetha B,3
2305,MECH,3,U23EC381,U23EC381 - Electronics & Communication Systems (Sem 3),722825114028,Swetha B,3
2306,MECH,3,U23ME403,U23ME403 - Mechanical Design & Automation (Sem 3),722825114028,Swetha B,3
2307,MECH,3,U23OAD81,U23OAD81 - MECH Core Subject (Sem 3),722825114028,Swetha B,3
2308,MECH,5,U23ME405,U23ME405 - Mechanical Design & Automation (Sem 5),722824114025,Pavithra N,3
2309,MECH,5,U23ME406,U23ME406 - Mechanical Design & Automation (Sem 5),722824114025,Pavithra N,3
2310,MECH,5,U23ME407,U23ME407 - Mechanical Design & Automation (Sem 5),722824114025,Pavithra N,3
2311,MECH,5,U23ME522,U23ME522 - Mechanical Design & Automation (Sem 5),722824114025,Pavithra N,3
2312,MECH,5,U23AM499,U23AM499 - Machine Learning & Neural Networks (Sem 5),722824114025,Pavithra N,3
2313,MECH,5,U23ME484,U23ME484 - Mechanical Design & Automation (Sem 5),722824114025,Pavithra N,3
2314,MECH,5,U23ME592,U23ME592 - Mechanical Design & Automation (Sem 5),722824114025,Pavithra N,3
2315,MECH,5,U23ME594,U23ME594 - Mechanical Design & Automation (Sem 5),722824114025,Pavithra N,3
2316,MECH,5,U23ME541,U23ME541 - Mechanical Design & Automation (Sem 5),722824114025,Pavithra N,3
2317,MECH,5,U23ME405,U23ME405 - Mechanical Design & Automation (Sem 5),722824114301,Vidyut V,3
2318,MECH,5,U23ME406,U23ME406 - Mechanical Design & Automation (Sem 5),722824114301,Vidyut V,3
2319,MECH,5,U23ME407,U23ME407 - Mechanical Design & Automation (Sem 5),722824114301,Vidyut V,3
2320,MECH,5,U23ME522,U23ME522 - Mechanical Design & Automation (Sem 5),722824114301,Vidyut V,3
2321,MECH,5,U23AM499,U23AM499 - Machine Learning & Neural Networks (Sem 5),722824114301,Vidyut V,3
2322,MECH,5,U23ME484,U23ME484 - Mechanical Design & Automation (Sem 5),722824114301,Vidyut V,3
2323,MECH,5,U23ME592,U23ME592 - Mechanical Design & Automation (Sem 5),722824114301,Vidyut V,3
2324,MECH,5,U23ME594,U23ME594 - Mechanical Design & Automation (Sem 5),722824114301,Vidyut V,3
2325,MECH,5,U23ME541,U23ME541 - Mechanical Design & Automation (Sem 5),722824114301,Vidyut V,3
2326,MECH,5,U23ME405,U23ME405 - Mechanical Design & Automation (Sem 5),722824114027,Kavya R,3
2327,MECH,5,U23ME406,U23ME406 - Mechanical Design & Automation (Sem 5),722824114027,Kavya R,3
2328,MECH,5,U23ME407,U23ME407 - Mechanical Design & Automation (Sem 5),722824114027,Kavya R,3
2329,MECH,5,U23ME522,U23ME522 - Mechanical Design & Automation (Sem 5),722824114027,Kavya R,3
2330,MECH,5,U23AM499,U23AM499 - Machine Learning & Neural Networks (Sem 5),722824114027,Kavya R,3
2331,MECH,5,U23ME484,U23ME484 - Mechanical Design & Automation (Sem 5),722824114027,Kavya R,3
2332,MECH,5,U23ME592,U23ME592 - Mechanical Design & Automation (Sem 5),722824114027,Kavya R,3
2333,MECH,5,U23ME594,U23ME594 - Mechanical Design & Automation (Sem 5),722824114027,Kavya R,3
2334,MECH,5,U23ME541,U23ME541 - Mechanical Design & Automation (Sem 5),722824114027,Kavya R,3
2335,MECH,5,U23ME405,U23ME405 - Mechanical Design & Automation (Sem 5),722824114014,Chandran V,3
2336,MECH,5,U23ME406,U23ME406 - Mechanical Design & Automation (Sem 5),722824114014,Chandran V,3
2337,MECH,5,U23ME407,U23ME407 - Mechanical Design & Automation (Sem 5),722824114014,Chandran V,3
2338,MECH,5,U23ME522,U23ME522 - Mechanical Design & Automation (Sem 5),722824114014,Chandran V,3
2339,MECH,5,U23AM499,U23AM499 - Machine Learning & Neural Networks (Sem 5),722824114014,Chandran V,3
2340,MECH,5,U23ME484,U23ME484 - Mechanical Design & Automation (Sem 5),722824114014,Chandran V,3
2341,MECH,5,U23ME592,U23ME592 - Mechanical Design & Automation (Sem 5),722824114014,Chandran V,3
2342,MECH,5,U23ME594,U23ME594 - Mechanical Design & Automation (Sem 5),722824114014,Chandran V,3
2343,MECH,5,U23ME541,U23ME541 - Mechanical Design & Automation (Sem 5),722824114014,Chandran V,3
2344,MECH,5,U23ME405,U23ME405 - Mechanical Design & Automation (Sem 5),722824114501,Pavithra R,3
2345,MECH,5,U23ME406,U23ME406 - Mechanical Design & Automation (Sem 5),722824114501,Pavithra R,3
2346,MECH,5,U23ME407,U23ME407 - Mechanical Design & Automation (Sem 5),722824114501,Pavithra R,3
2347,MECH,5,U23ME522,U23ME522 - Mechanical Design & Automation (Sem 5),722824114501,Pavithra R,3
2348,MECH,5,U23AM499,U23AM499 - Machine Learning & Neural Networks (Sem 5),722824114501,Pavithra R,3
2349,MECH,5,U23ME484,U23ME484 - Mechanical Design & Automation (Sem 5),722824114501,Pavithra R,3
2350,MECH,5,U23ME592,U23ME592 - Mechanical Design & Automation (Sem 5),722824114501,Pavithra R,3
2351,MECH,5,U23ME594,U23ME594 - Mechanical Design & Automation (Sem 5),722824114501,Pavithra R,3
2352,MECH,5,U23ME541,U23ME541 - Mechanical Design & Automation (Sem 5),722824114501,Pavithra R,3
2353,MECH,7,U23CB103,U23CB103 - Computer Science & Business Systems (Sem 7),722823114010,Pavithra A,3
2354,MECH,7,U23CB104,U23CB104 - Computer Science & Business Systems (Sem 7),722823114010,Pavithra A,3
2355,MECH,7,U23CS588,U23CS588 - Computer Science & Software Systems (Sem 7),722823114010,Pavithra A,3
2356,MECH,7,U23EE524,U23EE524 - Electrical Power & Energy Engineering (Sem 7),722823114010,Pavithra A,3
2357,MECH,7,U23AM584,U23AM584 - Machine Learning & Neural Networks (Sem 7),722823114010,Pavithra A,3
2358,MECH,7,U23ME410,U23ME410 - Mechanical Design & Automation (Sem 7),722823114010,Pavithra A,3
2359,MECH,7,U23ME552,U23ME552 - Mechanical Design & Automation (Sem 7),722823114010,Pavithra A,3
2360,MECH,7,U23AM586,U23AM586 - Machine Learning & Neural Networks (Sem 7),722823114010,Pavithra A,3
2361,MECH,7,U23ME541,U23ME541 - Mechanical Design & Automation (Sem 7),722823114010,Pavithra A,3
2362,MECH,7,U23CS521,U23CS521 - Computer Science & Software Systems (Sem 7),722823114010,Pavithra A,3
2363,MECH,7,U23EE522,U23EE522 - Electrical Power & Energy Engineering (Sem 7),722823114010,Pavithra A,3
2364,MECH,7,U23AM581,U23AM581 - Machine Learning & Neural Networks (Sem 7),722823114010,Pavithra A,3
2365,MECH,7,U23ME592,U23ME592 - Mechanical Design & Automation (Sem 7),722823114010,Pavithra A,3
2366,MECH,7,U23ME594,U23ME594 - Mechanical Design & Automation (Sem 7),722823114010,Pavithra A,3
2367,MECH,7,U23CB103,U23CB103 - Computer Science & Business Systems (Sem 7),722823114008,Yash N,3
2368,MECH,7,U23CB104,U23CB104 - Computer Science & Business Systems (Sem 7),722823114008,Yash N,3
2369,MECH,7,U23CS588,U23CS588 - Computer Science & Software Systems (Sem 7),722823114008,Yash N,3
2370,MECH,7,U23EE524,U23EE524 - Electrical Power & Energy Engineering (Sem 7),722823114008,Yash N,3
2371,MECH,7,U23AM584,U23AM584 - Machine Learning & Neural Networks (Sem 7),722823114008,Yash N,3
2372,MECH,7,U23ME410,U23ME410 - Mechanical Design & Automation (Sem 7),722823114008,Yash N,3
2373,MECH,7,U23ME552,U23ME552 - Mechanical Design & Automation (Sem 7),722823114008,Yash N,3
2374,MECH,7,U23AM586,U23AM586 - Machine Learning & Neural Networks (Sem 7),722823114008,Yash N,3
2375,MECH,7,U23ME541,U23ME541 - Mechanical Design & Automation (Sem 7),722823114008,Yash N,3
2376,MECH,7,U23CS521,U23CS521 - Computer Science & Software Systems (Sem 7),722823114008,Yash N,3
2377,MECH,7,U23EE522,U23EE522 - Electrical Power & Energy Engineering (Sem 7),722823114008,Yash N,3
2378,MECH,7,U23AM581,U23AM581 - Machine Learning & Neural Networks (Sem 7),722823114008,Yash N,3
2379,MECH,7,U23ME592,U23ME592 - Mechanical Design & Automation (Sem 7),722823114008,Yash N,3
2380,MECH,7,U23ME594,U23ME594 - Mechanical Design & Automation (Sem 7),722823114008,Yash N,3
2381,MECH,7,U23CB103,U23CB103 - Computer Science & Business Systems (Sem 7),722823114017,Kavya M,3
2382,MECH,7,U23CB104,U23CB104 - Computer Science & Business Systems (Sem 7),722823114017,Kavya M,3
2383,MECH,7,U23CS588,U23CS588 - Computer Science & Software Systems (Sem 7),722823114017,Kavya M,3
2384,MECH,7,U23EE524,U23EE524 - Electrical Power & Energy Engineering (Sem 7),722823114017,Kavya M,3
2385,MECH,7,U23AM584,U23AM584 - Machine Learning & Neural Networks (Sem 7),722823114017,Kavya M,3
2386,MECH,7,U23ME410,U23ME410 - Mechanical Design & Automation (Sem 7),722823114017,Kavya M,3
2387,MECH,7,U23ME552,U23ME552 - Mechanical Design & Automation (Sem 7),722823114017,Kavya M,3
2388,MECH,7,U23AM586,U23AM586 - Machine Learning & Neural Networks (Sem 7),722823114017,Kavya M,3
2389,MECH,7,U23ME541,U23ME541 - Mechanical Design & Automation (Sem 7),722823114017,Kavya M,3
2390,MECH,7,U23CS521,U23CS521 - Computer Science & Software Systems (Sem 7),722823114017,Kavya M,3
2391,MECH,7,U23EE522,U23EE522 - Electrical Power & Energy Engineering (Sem 7),722823114017,Kavya M,3
2392,MECH,7,U23AM581,U23AM581 - Machine Learning & Neural Networks (Sem 7),722823114017,Kavya M,3
2393,MECH,7,U23ME592,U23ME592 - Mechanical Design & Automation (Sem 7),722823114017,Kavya M,3
2394,MECH,7,U23ME594,U23ME594 - Mechanical Design & Automation (Sem 7),722823114017,Kavya M,3
2395,CSE,3,U23MA204,U23MA204 - Advanced Mathematics & Statistics (Sem 3),722824104101,Rahul P,3
2396,CSE,3,U23CS403,U23CS403 - Computer Science & Software Systems (Sem 3),722824104101,Rahul P,3
2397,CSE,3,U23CS404,U23CS404 - Computer Science & Software Systems (Sem 3),722824104101,Rahul P,3
2398,CSE,3,U23AM495,U23AM495 - Machine Learning & Neural Networks (Sem 3),722824104101,Rahul P,3
2399,CSE,3,U23CS491,U23CS491 - Computer Science & Software Systems (Sem 3),722824104101,Rahul P,3
2400,CSE,3,U23IT481,U23IT481 - Information Technology & Cloud Systems (Sem 3),722824104101,Rahul P,3
2401,CSE,3,U23MA204,U23MA204 - Advanced Mathematics & Statistics (Sem 3),722824104102,Gokul B,3
2402,CSE,3,U23CS403,U23CS403 - Computer Science & Software Systems (Sem 3),722824104102,Gokul B,3
2403,CSE,3,U23CS404,U23CS404 - Computer Science & Software Systems (Sem 3),722824104102,Gokul B,3
2404,CSE,3,U23AM495,U23AM495 - Machine Learning & Neural Networks (Sem 3),722824104102,Gokul B,3
2405,CSE,3,U23CS491,U23CS491 - Computer Science & Software Systems (Sem 3),722824104102,Gokul B,3
2406,CSE,3,U23IT481,U23IT481 - Information Technology & Cloud Systems (Sem 3),722824104102,Gokul B,3
2407,CSE,3,U23MA204,U23MA204 - Advanced Mathematics & Statistics (Sem 3),722824104103,Harini P,3
2408,CSE,3,U23CS403,U23CS403 - Computer Science & Software Systems (Sem 3),722824104103,Harini P,3
2409,CSE,3,U23CS404,U23CS404 - Computer Science & Software Systems (Sem 3),722824104103,Harini P,3
2410,CSE,3,U23AM495,U23AM495 - Machine Learning & Neural Networks (Sem 3),722824104103,Harini P,3
2411,CSE,3,U23CS491,U23CS491 - Computer Science & Software Systems (Sem 3),722824104103,Harini P,3
2412,CSE,3,U23IT481,U23IT481 - Information Technology & Cloud Systems (Sem 3),722824104103,Harini P,3
2413,CSE,3,U23MA204,U23MA204 - Advanced Mathematics & Statistics (Sem 3),722824104104,Jayant P,3
2414,CSE,3,U23CS403,U23CS403 - Computer Science & Software Systems (Sem 3),722824104104,Jayant P,3
2415,CSE,3,U23CS404,U23CS404 - Computer Science & Software Systems (Sem 3),722824104104,Jayant P,3
2416,CSE,3,U23AM495,U23AM495 - Machine Learning & Neural Networks (Sem 3),722824104104,Jayant P,3
2417,CSE,3,U23CS491,U23CS491 - Computer Science & Software Systems (Sem 3),722824104104,Jayant P,3
2418,CSE,3,U23IT481,U23IT481 - Information Technology & Cloud Systems (Sem 3),722824104104,Jayant P,3
2419,CSE,3,U23MA204,U23MA204 - Advanced Mathematics & Statistics (Sem 3),722824104105,Jayant A,3
2420,CSE,3,U23CS403,U23CS403 - Computer Science & Software Systems (Sem 3),722824104105,Jayant A,3
2421,CSE,3,U23CS404,U23CS404 - Computer Science & Software Systems (Sem 3),722824104105,Jayant A,3
2422,CSE,3,U23AM495,U23AM495 - Machine Learning & Neural Networks (Sem 3),722824104105,Jayant A,3
2423,CSE,3,U23CS491,U23CS491 - Computer Science & Software Systems (Sem 3),722824104105,Jayant A,3
2424,CSE,3,U23IT481,U23IT481 - Information Technology & Cloud Systems (Sem 3),722824104105,Jayant A,3
2425,CSE,3,U23MA204,U23MA204 - Advanced Mathematics & Statistics (Sem 3),722824104106,Jayant T,3
2426,CSE,3,U23CS403,U23CS403 - Computer Science & Software Systems (Sem 3),722824104106,Jayant T,3
2427,CSE,3,U23CS404,U23CS404 - Computer Science & Software Systems (Sem 3),722824104106,Jayant T,3
2428,CSE,3,U23AM495,U23AM495 - Machine Learning & Neural Networks (Sem 3),722824104106,Jayant T,3
2429,CSE,3,U23CS491,U23CS491 - Computer Science & Software Systems (Sem 3),722824104106,Jayant T,3
2430,CSE,3,U23IT481,U23IT481 - Information Technology & Cloud Systems (Sem 3),722824104106,Jayant T,3
2431,CSE,3,U23MA204,U23MA204 - Advanced Mathematics & Statistics (Sem 3),722824104108,Aravind T,3
2432,CSE,3,U23CS403,U23CS403 - Computer Science & Software Systems (Sem 3),722824104108,Aravind T,3
2433,CSE,3,U23CS404,U23CS404 - Computer Science & Software Systems (Sem 3),722824104108,Aravind T,3
2434,CSE,3,U23AM495,U23AM495 - Machine Learning & Neural Networks (Sem 3),722824104108,Aravind T,3
2435,CSE,3,U23CS491,U23CS491 - Computer Science & Software Systems (Sem 3),722824104108,Aravind T,3
2436,CSE,3,U23IT481,U23IT481 - Information Technology & Cloud Systems (Sem 3),722824104108,Aravind T,3
2437,CSE,3,U23MA204,U23MA204 - Advanced Mathematics & Statistics (Sem 3),722824104109,Harini K,3
2438,CSE,3,U23CS403,U23CS403 - Computer Science & Software Systems (Sem 3),722824104109,Harini K,3
2439,CSE,3,U23CS404,U23CS404 - Computer Science & Software Systems (Sem 3),722824104109,Harini K,3
2440,CSE,3,U23AM495,U23AM495 - Machine Learning & Neural Networks (Sem 3),722824104109,Harini K,3
2441,CSE,3,U23CS491,U23CS491 - Computer Science & Software Systems (Sem 3),722824104109,Harini K,3
2442,CSE,3,U23IT481,U23IT481 - Information Technology & Cloud Systems (Sem 3),722824104109,Harini K,3
2443,CSE,3,U23MA204,U23MA204 - Advanced Mathematics & Statistics (Sem 3),722824104110,Ishwarya N,3
2444,CSE,3,U23CS403,U23CS403 - Computer Science & Software Systems (Sem 3),722824104110,Ishwarya N,3
2445,CSE,3,U23CS404,U23CS404 - Computer Science & Software Systems (Sem 3),722824104110,Ishwarya N,3
2446,CSE,3,U23AM495,U23AM495 - Machine Learning & Neural Networks (Sem 3),722824104110,Ishwarya N,3
2447,CSE,3,U23CS491,U23CS491 - Computer Science & Software Systems (Sem 3),722824104110,Ishwarya N,3
2448,CSE,3,U23IT481,U23IT481 - Information Technology & Cloud Systems (Sem 3),722824104110,Ishwarya N,3
2449,CSE,3,U23MA204,U23MA204 - Advanced Mathematics & Statistics (Sem 3),722824104111,Rahul T,3
2450,CSE,3,U23CS403,U23CS403 - Computer Science & Software Systems (Sem 3),722824104111,Rahul T,3
2451,CSE,3,U23CS404,U23CS404 - Computer Science & Software Systems (Sem 3),722824104111,Rahul T,3
2452,CSE,3,U23AM495,U23AM495 - Machine Learning & Neural Networks (Sem 3),722824104111,Rahul T,3
2453,CSE,3,U23CS491,U23CS491 - Computer Science & Software Systems (Sem 3),722824104111,Rahul T,3
2454,CSE,3,U23IT481,U23IT481 - Information Technology & Cloud Systems (Sem 3),722824104111,Rahul T,3
2455,CSE,3,U23MA204,U23MA204 - Advanced Mathematics & Statistics (Sem 3),722824104112,Ishwarya B,3
2456,CSE,3,U23CS403,U23CS403 - Computer Science & Software Systems (Sem 3),722824104112,Ishwarya B,3
2457,CSE,3,U23CS404,U23CS404 - Computer Science & Software Systems (Sem 3),722824104112,Ishwarya B,3
2458,CSE,3,U23AM495,U23AM495 - Machine Learning & Neural Networks (Sem 3),722824104112,Ishwarya B,3
2459,CSE,3,U23CS491,U23CS491 - Computer Science & Software Systems (Sem 3),722824104112,Ishwarya B,3
2460,CSE,3,U23IT481,U23IT481 - Information Technology & Cloud Systems (Sem 3),722824104112,Ishwarya B,3
2461,CSE,3,U23MA204,U23MA204 - Advanced Mathematics & Statistics (Sem 3),722824104113,Rahul B,3
2462,CSE,3,U23CS403,U23CS403 - Computer Science & Software Systems (Sem 3),722824104113,Rahul B,3
2463,CSE,3,U23CS404,U23CS404 - Computer Science & Software Systems (Sem 3),722824104113,Rahul B,3
2464,CSE,3,U23AM495,U23AM495 - Machine Learning & Neural Networks (Sem 3),722824104113,Rahul B,3
2465,CSE,3,U23CS491,U23CS491 - Computer Science & Software Systems (Sem 3),722824104113,Rahul B,3
2466,CSE,3,U23IT481,U23IT481 - Information Technology & Cloud Systems (Sem 3),722824104113,Rahul B,3
2467,CSE,3,U23MA204,U23MA204 - Advanced Mathematics & Statistics (Sem 3),722824104114,Aravind K,3
2468,CSE,3,U23CS403,U23CS403 - Computer Science & Software Systems (Sem 3),722824104114,Aravind K,3
2469,CSE,3,U23CS404,U23CS404 - Computer Science & Software Systems (Sem 3),722824104114,Aravind K,3
2470,CSE,3,U23AM495,U23AM495 - Machine Learning & Neural Networks (Sem 3),722824104114,Aravind K,3
2471,CSE,3,U23CS491,U23CS491 - Computer Science & Software Systems (Sem 3),722824104114,Aravind K,3
2472,CSE,3,U23IT481,U23IT481 - Information Technology & Cloud Systems (Sem 3),722824104114,Aravind K,3
2473,CSE,3,U23MA204,U23MA204 - Advanced Mathematics & Statistics (Sem 3),722824104115,Karthik R,3
2474,CSE,3,U23CS403,U23CS403 - Computer Science & Software Systems (Sem 3),722824104115,Karthik R,3
2475,CSE,3,U23CS404,U23CS404 - Computer Science & Software Systems (Sem 3),722824104115,Karthik R,3
2476,CSE,3,U23AM495,U23AM495 - Machine Learning & Neural Networks (Sem 3),722824104115,Karthik R,3
2477,CSE,3,U23CS491,U23CS491 - Computer Science & Software Systems (Sem 3),722824104115,Karthik R,3
2478,CSE,3,U23IT481,U23IT481 - Information Technology & Cloud Systems (Sem 3),722824104115,Karthik R,3
2479,CSE,3,U23MA204,U23MA204 - Advanced Mathematics & Statistics (Sem 3),722824104116,Manoj R,3
2480,CSE,3,U23CS403,U23CS403 - Computer Science & Software Systems (Sem 3),722824104116,Manoj R,3
2481,CSE,3,U23CS404,U23CS404 - Computer Science & Software Systems (Sem 3),722824104116,Manoj R,3
2482,CSE,3,U23AM495,U23AM495 - Machine Learning & Neural Networks (Sem 3),722824104116,Manoj R,3
2483,CSE,3,U23CS491,U23CS491 - Computer Science & Software Systems (Sem 3),722824104116,Manoj R,3
2484,CSE,3,U23IT481,U23IT481 - Information Technology & Cloud Systems (Sem 3),722824104116,Manoj R,3
2485,CSE,3,U23MA204,U23MA204 - Advanced Mathematics & Statistics (Sem 3),722824104117,Karthik A,3
2486,CSE,3,U23CS403,U23CS403 - Computer Science & Software Systems (Sem 3),722824104117,Karthik A,3
2487,CSE,3,U23CS404,U23CS404 - Computer Science & Software Systems (Sem 3),722824104117,Karthik A,3
2488,CSE,3,U23AM495,U23AM495 - Machine Learning & Neural Networks (Sem 3),722824104117,Karthik A,3
2489,CSE,3,U23CS491,U23CS491 - Computer Science & Software Systems (Sem 3),722824104117,Karthik A,3
2490,CSE,3,U23IT481,U23IT481 - Information Technology & Cloud Systems (Sem 3),722824104117,Karthik A,3
2491,CSE,3,U23MA204,U23MA204 - Advanced Mathematics & Statistics (Sem 3),722824104118,Lakshmi B,3
2492,CSE,3,U23CS403,U23CS403 - Computer Science & Software Systems (Sem 3),722824104118,Lakshmi B,3
2493,CSE,3,U23CS404,U23CS404 - Computer Science & Software Systems (Sem 3),722824104118,Lakshmi B,3
2494,CSE,3,U23AM495,U23AM495 - Machine Learning & Neural Networks (Sem 3),722824104118,Lakshmi B,3
2495,CSE,3,U23CS491,U23CS491 - Computer Science & Software Systems (Sem 3),722824104118,Lakshmi B,3
2496,CSE,3,U23IT481,U23IT481 - Information Technology & Cloud Systems (Sem 3),722824104118,Lakshmi B,3
2497,CSE,3,U23MA204,U23MA204 - Advanced Mathematics & Statistics (Sem 3),722824104119,Swetha T,3
2498,CSE,3,U23CS403,U23CS403 - Computer Science & Software Systems (Sem 3),722824104119,Swetha T,3
2499,CSE,3,U23CS404,U23CS404 - Computer Science & Software Systems (Sem 3),722824104119,Swetha T,3
2500,CSE,3,U23AM495,U23AM495 - Machine Learning & Neural Networks (Sem 3),722824104119,Swetha T,3
2501,CSE,3,U23CS491,U23CS491 - Computer Science & Software Systems (Sem 3),722824104119,Swetha T,3
2502,CSE,3,U23IT481,U23IT481 - Information Technology & Cloud Systems (Sem 3),722824104119,Swetha T,3
2503,CSE,3,U23MA204,U23MA204 - Advanced Mathematics & Statistics (Sem 3),722824104120,Lakshmi N,3
2504,CSE,3,U23CS403,U23CS403 - Computer Science & Software Systems (Sem 3),722824104120,Lakshmi N,3
2505,CSE,3,U23CS404,U23CS404 - Computer Science & Software Systems (Sem 3),722824104120,Lakshmi N,3
2506,CSE,3,U23AM495,U23AM495 - Machine Learning & Neural Networks (Sem 3),722824104120,Lakshmi N,3
2507,CSE,3,U23CS491,U23CS491 - Computer Science & Software Systems (Sem 3),722824104120,Lakshmi N,3
2508,CSE,3,U23IT481,U23IT481 - Information Technology & Cloud Systems (Sem 3),722824104120,Lakshmi N,3
2509,CSE,5,U23CS405,U23CS405 - Computer Science & Software Systems (Sem 5),722823104101,Swetha P,3
2510,CSE,5,U23EC383,U23EC383 - Electronics & Communication Systems (Sem 5),722823104101,Swetha P,3
2511,CSE,5,U23CS584,U23CS584 - Computer Science & Software Systems (Sem 5),722823104101,Swetha P,3
2512,CSE,5,U23CS591,U23CS591 - Computer Science & Software Systems (Sem 5),722823104101,Swetha P,3
2513,CSE,5,U23CC583,U23CC583 - Cloud Computing & Cyber Security (Sem 5),722823104101,Swetha P,3
2514,CSE,5,U23IT593,U23IT593 - Information Technology & Cloud Systems (Sem 5),722823104101,Swetha P,3
2515,CSE,5,U23EC382,U23EC382 - Electronics & Communication Systems (Sem 5),722823104101,Swetha P,3
2516,CSE,5,U23CB593,U23CB593 - Computer Science & Business Systems (Sem 5),722823104101,Swetha P,3
2517,CSE,5,U23AD491,U23AD491 - Artificial Intelligence & Data Science (Sem 5),722823104101,Swetha P,3
2518,CSE,5,U23CS405,U23CS405 - Computer Science & Software Systems (Sem 5),722823104102,Lakshmi B,3
2519,CSE,5,U23EC383,U23EC383 - Electronics & Communication Systems (Sem 5),722823104102,Lakshmi B,3
2520,CSE,5,U23CS584,U23CS584 - Computer Science & Software Systems (Sem 5),722823104102,Lakshmi B,3
2521,CSE,5,U23CS591,U23CS591 - Computer Science & Software Systems (Sem 5),722823104102,Lakshmi B,3
2522,CSE,5,U23CC583,U23CC583 - Cloud Computing & Cyber Security (Sem 5),722823104102,Lakshmi B,3
2523,CSE,5,U23IT593,U23IT593 - Information Technology & Cloud Systems (Sem 5),722823104102,Lakshmi B,3
2524,CSE,5,U23EC382,U23EC382 - Electronics & Communication Systems (Sem 5),722823104102,Lakshmi B,3
2525,CSE,5,U23CB593,U23CB593 - Computer Science & Business Systems (Sem 5),722823104102,Lakshmi B,3
2526,CSE,5,U23AD491,U23AD491 - Artificial Intelligence & Data Science (Sem 5),722823104102,Lakshmi B,3
2527,CSE,5,U23CS405,U23CS405 - Computer Science & Software Systems (Sem 5),722823104103,Jayant V,3
2528,CSE,5,U23EC383,U23EC383 - Electronics & Communication Systems (Sem 5),722823104103,Jayant V,3
2529,CSE,5,U23CS584,U23CS584 - Computer Science & Software Systems (Sem 5),722823104103,Jayant V,3
2530,CSE,5,U23CS591,U23CS591 - Computer Science & Software Systems (Sem 5),722823104103,Jayant V,3
2531,CSE,5,U23CC583,U23CC583 - Cloud Computing & Cyber Security (Sem 5),722823104103,Jayant V,3
2532,CSE,5,U23IT593,U23IT593 - Information Technology & Cloud Systems (Sem 5),722823104103,Jayant V,3
2533,CSE,5,U23EC382,U23EC382 - Electronics & Communication Systems (Sem 5),722823104103,Jayant V,3
2534,CSE,5,U23CB593,U23CB593 - Computer Science & Business Systems (Sem 5),722823104103,Jayant V,3
2535,CSE,5,U23AD491,U23AD491 - Artificial Intelligence & Data Science (Sem 5),722823104103,Jayant V,3
2536,CSE,5,U23CS405,U23CS405 - Computer Science & Software Systems (Sem 5),722823104104,Jayant R,3
2537,CSE,5,U23EC383,U23EC383 - Electronics & Communication Systems (Sem 5),722823104104,Jayant R,3
2538,CSE,5,U23CS584,U23CS584 - Computer Science & Software Systems (Sem 5),722823104104,Jayant R,3
2539,CSE,5,U23CS591,U23CS591 - Computer Science & Software Systems (Sem 5),722823104104,Jayant R,3
2540,CSE,5,U23CC583,U23CC583 - Cloud Computing & Cyber Security (Sem 5),722823104104,Jayant R,3
2541,CSE,5,U23IT593,U23IT593 - Information Technology & Cloud Systems (Sem 5),722823104104,Jayant R,3
2542,CSE,5,U23EC382,U23EC382 - Electronics & Communication Systems (Sem 5),722823104104,Jayant R,3
2543,CSE,5,U23CB593,U23CB593 - Computer Science & Business Systems (Sem 5),722823104104,Jayant R,3
2544,CSE,5,U23AD491,U23AD491 - Artificial Intelligence & Data Science (Sem 5),722823104104,Jayant R,3
2545,CSE,5,U23CS405,U23CS405 - Computer Science & Software Systems (Sem 5),722823104105,Deepak R,3
2546,CSE,5,U23EC383,U23EC383 - Electronics & Communication Systems (Sem 5),722823104105,Deepak R,3
2547,CSE,5,U23CS584,U23CS584 - Computer Science & Software Systems (Sem 5),722823104105,Deepak R,3
2548,CSE,5,U23CS591,U23CS591 - Computer Science & Software Systems (Sem 5),722823104105,Deepak R,3
2549,CSE,5,U23CC583,U23CC583 - Cloud Computing & Cyber Security (Sem 5),722823104105,Deepak R,3
2550,CSE,5,U23IT593,U23IT593 - Information Technology & Cloud Systems (Sem 5),722823104105,Deepak R,3
2551,CSE,5,U23EC382,U23EC382 - Electronics & Communication Systems (Sem 5),722823104105,Deepak R,3
2552,CSE,5,U23CB593,U23CB593 - Computer Science & Business Systems (Sem 5),722823104105,Deepak R,3
2553,CSE,5,U23AD491,U23AD491 - Artificial Intelligence & Data Science (Sem 5),722823104105,Deepak R,3
2554,CSE,5,U23CS405,U23CS405 - Computer Science & Software Systems (Sem 5),722823104106,Kavya K,3
2555,CSE,5,U23EC383,U23EC383 - Electronics & Communication Systems (Sem 5),722823104106,Kavya K,3
2556,CSE,5,U23CS584,U23CS584 - Computer Science & Software Systems (Sem 5),722823104106,Kavya K,3
2557,CSE,5,U23CS591,U23CS591 - Computer Science & Software Systems (Sem 5),722823104106,Kavya K,3
2558,CSE,5,U23CC583,U23CC583 - Cloud Computing & Cyber Security (Sem 5),722823104106,Kavya K,3
2559,CSE,5,U23IT593,U23IT593 - Information Technology & Cloud Systems (Sem 5),722823104106,Kavya K,3
2560,CSE,5,U23EC382,U23EC382 - Electronics & Communication Systems (Sem 5),722823104106,Kavya K,3
2561,CSE,5,U23CB593,U23CB593 - Computer Science & Business Systems (Sem 5),722823104106,Kavya K,3
2562,CSE,5,U23AD491,U23AD491 - Artificial Intelligence & Data Science (Sem 5),722823104106,Kavya K,3
2563,CSE,5,U23CS405,U23CS405 - Computer Science & Software Systems (Sem 5),722823104107,Swetha S,3
2564,CSE,5,U23EC383,U23EC383 - Electronics & Communication Systems (Sem 5),722823104107,Swetha S,3
2565,CSE,5,U23CS584,U23CS584 - Computer Science & Software Systems (Sem 5),722823104107,Swetha S,3
2566,CSE,5,U23CS591,U23CS591 - Computer Science & Software Systems (Sem 5),722823104107,Swetha S,3
2567,CSE,5,U23CC583,U23CC583 - Cloud Computing & Cyber Security (Sem 5),722823104107,Swetha S,3
2568,CSE,5,U23IT593,U23IT593 - Information Technology & Cloud Systems (Sem 5),722823104107,Swetha S,3
2569,CSE,5,U23EC382,U23EC382 - Electronics & Communication Systems (Sem 5),722823104107,Swetha S,3
2570,CSE,5,U23CB593,U23CB593 - Computer Science & Business Systems (Sem 5),722823104107,Swetha S,3
2571,CSE,5,U23AD491,U23AD491 - Artificial Intelligence & Data Science (Sem 5),722823104107,Swetha S,3
2572,CSE,5,U23CS405,U23CS405 - Computer Science & Software Systems (Sem 5),722823104108,Harini R,3
2573,CSE,5,U23EC383,U23EC383 - Electronics & Communication Systems (Sem 5),722823104108,Harini R,3
2574,CSE,5,U23CS584,U23CS584 - Computer Science & Software Systems (Sem 5),722823104108,Harini R,3
2575,CSE,5,U23CS591,U23CS591 - Computer Science & Software Systems (Sem 5),722823104108,Harini R,3
2576,CSE,5,U23CC583,U23CC583 - Cloud Computing & Cyber Security (Sem 5),722823104108,Harini R,3
2577,CSE,5,U23IT593,U23IT593 - Information Technology & Cloud Systems (Sem 5),722823104108,Harini R,3
2578,CSE,5,U23EC382,U23EC382 - Electronics & Communication Systems (Sem 5),722823104108,Harini R,3
2579,CSE,5,U23CB593,U23CB593 - Computer Science & Business Systems (Sem 5),722823104108,Harini R,3
2580,CSE,5,U23AD491,U23AD491 - Artificial Intelligence & Data Science (Sem 5),722823104108,Harini R,3
2581,CSE,5,U23CS405,U23CS405 - Computer Science & Software Systems (Sem 5),722823104109,Rahul V,3
2582,CSE,5,U23EC383,U23EC383 - Electronics & Communication Systems (Sem 5),722823104109,Rahul V,3
2583,CSE,5,U23CS584,U23CS584 - Computer Science & Software Systems (Sem 5),722823104109,Rahul V,3
2584,CSE,5,U23CS591,U23CS591 - Computer Science & Software Systems (Sem 5),722823104109,Rahul V,3
2585,CSE,5,U23CC583,U23CC583 - Cloud Computing & Cyber Security (Sem 5),722823104109,Rahul V,3
2586,CSE,5,U23IT593,U23IT593 - Information Technology & Cloud Systems (Sem 5),722823104109,Rahul V,3
2587,CSE,5,U23EC382,U23EC382 - Electronics & Communication Systems (Sem 5),722823104109,Rahul V,3
2588,CSE,5,U23CB593,U23CB593 - Computer Science & Business Systems (Sem 5),722823104109,Rahul V,3
2589,CSE,5,U23AD491,U23AD491 - Artificial Intelligence & Data Science (Sem 5),722823104109,Rahul V,3
2590,CSE,5,U23CS405,U23CS405 - Computer Science & Software Systems (Sem 5),722823104110,Vidyut T,3
2591,CSE,5,U23EC383,U23EC383 - Electronics & Communication Systems (Sem 5),722823104110,Vidyut T,3
2592,CSE,5,U23CS584,U23CS584 - Computer Science & Software Systems (Sem 5),722823104110,Vidyut T,3
2593,CSE,5,U23CS591,U23CS591 - Computer Science & Software Systems (Sem 5),722823104110,Vidyut T,3
2594,CSE,5,U23CC583,U23CC583 - Cloud Computing & Cyber Security (Sem 5),722823104110,Vidyut T,3
2595,CSE,5,U23IT593,U23IT593 - Information Technology & Cloud Systems (Sem 5),722823104110,Vidyut T,3
2596,CSE,5,U23EC382,U23EC382 - Electronics & Communication Systems (Sem 5),722823104110,Vidyut T,3
2597,CSE,5,U23CB593,U23CB593 - Computer Science & Business Systems (Sem 5),722823104110,Vidyut T,3
2598,CSE,5,U23AD491,U23AD491 - Artificial Intelligence & Data Science (Sem 5),722823104110,Vidyut T,3
2599,CSE,5,U23CS405,U23CS405 - Computer Science & Software Systems (Sem 5),722823104111,Yash V,3
2600,CSE,5,U23EC383,U23EC383 - Electronics & Communication Systems (Sem 5),722823104111,Yash V,3
2601,CSE,5,U23CS584,U23CS584 - Computer Science & Software Systems (Sem 5),722823104111,Yash V,3
2602,CSE,5,U23CS591,U23CS591 - Computer Science & Software Systems (Sem 5),722823104111,Yash V,3
2603,CSE,5,U23CC583,U23CC583 - Cloud Computing & Cyber Security (Sem 5),722823104111,Yash V,3
2604,CSE,5,U23IT593,U23IT593 - Information Technology & Cloud Systems (Sem 5),722823104111,Yash V,3
2605,CSE,5,U23EC382,U23EC382 - Electronics & Communication Systems (Sem 5),722823104111,Yash V,3
2606,CSE,5,U23CB593,U23CB593 - Computer Science & Business Systems (Sem 5),722823104111,Yash V,3
2607,CSE,5,U23AD491,U23AD491 - Artificial Intelligence & Data Science (Sem 5),722823104111,Yash V,3
2608,CSE,5,U23CS405,U23CS405 - Computer Science & Software Systems (Sem 5),722823104112,Deepak R,3
2609,CSE,5,U23EC383,U23EC383 - Electronics & Communication Systems (Sem 5),722823104112,Deepak R,3
2610,CSE,5,U23CS584,U23CS584 - Computer Science & Software Systems (Sem 5),722823104112,Deepak R,3
2611,CSE,5,U23CS591,U23CS591 - Computer Science & Software Systems (Sem 5),722823104112,Deepak R,3
2612,CSE,5,U23CC583,U23CC583 - Cloud Computing & Cyber Security (Sem 5),722823104112,Deepak R,3
2613,CSE,5,U23IT593,U23IT593 - Information Technology & Cloud Systems (Sem 5),722823104112,Deepak R,3
2614,CSE,5,U23EC382,U23EC382 - Electronics & Communication Systems (Sem 5),722823104112,Deepak R,3
2615,CSE,5,U23CB593,U23CB593 - Computer Science & Business Systems (Sem 5),722823104112,Deepak R,3
2616,CSE,5,U23AD491,U23AD491 - Artificial Intelligence & Data Science (Sem 5),722823104112,Deepak R,3
2617,CSE,5,U23CS405,U23CS405 - Computer Science & Software Systems (Sem 5),722823104113,Karthik R,3
2618,CSE,5,U23EC383,U23EC383 - Electronics & Communication Systems (Sem 5),722823104113,Karthik R,3
2619,CSE,5,U23CS584,U23CS584 - Computer Science & Software Systems (Sem 5),722823104113,Karthik R,3
2620,CSE,5,U23CS591,U23CS591 - Computer Science & Software Systems (Sem 5),722823104113,Karthik R,3
2621,CSE,5,U23CC583,U23CC583 - Cloud Computing & Cyber Security (Sem 5),722823104113,Karthik R,3
2622,CSE,5,U23IT593,U23IT593 - Information Technology & Cloud Systems (Sem 5),722823104113,Karthik R,3
2623,CSE,5,U23EC382,U23EC382 - Electronics & Communication Systems (Sem 5),722823104113,Karthik R,3
2624,CSE,5,U23CB593,U23CB593 - Computer Science & Business Systems (Sem 5),722823104113,Karthik R,3
2625,CSE,5,U23AD491,U23AD491 - Artificial Intelligence & Data Science (Sem 5),722823104113,Karthik R,3
2626,CSE,5,U23CS405,U23CS405 - Computer Science & Software Systems (Sem 5),722823104114,Lakshmi S,3
2627,CSE,5,U23EC383,U23EC383 - Electronics & Communication Systems (Sem 5),722823104114,Lakshmi S,3
2628,CSE,5,U23CS584,U23CS584 - Computer Science & Software Systems (Sem 5),722823104114,Lakshmi S,3
2629,CSE,5,U23CS591,U23CS591 - Computer Science & Software Systems (Sem 5),722823104114,Lakshmi S,3
2630,CSE,5,U23CC583,U23CC583 - Cloud Computing & Cyber Security (Sem 5),722823104114,Lakshmi S,3
2631,CSE,5,U23IT593,U23IT593 - Information Technology & Cloud Systems (Sem 5),722823104114,Lakshmi S,3
2632,CSE,5,U23EC382,U23EC382 - Electronics & Communication Systems (Sem 5),722823104114,Lakshmi S,3
2633,CSE,5,U23CB593,U23CB593 - Computer Science & Business Systems (Sem 5),722823104114,Lakshmi S,3
2634,CSE,5,U23AD491,U23AD491 - Artificial Intelligence & Data Science (Sem 5),722823104114,Lakshmi S,3
2635,CSE,5,U23CS405,U23CS405 - Computer Science & Software Systems (Sem 5),722823104115,Karthik M,3
2636,CSE,5,U23EC383,U23EC383 - Electronics & Communication Systems (Sem 5),722823104115,Karthik M,3
2637,CSE,5,U23CS584,U23CS584 - Computer Science & Software Systems (Sem 5),722823104115,Karthik M,3
2638,CSE,5,U23CS591,U23CS591 - Computer Science & Software Systems (Sem 5),722823104115,Karthik M,3
2639,CSE,5,U23CC583,U23CC583 - Cloud Computing & Cyber Security (Sem 5),722823104115,Karthik M,3
2640,CSE,5,U23IT593,U23IT593 - Information Technology & Cloud Systems (Sem 5),722823104115,Karthik M,3
2641,CSE,5,U23EC382,U23EC382 - Electronics & Communication Systems (Sem 5),722823104115,Karthik M,3
2642,CSE,5,U23CB593,U23CB593 - Computer Science & Business Systems (Sem 5),722823104115,Karthik M,3
2643,CSE,5,U23AD491,U23AD491 - Artificial Intelligence & Data Science (Sem 5),722823104115,Karthik M,3
2644,CSE,5,U23CS405,U23CS405 - Computer Science & Software Systems (Sem 5),722823104116,Swetha S,3
2645,CSE,5,U23EC383,U23EC383 - Electronics & Communication Systems (Sem 5),722823104116,Swetha S,3
2646,CSE,5,U23CS584,U23CS584 - Computer Science & Software Systems (Sem 5),722823104116,Swetha S,3
2647,CSE,5,U23CS591,U23CS591 - Computer Science & Software Systems (Sem 5),722823104116,Swetha S,3
2648,CSE,5,U23CC583,U23CC583 - Cloud Computing & Cyber Security (Sem 5),722823104116,Swetha S,3
2649,CSE,5,U23IT593,U23IT593 - Information Technology & Cloud Systems (Sem 5),722823104116,Swetha S,3
2650,CSE,5,U23EC382,U23EC382 - Electronics & Communication Systems (Sem 5),722823104116,Swetha S,3
2651,CSE,5,U23CB593,U23CB593 - Computer Science & Business Systems (Sem 5),722823104116,Swetha S,3
2652,CSE,5,U23AD491,U23AD491 - Artificial Intelligence & Data Science (Sem 5),722823104116,Swetha S,3
2653,CSE,5,U23CS405,U23CS405 - Computer Science & Software Systems (Sem 5),722823104118,Jayant M,3
2654,CSE,5,U23EC383,U23EC383 - Electronics & Communication Systems (Sem 5),722823104118,Jayant M,3
2655,CSE,5,U23CS584,U23CS584 - Computer Science & Software Systems (Sem 5),722823104118,Jayant M,3
2656,CSE,5,U23CS591,U23CS591 - Computer Science & Software Systems (Sem 5),722823104118,Jayant M,3
2657,CSE,5,U23CC583,U23CC583 - Cloud Computing & Cyber Security (Sem 5),722823104118,Jayant M,3
2658,CSE,5,U23IT593,U23IT593 - Information Technology & Cloud Systems (Sem 5),722823104118,Jayant M,3
2659,CSE,5,U23EC382,U23EC382 - Electronics & Communication Systems (Sem 5),722823104118,Jayant M,3
2660,CSE,5,U23CB593,U23CB593 - Computer Science & Business Systems (Sem 5),722823104118,Jayant M,3
2661,CSE,5,U23AD491,U23AD491 - Artificial Intelligence & Data Science (Sem 5),722823104118,Jayant M,3
2662,CSE,5,U23CS405,U23CS405 - Computer Science & Software Systems (Sem 5),722823104119,Bhavana T,3
2663,CSE,5,U23EC383,U23EC383 - Electronics & Communication Systems (Sem 5),722823104119,Bhavana T,3
2664,CSE,5,U23CS584,U23CS584 - Computer Science & Software Systems (Sem 5),722823104119,Bhavana T,3
2665,CSE,5,U23CS591,U23CS591 - Computer Science & Software Systems (Sem 5),722823104119,Bhavana T,3
2666,CSE,5,U23CC583,U23CC583 - Cloud Computing & Cyber Security (Sem 5),722823104119,Bhavana T,3
2667,CSE,5,U23IT593,U23IT593 - Information Technology & Cloud Systems (Sem 5),722823104119,Bhavana T,3
2668,CSE,5,U23EC382,U23EC382 - Electronics & Communication Systems (Sem 5),722823104119,Bhavana T,3
2669,CSE,5,U23CB593,U23CB593 - Computer Science & Business Systems (Sem 5),722823104119,Bhavana T,3
2670,CSE,5,U23AD491,U23AD491 - Artificial Intelligence & Data Science (Sem 5),722823104119,Bhavana T,3
2671,CSE,5,U23CS405,U23CS405 - Computer Science & Software Systems (Sem 5),722823104120,Karthik S,3
2672,CSE,5,U23EC383,U23EC383 - Electronics & Communication Systems (Sem 5),722823104120,Karthik S,3
2673,CSE,5,U23CS584,U23CS584 - Computer Science & Software Systems (Sem 5),722823104120,Karthik S,3
2674,CSE,5,U23CS591,U23CS591 - Computer Science & Software Systems (Sem 5),722823104120,Karthik S,3
2675,CSE,5,U23CC583,U23CC583 - Cloud Computing & Cyber Security (Sem 5),722823104120,Karthik S,3
2676,CSE,5,U23IT593,U23IT593 - Information Technology & Cloud Systems (Sem 5),722823104120,Karthik S,3
2677,CSE,5,U23EC382,U23EC382 - Electronics & Communication Systems (Sem 5),722823104120,Karthik S,3
2678,CSE,5,U23CB593,U23CB593 - Computer Science & Business Systems (Sem 5),722823104120,Karthik S,3
2679,CSE,5,U23AD491,U23AD491 - Artificial Intelligence & Data Science (Sem 5),722823104120,Karthik S,3
2680,CSE,7,U23CB103,U23CB103 - Computer Science & Business Systems (Sem 7),722822104101,Rahul K,3
2681,CSE,7,U23CB104,U23CB104 - Computer Science & Business Systems (Sem 7),722822104101,Rahul K,3
2682,CSE,7,U23IT483,U23IT483 - Information Technology & Cloud Systems (Sem 7),722822104101,Rahul K,3
2683,CSE,7,U23CS531,U23CS531 - Computer Science & Software Systems (Sem 7),722822104101,Rahul K,3
2684,CSE,7,U23OEC84,U23OEC84 - CSE Core Subject (Sem 7),722822104101,Rahul K,3
2685,CSE,7,U23CB103,U23CB103 - Computer Science & Business Systems (Sem 7),722822104102,Aravind A,3
2686,CSE,7,U23CB104,U23CB104 - Computer Science & Business Systems (Sem 7),722822104102,Aravind A,3
2687,CSE,7,U23IT483,U23IT483 - Information Technology & Cloud Systems (Sem 7),722822104102,Aravind A,3
2688,CSE,7,U23CS531,U23CS531 - Computer Science & Software Systems (Sem 7),722822104102,Aravind A,3
2689,CSE,7,U23OEC84,U23OEC84 - CSE Core Subject (Sem 7),722822104102,Aravind A,3
2690,CSE,7,U23CB103,U23CB103 - Computer Science & Business Systems (Sem 7),722822104103,Karthik B,3
2691,CSE,7,U23CB104,U23CB104 - Computer Science & Business Systems (Sem 7),722822104103,Karthik B,3
2692,CSE,7,U23IT483,U23IT483 - Information Technology & Cloud Systems (Sem 7),722822104103,Karthik B,3
2693,CSE,7,U23CS531,U23CS531 - Computer Science & Software Systems (Sem 7),722822104103,Karthik B,3
2694,CSE,7,U23OEC84,U23OEC84 - CSE Core Subject (Sem 7),722822104103,Karthik B,3
2695,CSE,7,U23CB103,U23CB103 - Computer Science & Business Systems (Sem 7),722822104104,Rahul B,3
2696,CSE,7,U23CB104,U23CB104 - Computer Science & Business Systems (Sem 7),722822104104,Rahul B,3
2697,CSE,7,U23IT483,U23IT483 - Information Technology & Cloud Systems (Sem 7),722822104104,Rahul B,3
2698,CSE,7,U23CS531,U23CS531 - Computer Science & Software Systems (Sem 7),722822104104,Rahul B,3
2699,CSE,7,U23OEC84,U23OEC84 - CSE Core Subject (Sem 7),722822104104,Rahul B,3
2700,CSE,7,U23CB103,U23CB103 - Computer Science & Business Systems (Sem 7),722822104105,Kavya S,3
2701,CSE,7,U23CB104,U23CB104 - Computer Science & Business Systems (Sem 7),722822104105,Kavya S,3
2702,CSE,7,U23IT483,U23IT483 - Information Technology & Cloud Systems (Sem 7),722822104105,Kavya S,3
2703,CSE,7,U23CS531,U23CS531 - Computer Science & Software Systems (Sem 7),722822104105,Kavya S,3
2704,CSE,7,U23OEC84,U23OEC84 - CSE Core Subject (Sem 7),722822104105,Kavya S,3
2705,CSE,7,U23CB103,U23CB103 - Computer Science & Business Systems (Sem 7),722822104106,Bhavana V,3
2706,CSE,7,U23CB104,U23CB104 - Computer Science & Business Systems (Sem 7),722822104106,Bhavana V,3
2707,CSE,7,U23IT483,U23IT483 - Information Technology & Cloud Systems (Sem 7),722822104106,Bhavana V,3
2708,CSE,7,U23CS531,U23CS531 - Computer Science & Software Systems (Sem 7),722822104106,Bhavana V,3
2709,CSE,7,U23OEC84,U23OEC84 - CSE Core Subject (Sem 7),722822104106,Bhavana V,3
2710,CSE,7,U23CB103,U23CB103 - Computer Science & Business Systems (Sem 7),722822104107,Rahul K,3
2711,CSE,7,U23CB104,U23CB104 - Computer Science & Business Systems (Sem 7),722822104107,Rahul K,3
2712,CSE,7,U23IT483,U23IT483 - Information Technology & Cloud Systems (Sem 7),722822104107,Rahul K,3
2713,CSE,7,U23CS531,U23CS531 - Computer Science & Software Systems (Sem 7),722822104107,Rahul K,3
2714,CSE,7,U23OEC84,U23OEC84 - CSE Core Subject (Sem 7),722822104107,Rahul K,3
2715,CSE,7,U23CB103,U23CB103 - Computer Science & Business Systems (Sem 7),722822104108,Chandran N,3
2716,CSE,7,U23CB104,U23CB104 - Computer Science & Business Systems (Sem 7),722822104108,Chandran N,3
2717,CSE,7,U23IT483,U23IT483 - Information Technology & Cloud Systems (Sem 7),722822104108,Chandran N,3
2718,CSE,7,U23CS531,U23CS531 - Computer Science & Software Systems (Sem 7),722822104108,Chandran N,3
2719,CSE,7,U23OEC84,U23OEC84 - CSE Core Subject (Sem 7),722822104108,Chandran N,3
2720,CSE,7,U23CB103,U23CB103 - Computer Science & Business Systems (Sem 7),722822104109,Rahul K,3
2721,CSE,7,U23CB104,U23CB104 - Computer Science & Business Systems (Sem 7),722822104109,Rahul K,3
2722,CSE,7,U23IT483,U23IT483 - Information Technology & Cloud Systems (Sem 7),722822104109,Rahul K,3
2723,CSE,7,U23CS531,U23CS531 - Computer Science & Software Systems (Sem 7),722822104109,Rahul K,3
2724,CSE,7,U23OEC84,U23OEC84 - CSE Core Subject (Sem 7),722822104109,Rahul K,3
2725,CSE,7,U23CB103,U23CB103 - Computer Science & Business Systems (Sem 7),722822104110,Vidyut M,3
2726,CSE,7,U23CB104,U23CB104 - Computer Science & Business Systems (Sem 7),722822104110,Vidyut M,3
2727,CSE,7,U23IT483,U23IT483 - Information Technology & Cloud Systems (Sem 7),722822104110,Vidyut M,3
2728,CSE,7,U23CS531,U23CS531 - Computer Science & Software Systems (Sem 7),722822104110,Vidyut M,3
2729,CSE,7,U23OEC84,U23OEC84 - CSE Core Subject (Sem 7),722822104110,Vidyut M,3
2730,CSE,7,U23CB103,U23CB103 - Computer Science & Business Systems (Sem 7),722822104111,Elango S,3
2731,CSE,7,U23CB104,U23CB104 - Computer Science & Business Systems (Sem 7),722822104111,Elango S,3
2732,CSE,7,U23IT483,U23IT483 - Information Technology & Cloud Systems (Sem 7),722822104111,Elango S,3
2733,CSE,7,U23CS531,U23CS531 - Computer Science & Software Systems (Sem 7),722822104111,Elango S,3
2734,CSE,7,U23OEC84,U23OEC84 - CSE Core Subject (Sem 7),722822104111,Elango S,3
2735,CSE,7,U23CB103,U23CB103 - Computer Science & Business Systems (Sem 7),722822104112,Vidyut V,3
2736,CSE,7,U23CB104,U23CB104 - Computer Science & Business Systems (Sem 7),722822104112,Vidyut V,3
2737,CSE,7,U23IT483,U23IT483 - Information Technology & Cloud Systems (Sem 7),722822104112,Vidyut V,3
2738,CSE,7,U23CS531,U23CS531 - Computer Science & Software Systems (Sem 7),722822104112,Vidyut V,3
2739,CSE,7,U23OEC84,U23OEC84 - CSE Core Subject (Sem 7),722822104112,Vidyut V,3
2740,CSE,7,U23CB103,U23CB103 - Computer Science & Business Systems (Sem 7),722822104113,Chandran R,3
2741,CSE,7,U23CB104,U23CB104 - Computer Science & Business Systems (Sem 7),722822104113,Chandran R,3
2742,CSE,7,U23IT483,U23IT483 - Information Technology & Cloud Systems (Sem 7),722822104113,Chandran R,3
2743,CSE,7,U23CS531,U23CS531 - Computer Science & Software Systems (Sem 7),722822104113,Chandran R,3
2744,CSE,7,U23OEC84,U23OEC84 - CSE Core Subject (Sem 7),722822104113,Chandran R,3
2745,CSE,7,U23CB103,U23CB103 - Computer Science & Business Systems (Sem 7),722822104114,Deepak T,3
2746,CSE,7,U23CB104,U23CB104 - Computer Science & Business Systems (Sem 7),722822104114,Deepak T,3
2747,CSE,7,U23IT483,U23IT483 - Information Technology & Cloud Systems (Sem 7),722822104114,Deepak T,3
2748,CSE,7,U23CS531,U23CS531 - Computer Science & Software Systems (Sem 7),722822104114,Deepak T,3
2749,CSE,7,U23OEC84,U23OEC84 - CSE Core Subject (Sem 7),722822104114,Deepak T,3
2750,CSE,7,U23CB103,U23CB103 - Computer Science & Business Systems (Sem 7),722822104115,Naveen A,3
2751,CSE,7,U23CB104,U23CB104 - Computer Science & Business Systems (Sem 7),722822104115,Naveen A,3
2752,CSE,7,U23IT483,U23IT483 - Information Technology & Cloud Systems (Sem 7),722822104115,Naveen A,3
2753,CSE,7,U23CS531,U23CS531 - Computer Science & Software Systems (Sem 7),722822104115,Naveen A,3
2754,CSE,7,U23OEC84,U23OEC84 - CSE Core Subject (Sem 7),722822104115,Naveen A,3
2755,CSE,7,U23CB103,U23CB103 - Computer Science & Business Systems (Sem 7),722822104116,Yash A,3
2756,CSE,7,U23CB104,U23CB104 - Computer Science & Business Systems (Sem 7),722822104116,Yash A,3
2757,CSE,7,U23IT483,U23IT483 - Information Technology & Cloud Systems (Sem 7),722822104116,Yash A,3
2758,CSE,7,U23CS531,U23CS531 - Computer Science & Software Systems (Sem 7),722822104116,Yash A,3
2759,CSE,7,U23OEC84,U23OEC84 - CSE Core Subject (Sem 7),722822104116,Yash A,3
2760,CSE,7,U23CB103,U23CB103 - Computer Science & Business Systems (Sem 7),722822104117,Ishwarya T,3
2761,CSE,7,U23CB104,U23CB104 - Computer Science & Business Systems (Sem 7),722822104117,Ishwarya T,3
2762,CSE,7,U23IT483,U23IT483 - Information Technology & Cloud Systems (Sem 7),722822104117,Ishwarya T,3
2763,CSE,7,U23CS531,U23CS531 - Computer Science & Software Systems (Sem 7),722822104117,Ishwarya T,3
2764,CSE,7,U23OEC84,U23OEC84 - CSE Core Subject (Sem 7),722822104117,Ishwarya T,3
2765,CSE,7,U23CB103,U23CB103 - Computer Science & Business Systems (Sem 7),722822104118,Manoj B,3
2766,CSE,7,U23CB104,U23CB104 - Computer Science & Business Systems (Sem 7),722822104118,Manoj B,3
2767,CSE,7,U23IT483,U23IT483 - Information Technology & Cloud Systems (Sem 7),722822104118,Manoj B,3
2768,CSE,7,U23CS531,U23CS531 - Computer Science & Software Systems (Sem 7),722822104118,Manoj B,3
2769,CSE,7,U23OEC84,U23OEC84 - CSE Core Subject (Sem 7),722822104118,Manoj B,3
2770,CSE,7,U23CB103,U23CB103 - Computer Science & Business Systems (Sem 7),722822104119,Pavithra V,3
2771,CSE,7,U23CB104,U23CB104 - Computer Science & Business Systems (Sem 7),722822104119,Pavithra V,3
2772,CSE,7,U23IT483,U23IT483 - Information Technology & Cloud Systems (Sem 7),722822104119,Pavithra V,3
2773,CSE,7,U23CS531,U23CS531 - Computer Science & Software Systems (Sem 7),722822104119,Pavithra V,3
2774,CSE,7,U23OEC84,U23OEC84 - CSE Core Subject (Sem 7),722822104119,Pavithra V,3
2775,CSE,7,U23CB103,U23CB103 - Computer Science & Business Systems (Sem 7),722822104120,Vidyut N,3
2776,CSE,7,U23CB104,U23CB104 - Computer Science & Business Systems (Sem 7),722822104120,Vidyut N,3
2777,CSE,7,U23IT483,U23IT483 - Information Technology & Cloud Systems (Sem 7),722822104120,Vidyut N,3
2778,CSE,7,U23CS531,U23CS531 - Computer Science & Software Systems (Sem 7),722822104120,Vidyut N,3
2779,CSE,7,U23OEC84,U23OEC84 - CSE Core Subject (Sem 7),722822104120,Vidyut N,3
2780,EEE,3,U23MA207,U23MA207 - Advanced Mathematics & Statistics (Sem 3),722824105101,Karthik A,3
2781,EEE,3,U23CS303,U23CS303 - Computer Science & Software Systems (Sem 3),722824105101,Karthik A,3
2782,EEE,3,U23OCS82,U23OCS82 - EEE Core Subject (Sem 3),722824105101,Karthik A,3
2783,EEE,3,U23EE403,U23EE403 - Electrical Power & Energy Engineering (Sem 3),722824105101,Karthik A,3
2784,EEE,3,U23CS491,U23CS491 - Computer Science & Software Systems (Sem 3),722824105101,Karthik A,3
2785,EEE,3,U23EE402,U23EE402 - Electrical Power & Energy Engineering (Sem 3),722824105101,Karthik A,3
2786,EEE,3,U23MA207,U23MA207 - Advanced Mathematics & Statistics (Sem 3),722824105102,Yash M,3
2787,EEE,3,U23CS303,U23CS303 - Computer Science & Software Systems (Sem 3),722824105102,Yash M,3
2788,EEE,3,U23OCS82,U23OCS82 - EEE Core Subject (Sem 3),722824105102,Yash M,3
2789,EEE,3,U23EE403,U23EE403 - Electrical Power & Energy Engineering (Sem 3),722824105102,Yash M,3
2790,EEE,3,U23CS491,U23CS491 - Computer Science & Software Systems (Sem 3),722824105102,Yash M,3
2791,EEE,3,U23EE402,U23EE402 - Electrical Power & Energy Engineering (Sem 3),722824105102,Yash M,3
2792,EEE,3,U23MA207,U23MA207 - Advanced Mathematics & Statistics (Sem 3),722824105103,Yash K,3
2793,EEE,3,U23CS303,U23CS303 - Computer Science & Software Systems (Sem 3),722824105103,Yash K,3
2794,EEE,3,U23OCS82,U23OCS82 - EEE Core Subject (Sem 3),722824105103,Yash K,3
2795,EEE,3,U23EE403,U23EE403 - Electrical Power & Energy Engineering (Sem 3),722824105103,Yash K,3
2796,EEE,3,U23CS491,U23CS491 - Computer Science & Software Systems (Sem 3),722824105103,Yash K,3
2797,EEE,3,U23EE402,U23EE402 - Electrical Power & Energy Engineering (Sem 3),722824105103,Yash K,3
2798,EEE,3,U23MA207,U23MA207 - Advanced Mathematics & Statistics (Sem 3),722824105104,Harini R,3
2799,EEE,3,U23CS303,U23CS303 - Computer Science & Software Systems (Sem 3),722824105104,Harini R,3
2800,EEE,3,U23OCS82,U23OCS82 - EEE Core Subject (Sem 3),722824105104,Harini R,3
2801,EEE,3,U23EE403,U23EE403 - Electrical Power & Energy Engineering (Sem 3),722824105104,Harini R,3
2802,EEE,3,U23CS491,U23CS491 - Computer Science & Software Systems (Sem 3),722824105104,Harini R,3
2803,EEE,3,U23EE402,U23EE402 - Electrical Power & Energy Engineering (Sem 3),722824105104,Harini R,3
2804,EEE,3,U23MA207,U23MA207 - Advanced Mathematics & Statistics (Sem 3),722824105105,Jayant K,3
2805,EEE,3,U23CS303,U23CS303 - Computer Science & Software Systems (Sem 3),722824105105,Jayant K,3
2806,EEE,3,U23OCS82,U23OCS82 - EEE Core Subject (Sem 3),722824105105,Jayant K,3
2807,EEE,3,U23EE403,U23EE403 - Electrical Power & Energy Engineering (Sem 3),722824105105,Jayant K,3
2808,EEE,3,U23CS491,U23CS491 - Computer Science & Software Systems (Sem 3),722824105105,Jayant K,3
2809,EEE,3,U23EE402,U23EE402 - Electrical Power & Energy Engineering (Sem 3),722824105105,Jayant K,3
2810,EEE,3,U23MA207,U23MA207 - Advanced Mathematics & Statistics (Sem 3),722824105106,Gokul R,3
2811,EEE,3,U23CS303,U23CS303 - Computer Science & Software Systems (Sem 3),722824105106,Gokul R,3
2812,EEE,3,U23OCS82,U23OCS82 - EEE Core Subject (Sem 3),722824105106,Gokul R,3
2813,EEE,3,U23EE403,U23EE403 - Electrical Power & Energy Engineering (Sem 3),722824105106,Gokul R,3
2814,EEE,3,U23CS491,U23CS491 - Computer Science & Software Systems (Sem 3),722824105106,Gokul R,3
2815,EEE,3,U23EE402,U23EE402 - Electrical Power & Energy Engineering (Sem 3),722824105106,Gokul R,3
2816,EEE,3,U23MA207,U23MA207 - Advanced Mathematics & Statistics (Sem 3),722824105107,Gokul T,3
2817,EEE,3,U23CS303,U23CS303 - Computer Science & Software Systems (Sem 3),722824105107,Gokul T,3
2818,EEE,3,U23OCS82,U23OCS82 - EEE Core Subject (Sem 3),722824105107,Gokul T,3
2819,EEE,3,U23EE403,U23EE403 - Electrical Power & Energy Engineering (Sem 3),722824105107,Gokul T,3
2820,EEE,3,U23CS491,U23CS491 - Computer Science & Software Systems (Sem 3),722824105107,Gokul T,3
2821,EEE,3,U23EE402,U23EE402 - Electrical Power & Energy Engineering (Sem 3),722824105107,Gokul T,3
2822,EEE,3,U23MA207,U23MA207 - Advanced Mathematics & Statistics (Sem 3),722824105108,Chandran S,3
2823,EEE,3,U23CS303,U23CS303 - Computer Science & Software Systems (Sem 3),722824105108,Chandran S,3
2824,EEE,3,U23OCS82,U23OCS82 - EEE Core Subject (Sem 3),722824105108,Chandran S,3
2825,EEE,3,U23EE403,U23EE403 - Electrical Power & Energy Engineering (Sem 3),722824105108,Chandran S,3
2826,EEE,3,U23CS491,U23CS491 - Computer Science & Software Systems (Sem 3),722824105108,Chandran S,3
2827,EEE,3,U23EE402,U23EE402 - Electrical Power & Energy Engineering (Sem 3),722824105108,Chandran S,3
2828,EEE,3,U23MA207,U23MA207 - Advanced Mathematics & Statistics (Sem 3),722824105109,Aravind N,3
2829,EEE,3,U23CS303,U23CS303 - Computer Science & Software Systems (Sem 3),722824105109,Aravind N,3
2830,EEE,3,U23OCS82,U23OCS82 - EEE Core Subject (Sem 3),722824105109,Aravind N,3
2831,EEE,3,U23EE403,U23EE403 - Electrical Power & Energy Engineering (Sem 3),722824105109,Aravind N,3
2832,EEE,3,U23CS491,U23CS491 - Computer Science & Software Systems (Sem 3),722824105109,Aravind N,3
2833,EEE,3,U23EE402,U23EE402 - Electrical Power & Energy Engineering (Sem 3),722824105109,Aravind N,3
2834,EEE,3,U23MA207,U23MA207 - Advanced Mathematics & Statistics (Sem 3),722824105110,Pavithra A,3
2835,EEE,3,U23CS303,U23CS303 - Computer Science & Software Systems (Sem 3),722824105110,Pavithra A,3
2836,EEE,3,U23OCS82,U23OCS82 - EEE Core Subject (Sem 3),722824105110,Pavithra A,3
2837,EEE,3,U23EE403,U23EE403 - Electrical Power & Energy Engineering (Sem 3),722824105110,Pavithra A,3
2838,EEE,3,U23CS491,U23CS491 - Computer Science & Software Systems (Sem 3),722824105110,Pavithra A,3
2839,EEE,3,U23EE402,U23EE402 - Electrical Power & Energy Engineering (Sem 3),722824105110,Pavithra A,3
2840,EEE,3,U23MA207,U23MA207 - Advanced Mathematics & Statistics (Sem 3),722824105111,Rahul V,3
2841,EEE,3,U23CS303,U23CS303 - Computer Science & Software Systems (Sem 3),722824105111,Rahul V,3
2842,EEE,3,U23OCS82,U23OCS82 - EEE Core Subject (Sem 3),722824105111,Rahul V,3
2843,EEE,3,U23EE403,U23EE403 - Electrical Power & Energy Engineering (Sem 3),722824105111,Rahul V,3
2844,EEE,3,U23CS491,U23CS491 - Computer Science & Software Systems (Sem 3),722824105111,Rahul V,3
2845,EEE,3,U23EE402,U23EE402 - Electrical Power & Energy Engineering (Sem 3),722824105111,Rahul V,3
2846,EEE,3,U23MA207,U23MA207 - Advanced Mathematics & Statistics (Sem 3),722824105112,Bhavana R,3
2847,EEE,3,U23CS303,U23CS303 - Computer Science & Software Systems (Sem 3),722824105112,Bhavana R,3
2848,EEE,3,U23OCS82,U23OCS82 - EEE Core Subject (Sem 3),722824105112,Bhavana R,3
2849,EEE,3,U23EE403,U23EE403 - Electrical Power & Energy Engineering (Sem 3),722824105112,Bhavana R,3
2850,EEE,3,U23CS491,U23CS491 - Computer Science & Software Systems (Sem 3),722824105112,Bhavana R,3
2851,EEE,3,U23EE402,U23EE402 - Electrical Power & Energy Engineering (Sem 3),722824105112,Bhavana R,3
2852,EEE,3,U23MA207,U23MA207 - Advanced Mathematics & Statistics (Sem 3),722824105113,Karthik V,3
2853,EEE,3,U23CS303,U23CS303 - Computer Science & Software Systems (Sem 3),722824105113,Karthik V,3
2854,EEE,3,U23OCS82,U23OCS82 - EEE Core Subject (Sem 3),722824105113,Karthik V,3
2855,EEE,3,U23EE403,U23EE403 - Electrical Power & Energy Engineering (Sem 3),722824105113,Karthik V,3
2856,EEE,3,U23CS491,U23CS491 - Computer Science & Software Systems (Sem 3),722824105113,Karthik V,3
2857,EEE,3,U23EE402,U23EE402 - Electrical Power & Energy Engineering (Sem 3),722824105113,Karthik V,3
2858,EEE,3,U23MA207,U23MA207 - Advanced Mathematics & Statistics (Sem 3),722824105114,Pavithra K,3
2859,EEE,3,U23CS303,U23CS303 - Computer Science & Software Systems (Sem 3),722824105114,Pavithra K,3
2860,EEE,3,U23OCS82,U23OCS82 - EEE Core Subject (Sem 3),722824105114,Pavithra K,3
2861,EEE,3,U23EE403,U23EE403 - Electrical Power & Energy Engineering (Sem 3),722824105114,Pavithra K,3
2862,EEE,3,U23CS491,U23CS491 - Computer Science & Software Systems (Sem 3),722824105114,Pavithra K,3
2863,EEE,3,U23EE402,U23EE402 - Electrical Power & Energy Engineering (Sem 3),722824105114,Pavithra K,3
2864,EEE,3,U23MA207,U23MA207 - Advanced Mathematics & Statistics (Sem 3),722824105115,Ishwarya V,3
2865,EEE,3,U23CS303,U23CS303 - Computer Science & Software Systems (Sem 3),722824105115,Ishwarya V,3
2866,EEE,3,U23OCS82,U23OCS82 - EEE Core Subject (Sem 3),722824105115,Ishwarya V,3
2867,EEE,3,U23EE403,U23EE403 - Electrical Power & Energy Engineering (Sem 3),722824105115,Ishwarya V,3
2868,EEE,3,U23CS491,U23CS491 - Computer Science & Software Systems (Sem 3),722824105115,Ishwarya V,3
2869,EEE,3,U23EE402,U23EE402 - Electrical Power & Energy Engineering (Sem 3),722824105115,Ishwarya V,3
2870,EEE,3,U23MA207,U23MA207 - Advanced Mathematics & Statistics (Sem 3),722824105116,Vidyut R,3
2871,EEE,3,U23CS303,U23CS303 - Computer Science & Software Systems (Sem 3),722824105116,Vidyut R,3
2872,EEE,3,U23OCS82,U23OCS82 - EEE Core Subject (Sem 3),722824105116,Vidyut R,3
2873,EEE,3,U23EE403,U23EE403 - Electrical Power & Energy Engineering (Sem 3),722824105116,Vidyut R,3
2874,EEE,3,U23CS491,U23CS491 - Computer Science & Software Systems (Sem 3),722824105116,Vidyut R,3
2875,EEE,3,U23EE402,U23EE402 - Electrical Power & Energy Engineering (Sem 3),722824105116,Vidyut R,3
2876,EEE,3,U23MA207,U23MA207 - Advanced Mathematics & Statistics (Sem 3),722824105117,Naveen K,3
2877,EEE,3,U23CS303,U23CS303 - Computer Science & Software Systems (Sem 3),722824105117,Naveen K,3
2878,EEE,3,U23OCS82,U23OCS82 - EEE Core Subject (Sem 3),722824105117,Naveen K,3
2879,EEE,3,U23EE403,U23EE403 - Electrical Power & Energy Engineering (Sem 3),722824105117,Naveen K,3
2880,EEE,3,U23CS491,U23CS491 - Computer Science & Software Systems (Sem 3),722824105117,Naveen K,3
2881,EEE,3,U23EE402,U23EE402 - Electrical Power & Energy Engineering (Sem 3),722824105117,Naveen K,3
2882,EEE,3,U23MA207,U23MA207 - Advanced Mathematics & Statistics (Sem 3),722824105118,Swetha R,3
2883,EEE,3,U23CS303,U23CS303 - Computer Science & Software Systems (Sem 3),722824105118,Swetha R,3
2884,EEE,3,U23OCS82,U23OCS82 - EEE Core Subject (Sem 3),722824105118,Swetha R,3
2885,EEE,3,U23EE403,U23EE403 - Electrical Power & Energy Engineering (Sem 3),722824105118,Swetha R,3
2886,EEE,3,U23CS491,U23CS491 - Computer Science & Software Systems (Sem 3),722824105118,Swetha R,3
2887,EEE,3,U23EE402,U23EE402 - Electrical Power & Energy Engineering (Sem 3),722824105118,Swetha R,3
2888,EEE,3,U23MA207,U23MA207 - Advanced Mathematics & Statistics (Sem 3),722824105119,Elango V,3
2889,EEE,3,U23CS303,U23CS303 - Computer Science & Software Systems (Sem 3),722824105119,Elango V,3
2890,EEE,3,U23OCS82,U23OCS82 - EEE Core Subject (Sem 3),722824105119,Elango V,3
2891,EEE,3,U23EE403,U23EE403 - Electrical Power & Energy Engineering (Sem 3),722824105119,Elango V,3
2892,EEE,3,U23CS491,U23CS491 - Computer Science & Software Systems (Sem 3),722824105119,Elango V,3
2893,EEE,3,U23EE402,U23EE402 - Electrical Power & Energy Engineering (Sem 3),722824105119,Elango V,3
2894,EEE,3,U23MA207,U23MA207 - Advanced Mathematics & Statistics (Sem 3),722824105120,Elango K,3
2895,EEE,3,U23CS303,U23CS303 - Computer Science & Software Systems (Sem 3),722824105120,Elango K,3
2896,EEE,3,U23OCS82,U23OCS82 - EEE Core Subject (Sem 3),722824105120,Elango K,3
2897,EEE,3,U23EE403,U23EE403 - Electrical Power & Energy Engineering (Sem 3),722824105120,Elango K,3
2898,EEE,3,U23CS491,U23CS491 - Computer Science & Software Systems (Sem 3),722824105120,Elango K,3
2899,EEE,3,U23EE402,U23EE402 - Electrical Power & Energy Engineering (Sem 3),722824105120,Elango K,3
2900,EEE,5,U23EE407,U23EE407 - Electrical Power & Energy Engineering (Sem 5),722823105101,Bhavana S,3
2901,EEE,5,U23EE408,U23EE408 - Electrical Power & Energy Engineering (Sem 5),722823105101,Bhavana S,3
2902,EEE,5,U23EE491,U23EE491 - Electrical Power & Energy Engineering (Sem 5),722823105101,Bhavana S,3
2903,EEE,5,U23EE582,U23EE582 - Electrical Power & Energy Engineering (Sem 5),722823105101,Bhavana S,3
2904,EEE,5,U23EE585,U23EE585 - Electrical Power & Energy Engineering (Sem 5),722823105101,Bhavana S,3
2905,EEE,5,U23EE409,U23EE409 - Electrical Power & Energy Engineering (Sem 5),722823105101,Bhavana S,3
2906,EEE,5,U23OCS85,U23OCS85 - EEE Core Subject (Sem 5),722823105101,Bhavana S,3
2907,EEE,5,U23EE407,U23EE407 - Electrical Power & Energy Engineering (Sem 5),722823105102,Karthik A,3
2908,EEE,5,U23EE408,U23EE408 - Electrical Power & Energy Engineering (Sem 5),722823105102,Karthik A,3
2909,EEE,5,U23EE491,U23EE491 - Electrical Power & Energy Engineering (Sem 5),722823105102,Karthik A,3
2910,EEE,5,U23EE582,U23EE582 - Electrical Power & Energy Engineering (Sem 5),722823105102,Karthik A,3
2911,EEE,5,U23EE585,U23EE585 - Electrical Power & Energy Engineering (Sem 5),722823105102,Karthik A,3
2912,EEE,5,U23EE409,U23EE409 - Electrical Power & Energy Engineering (Sem 5),722823105102,Karthik A,3
2913,EEE,5,U23OCS85,U23OCS85 - EEE Core Subject (Sem 5),722823105102,Karthik A,3
2914,EEE,5,U23EE407,U23EE407 - Electrical Power & Energy Engineering (Sem 5),722823105103,Vidyut V,3
2915,EEE,5,U23EE408,U23EE408 - Electrical Power & Energy Engineering (Sem 5),722823105103,Vidyut V,3
2916,EEE,5,U23EE491,U23EE491 - Electrical Power & Energy Engineering (Sem 5),722823105103,Vidyut V,3
2917,EEE,5,U23EE582,U23EE582 - Electrical Power & Energy Engineering (Sem 5),722823105103,Vidyut V,3
2918,EEE,5,U23EE585,U23EE585 - Electrical Power & Energy Engineering (Sem 5),722823105103,Vidyut V,3
2919,EEE,5,U23EE409,U23EE409 - Electrical Power & Energy Engineering (Sem 5),722823105103,Vidyut V,3
2920,EEE,5,U23OCS85,U23OCS85 - EEE Core Subject (Sem 5),722823105103,Vidyut V,3
2921,EEE,5,U23EE407,U23EE407 - Electrical Power & Energy Engineering (Sem 5),722823105104,Pavithra K,3
2922,EEE,5,U23EE408,U23EE408 - Electrical Power & Energy Engineering (Sem 5),722823105104,Pavithra K,3
2923,EEE,5,U23EE491,U23EE491 - Electrical Power & Energy Engineering (Sem 5),722823105104,Pavithra K,3
2924,EEE,5,U23EE582,U23EE582 - Electrical Power & Energy Engineering (Sem 5),722823105104,Pavithra K,3
2925,EEE,5,U23EE585,U23EE585 - Electrical Power & Energy Engineering (Sem 5),722823105104,Pavithra K,3
2926,EEE,5,U23EE409,U23EE409 - Electrical Power & Energy Engineering (Sem 5),722823105104,Pavithra K,3
2927,EEE,5,U23OCS85,U23OCS85 - EEE Core Subject (Sem 5),722823105104,Pavithra K,3
2928,EEE,5,U23EE407,U23EE407 - Electrical Power & Energy Engineering (Sem 5),722823105105,Pavithra V,3
2929,EEE,5,U23EE408,U23EE408 - Electrical Power & Energy Engineering (Sem 5),722823105105,Pavithra V,3
2930,EEE,5,U23EE491,U23EE491 - Electrical Power & Energy Engineering (Sem 5),722823105105,Pavithra V,3
2931,EEE,5,U23EE582,U23EE582 - Electrical Power & Energy Engineering (Sem 5),722823105105,Pavithra V,3
2932,EEE,5,U23EE585,U23EE585 - Electrical Power & Energy Engineering (Sem 5),722823105105,Pavithra V,3
2933,EEE,5,U23EE409,U23EE409 - Electrical Power & Energy Engineering (Sem 5),722823105105,Pavithra V,3
2934,EEE,5,U23OCS85,U23OCS85 - EEE Core Subject (Sem 5),722823105105,Pavithra V,3
2935,EEE,5,U23EE407,U23EE407 - Electrical Power & Energy Engineering (Sem 5),722823105106,Manoj V,3
2936,EEE,5,U23EE408,U23EE408 - Electrical Power & Energy Engineering (Sem 5),722823105106,Manoj V,3
2937,EEE,5,U23EE491,U23EE491 - Electrical Power & Energy Engineering (Sem 5),722823105106,Manoj V,3
2938,EEE,5,U23EE582,U23EE582 - Electrical Power & Energy Engineering (Sem 5),722823105106,Manoj V,3
2939,EEE,5,U23EE585,U23EE585 - Electrical Power & Energy Engineering (Sem 5),722823105106,Manoj V,3
2940,EEE,5,U23EE409,U23EE409 - Electrical Power & Energy Engineering (Sem 5),722823105106,Manoj V,3
2941,EEE,5,U23OCS85,U23OCS85 - EEE Core Subject (Sem 5),722823105106,Manoj V,3
2942,EEE,5,U23EE407,U23EE407 - Electrical Power & Energy Engineering (Sem 5),722823105107,Sanjay T,3
2943,EEE,5,U23EE408,U23EE408 - Electrical Power & Energy Engineering (Sem 5),722823105107,Sanjay T,3
2944,EEE,5,U23EE491,U23EE491 - Electrical Power & Energy Engineering (Sem 5),722823105107,Sanjay T,3
2945,EEE,5,U23EE582,U23EE582 - Electrical Power & Energy Engineering (Sem 5),722823105107,Sanjay T,3
2946,EEE,5,U23EE585,U23EE585 - Electrical Power & Energy Engineering (Sem 5),722823105107,Sanjay T,3
2947,EEE,5,U23EE409,U23EE409 - Electrical Power & Energy Engineering (Sem 5),722823105107,Sanjay T,3
2948,EEE,5,U23OCS85,U23OCS85 - EEE Core Subject (Sem 5),722823105107,Sanjay T,3
2949,EEE,5,U23EE407,U23EE407 - Electrical Power & Energy Engineering (Sem 5),722823105108,Rahul B,3
2950,EEE,5,U23EE408,U23EE408 - Electrical Power & Energy Engineering (Sem 5),722823105108,Rahul B,3
2951,EEE,5,U23EE491,U23EE491 - Electrical Power & Energy Engineering (Sem 5),722823105108,Rahul B,3
2952,EEE,5,U23EE582,U23EE582 - Electrical Power & Energy Engineering (Sem 5),722823105108,Rahul B,3
2953,EEE,5,U23EE585,U23EE585 - Electrical Power & Energy Engineering (Sem 5),722823105108,Rahul B,3
2954,EEE,5,U23EE409,U23EE409 - Electrical Power & Energy Engineering (Sem 5),722823105108,Rahul B,3
2955,EEE,5,U23OCS85,U23OCS85 - EEE Core Subject (Sem 5),722823105108,Rahul B,3
2956,EEE,5,U23EE407,U23EE407 - Electrical Power & Energy Engineering (Sem 5),722823105109,Chandran A,3
2957,EEE,5,U23EE408,U23EE408 - Electrical Power & Energy Engineering (Sem 5),722823105109,Chandran A,3
2958,EEE,5,U23EE491,U23EE491 - Electrical Power & Energy Engineering (Sem 5),722823105109,Chandran A,3
2959,EEE,5,U23EE582,U23EE582 - Electrical Power & Energy Engineering (Sem 5),722823105109,Chandran A,3
2960,EEE,5,U23EE585,U23EE585 - Electrical Power & Energy Engineering (Sem 5),722823105109,Chandran A,3
2961,EEE,5,U23EE409,U23EE409 - Electrical Power & Energy Engineering (Sem 5),722823105109,Chandran A,3
2962,EEE,5,U23OCS85,U23OCS85 - EEE Core Subject (Sem 5),722823105109,Chandran A,3
2963,EEE,5,U23EE407,U23EE407 - Electrical Power & Energy Engineering (Sem 5),722823105110,Bhavana N,3
2964,EEE,5,U23EE408,U23EE408 - Electrical Power & Energy Engineering (Sem 5),722823105110,Bhavana N,3
2965,EEE,5,U23EE491,U23EE491 - Electrical Power & Energy Engineering (Sem 5),722823105110,Bhavana N,3
2966,EEE,5,U23EE582,U23EE582 - Electrical Power & Energy Engineering (Sem 5),722823105110,Bhavana N,3
2967,EEE,5,U23EE585,U23EE585 - Electrical Power & Energy Engineering (Sem 5),722823105110,Bhavana N,3
2968,EEE,5,U23EE409,U23EE409 - Electrical Power & Energy Engineering (Sem 5),722823105110,Bhavana N,3
2969,EEE,5,U23OCS85,U23OCS85 - EEE Core Subject (Sem 5),722823105110,Bhavana N,3
2970,EEE,5,U23EE407,U23EE407 - Electrical Power & Energy Engineering (Sem 5),722823105111,Kavya A,3
2971,EEE,5,U23EE408,U23EE408 - Electrical Power & Energy Engineering (Sem 5),722823105111,Kavya A,3
2972,EEE,5,U23EE491,U23EE491 - Electrical Power & Energy Engineering (Sem 5),722823105111,Kavya A,3
2973,EEE,5,U23EE582,U23EE582 - Electrical Power & Energy Engineering (Sem 5),722823105111,Kavya A,3
2974,EEE,5,U23EE585,U23EE585 - Electrical Power & Energy Engineering (Sem 5),722823105111,Kavya A,3
2975,EEE,5,U23EE409,U23EE409 - Electrical Power & Energy Engineering (Sem 5),722823105111,Kavya A,3
2976,EEE,5,U23OCS85,U23OCS85 - EEE Core Subject (Sem 5),722823105111,Kavya A,3
2977,EEE,5,U23EE407,U23EE407 - Electrical Power & Energy Engineering (Sem 5),722823105112,Jayant M,3
2978,EEE,5,U23EE408,U23EE408 - Electrical Power & Energy Engineering (Sem 5),722823105112,Jayant M,3
2979,EEE,5,U23EE491,U23EE491 - Electrical Power & Energy Engineering (Sem 5),722823105112,Jayant M,3
2980,EEE,5,U23EE582,U23EE582 - Electrical Power & Energy Engineering (Sem 5),722823105112,Jayant M,3
2981,EEE,5,U23EE585,U23EE585 - Electrical Power & Energy Engineering (Sem 5),722823105112,Jayant M,3
2982,EEE,5,U23EE409,U23EE409 - Electrical Power & Energy Engineering (Sem 5),722823105112,Jayant M,3
2983,EEE,5,U23OCS85,U23OCS85 - EEE Core Subject (Sem 5),722823105112,Jayant M,3
2984,EEE,5,U23EE407,U23EE407 - Electrical Power & Energy Engineering (Sem 5),722823105113,Chandran R,3
2985,EEE,5,U23EE408,U23EE408 - Electrical Power & Energy Engineering (Sem 5),722823105113,Chandran R,3
2986,EEE,5,U23EE491,U23EE491 - Electrical Power & Energy Engineering (Sem 5),722823105113,Chandran R,3
2987,EEE,5,U23EE582,U23EE582 - Electrical Power & Energy Engineering (Sem 5),722823105113,Chandran R,3
2988,EEE,5,U23EE585,U23EE585 - Electrical Power & Energy Engineering (Sem 5),722823105113,Chandran R,3
2989,EEE,5,U23EE409,U23EE409 - Electrical Power & Energy Engineering (Sem 5),722823105113,Chandran R,3
2990,EEE,5,U23OCS85,U23OCS85 - EEE Core Subject (Sem 5),722823105113,Chandran R,3
2991,EEE,5,U23EE407,U23EE407 - Electrical Power & Energy Engineering (Sem 5),722823105114,Vidyut A,3
2992,EEE,5,U23EE408,U23EE408 - Electrical Power & Energy Engineering (Sem 5),722823105114,Vidyut A,3
2993,EEE,5,U23EE491,U23EE491 - Electrical Power & Energy Engineering (Sem 5),722823105114,Vidyut A,3
2994,EEE,5,U23EE582,U23EE582 - Electrical Power & Energy Engineering (Sem 5),722823105114,Vidyut A,3
2995,EEE,5,U23EE585,U23EE585 - Electrical Power & Energy Engineering (Sem 5),722823105114,Vidyut A,3
2996,EEE,5,U23EE409,U23EE409 - Electrical Power & Energy Engineering (Sem 5),722823105114,Vidyut A,3
2997,EEE,5,U23OCS85,U23OCS85 - EEE Core Subject (Sem 5),722823105114,Vidyut A,3
2998,EEE,5,U23EE407,U23EE407 - Electrical Power & Energy Engineering (Sem 5),722823105115,Aravind V,3
2999,EEE,5,U23EE408,U23EE408 - Electrical Power & Energy Engineering (Sem 5),722823105115,Aravind V,3
3000,EEE,5,U23EE491,U23EE491 - Electrical Power & Energy Engineering (Sem 5),722823105115,Aravind V,3
3001,EEE,5,U23EE582,U23EE582 - Electrical Power & Energy Engineering (Sem 5),722823105115,Aravind V,3
3002,EEE,5,U23EE585,U23EE585 - Electrical Power & Energy Engineering (Sem 5),722823105115,Aravind V,3
3003,EEE,5,U23EE409,U23EE409 - Electrical Power & Energy Engineering (Sem 5),722823105115,Aravind V,3
3004,EEE,5,U23OCS85,U23OCS85 - EEE Core Subject (Sem 5),722823105115,Aravind V,3
3005,EEE,5,U23EE407,U23EE407 - Electrical Power & Energy Engineering (Sem 5),722823105116,Vidyut M,3
3006,EEE,5,U23EE408,U23EE408 - Electrical Power & Energy Engineering (Sem 5),722823105116,Vidyut M,3
3007,EEE,5,U23EE491,U23EE491 - Electrical Power & Energy Engineering (Sem 5),722823105116,Vidyut M,3
3008,EEE,5,U23EE582,U23EE582 - Electrical Power & Energy Engineering (Sem 5),722823105116,Vidyut M,3
3009,EEE,5,U23EE585,U23EE585 - Electrical Power & Energy Engineering (Sem 5),722823105116,Vidyut M,3
3010,EEE,5,U23EE409,U23EE409 - Electrical Power & Energy Engineering (Sem 5),722823105116,Vidyut M,3
3011,EEE,5,U23OCS85,U23OCS85 - EEE Core Subject (Sem 5),722823105116,Vidyut M,3
3012,EEE,5,U23EE407,U23EE407 - Electrical Power & Energy Engineering (Sem 5),722823105117,Gokul B,3
3013,EEE,5,U23EE408,U23EE408 - Electrical Power & Energy Engineering (Sem 5),722823105117,Gokul B,3
3014,EEE,5,U23EE491,U23EE491 - Electrical Power & Energy Engineering (Sem 5),722823105117,Gokul B,3
3015,EEE,5,U23EE582,U23EE582 - Electrical Power & Energy Engineering (Sem 5),722823105117,Gokul B,3
3016,EEE,5,U23EE585,U23EE585 - Electrical Power & Energy Engineering (Sem 5),722823105117,Gokul B,3
3017,EEE,5,U23EE409,U23EE409 - Electrical Power & Energy Engineering (Sem 5),722823105117,Gokul B,3
3018,EEE,5,U23OCS85,U23OCS85 - EEE Core Subject (Sem 5),722823105117,Gokul B,3
3019,EEE,5,U23EE407,U23EE407 - Electrical Power & Energy Engineering (Sem 5),722823105118,Sanjay B,3
3020,EEE,5,U23EE408,U23EE408 - Electrical Power & Energy Engineering (Sem 5),722823105118,Sanjay B,3
3021,EEE,5,U23EE491,U23EE491 - Electrical Power & Energy Engineering (Sem 5),722823105118,Sanjay B,3
3022,EEE,5,U23EE582,U23EE582 - Electrical Power & Energy Engineering (Sem 5),722823105118,Sanjay B,3
3023,EEE,5,U23EE585,U23EE585 - Electrical Power & Energy Engineering (Sem 5),722823105118,Sanjay B,3
3024,EEE,5,U23EE409,U23EE409 - Electrical Power & Energy Engineering (Sem 5),722823105118,Sanjay B,3
3025,EEE,5,U23OCS85,U23OCS85 - EEE Core Subject (Sem 5),722823105118,Sanjay B,3
3026,EEE,5,U23EE407,U23EE407 - Electrical Power & Energy Engineering (Sem 5),722823105119,Jayant S,3
3027,EEE,5,U23EE408,U23EE408 - Electrical Power & Energy Engineering (Sem 5),722823105119,Jayant S,3
3028,EEE,5,U23EE491,U23EE491 - Electrical Power & Energy Engineering (Sem 5),722823105119,Jayant S,3
3029,EEE,5,U23EE582,U23EE582 - Electrical Power & Energy Engineering (Sem 5),722823105119,Jayant S,3
3030,EEE,5,U23EE585,U23EE585 - Electrical Power & Energy Engineering (Sem 5),722823105119,Jayant S,3
3031,EEE,5,U23EE409,U23EE409 - Electrical Power & Energy Engineering (Sem 5),722823105119,Jayant S,3
3032,EEE,5,U23OCS85,U23OCS85 - EEE Core Subject (Sem 5),722823105119,Jayant S,3
3033,EEE,5,U23EE407,U23EE407 - Electrical Power & Energy Engineering (Sem 5),722823105120,Vidyut N,3
3034,EEE,5,U23EE408,U23EE408 - Electrical Power & Energy Engineering (Sem 5),722823105120,Vidyut N,3
3035,EEE,5,U23EE491,U23EE491 - Electrical Power & Energy Engineering (Sem 5),722823105120,Vidyut N,3
3036,EEE,5,U23EE582,U23EE582 - Electrical Power & Energy Engineering (Sem 5),722823105120,Vidyut N,3
3037,EEE,5,U23EE585,U23EE585 - Electrical Power & Energy Engineering (Sem 5),722823105120,Vidyut N,3
3038,EEE,5,U23EE409,U23EE409 - Electrical Power & Energy Engineering (Sem 5),722823105120,Vidyut N,3
3039,EEE,5,U23OCS85,U23OCS85 - EEE Core Subject (Sem 5),722823105120,Vidyut N,3
3040,EEE,7,U23CB103,U23CB103 - Computer Science & Business Systems (Sem 7),722822105101,Rahul K,3
3041,EEE,7,U23CB104,U23CB104 - Computer Science & Business Systems (Sem 7),722822105101,Rahul K,3
3042,EEE,7,U23EE413,U23EE413 - Electrical Power & Energy Engineering (Sem 7),722822105101,Rahul K,3
3043,EEE,7,U23EE582,U23EE582 - Electrical Power & Energy Engineering (Sem 7),722822105101,Rahul K,3
3044,EEE,7,U23EE514,U23EE514 - Electrical Power & Energy Engineering (Sem 7),722822105101,Rahul K,3
3045,EEE,7,U23EE544,U23EE544 - Electrical Power & Energy Engineering (Sem 7),722822105101,Rahul K,3
3046,EEE,7,U23EE522,U23EE522 - Electrical Power & Energy Engineering (Sem 7),722822105101,Rahul K,3
3047,EEE,7,U23EE524,U23EE524 - Electrical Power & Energy Engineering (Sem 7),722822105101,Rahul K,3
3048,EEE,7,U23CB103,U23CB103 - Computer Science & Business Systems (Sem 7),722822105102,Rahul P,3
3049,EEE,7,U23CB104,U23CB104 - Computer Science & Business Systems (Sem 7),722822105102,Rahul P,3
3050,EEE,7,U23EE413,U23EE413 - Electrical Power & Energy Engineering (Sem 7),722822105102,Rahul P,3
3051,EEE,7,U23EE582,U23EE582 - Electrical Power & Energy Engineering (Sem 7),722822105102,Rahul P,3
3052,EEE,7,U23EE514,U23EE514 - Electrical Power & Energy Engineering (Sem 7),722822105102,Rahul P,3
3053,EEE,7,U23EE544,U23EE544 - Electrical Power & Energy Engineering (Sem 7),722822105102,Rahul P,3
3054,EEE,7,U23EE522,U23EE522 - Electrical Power & Energy Engineering (Sem 7),722822105102,Rahul P,3
3055,EEE,7,U23EE524,U23EE524 - Electrical Power & Energy Engineering (Sem 7),722822105102,Rahul P,3
3056,EEE,7,U23CB103,U23CB103 - Computer Science & Business Systems (Sem 7),722822105103,Naveen P,3
3057,EEE,7,U23CB104,U23CB104 - Computer Science & Business Systems (Sem 7),722822105103,Naveen P,3
3058,EEE,7,U23EE413,U23EE413 - Electrical Power & Energy Engineering (Sem 7),722822105103,Naveen P,3
3059,EEE,7,U23EE582,U23EE582 - Electrical Power & Energy Engineering (Sem 7),722822105103,Naveen P,3
3060,EEE,7,U23EE514,U23EE514 - Electrical Power & Energy Engineering (Sem 7),722822105103,Naveen P,3
3061,EEE,7,U23EE544,U23EE544 - Electrical Power & Energy Engineering (Sem 7),722822105103,Naveen P,3
3062,EEE,7,U23EE522,U23EE522 - Electrical Power & Energy Engineering (Sem 7),722822105103,Naveen P,3
3063,EEE,7,U23EE524,U23EE524 - Electrical Power & Energy Engineering (Sem 7),722822105103,Naveen P,3
3064,EEE,7,U23CB103,U23CB103 - Computer Science & Business Systems (Sem 7),722822105104,Kavya K,3
3065,EEE,7,U23CB104,U23CB104 - Computer Science & Business Systems (Sem 7),722822105104,Kavya K,3
3066,EEE,7,U23EE413,U23EE413 - Electrical Power & Energy Engineering (Sem 7),722822105104,Kavya K,3
3067,EEE,7,U23EE582,U23EE582 - Electrical Power & Energy Engineering (Sem 7),722822105104,Kavya K,3
3068,EEE,7,U23EE514,U23EE514 - Electrical Power & Energy Engineering (Sem 7),722822105104,Kavya K,3
3069,EEE,7,U23EE544,U23EE544 - Electrical Power & Energy Engineering (Sem 7),722822105104,Kavya K,3
3070,EEE,7,U23EE522,U23EE522 - Electrical Power & Energy Engineering (Sem 7),722822105104,Kavya K,3
3071,EEE,7,U23EE524,U23EE524 - Electrical Power & Energy Engineering (Sem 7),722822105104,Kavya K,3
3072,EEE,7,U23CB103,U23CB103 - Computer Science & Business Systems (Sem 7),722822105105,Gokul P,3
3073,EEE,7,U23CB104,U23CB104 - Computer Science & Business Systems (Sem 7),722822105105,Gokul P,3
3074,EEE,7,U23EE413,U23EE413 - Electrical Power & Energy Engineering (Sem 7),722822105105,Gokul P,3
3075,EEE,7,U23EE582,U23EE582 - Electrical Power & Energy Engineering (Sem 7),722822105105,Gokul P,3
3076,EEE,7,U23EE514,U23EE514 - Electrical Power & Energy Engineering (Sem 7),722822105105,Gokul P,3
3077,EEE,7,U23EE544,U23EE544 - Electrical Power & Energy Engineering (Sem 7),722822105105,Gokul P,3
3078,EEE,7,U23EE522,U23EE522 - Electrical Power & Energy Engineering (Sem 7),722822105105,Gokul P,3
3079,EEE,7,U23EE524,U23EE524 - Electrical Power & Energy Engineering (Sem 7),722822105105,Gokul P,3
3080,EEE,7,U23CB103,U23CB103 - Computer Science & Business Systems (Sem 7),722822105106,Naveen B,3
3081,EEE,7,U23CB104,U23CB104 - Computer Science & Business Systems (Sem 7),722822105106,Naveen B,3
3082,EEE,7,U23EE413,U23EE413 - Electrical Power & Energy Engineering (Sem 7),722822105106,Naveen B,3
3083,EEE,7,U23EE582,U23EE582 - Electrical Power & Energy Engineering (Sem 7),722822105106,Naveen B,3
3084,EEE,7,U23EE514,U23EE514 - Electrical Power & Energy Engineering (Sem 7),722822105106,Naveen B,3
3085,EEE,7,U23EE544,U23EE544 - Electrical Power & Energy Engineering (Sem 7),722822105106,Naveen B,3
3086,EEE,7,U23EE522,U23EE522 - Electrical Power & Energy Engineering (Sem 7),722822105106,Naveen B,3
3087,EEE,7,U23EE524,U23EE524 - Electrical Power & Energy Engineering (Sem 7),722822105106,Naveen B,3
3088,EEE,7,U23CB103,U23CB103 - Computer Science & Business Systems (Sem 7),722822105107,Karthik N,3
3089,EEE,7,U23CB104,U23CB104 - Computer Science & Business Systems (Sem 7),722822105107,Karthik N,3
3090,EEE,7,U23EE413,U23EE413 - Electrical Power & Energy Engineering (Sem 7),722822105107,Karthik N,3
3091,EEE,7,U23EE582,U23EE582 - Electrical Power & Energy Engineering (Sem 7),722822105107,Karthik N,3
3092,EEE,7,U23EE514,U23EE514 - Electrical Power & Energy Engineering (Sem 7),722822105107,Karthik N,3
3093,EEE,7,U23EE544,U23EE544 - Electrical Power & Energy Engineering (Sem 7),722822105107,Karthik N,3
3094,EEE,7,U23EE522,U23EE522 - Electrical Power & Energy Engineering (Sem 7),722822105107,Karthik N,3
3095,EEE,7,U23EE524,U23EE524 - Electrical Power & Energy Engineering (Sem 7),722822105107,Karthik N,3
3096,EEE,7,U23CB103,U23CB103 - Computer Science & Business Systems (Sem 7),722822105108,Swetha M,3
3097,EEE,7,U23CB104,U23CB104 - Computer Science & Business Systems (Sem 7),722822105108,Swetha M,3
3098,EEE,7,U23EE413,U23EE413 - Electrical Power & Energy Engineering (Sem 7),722822105108,Swetha M,3
3099,EEE,7,U23EE582,U23EE582 - Electrical Power & Energy Engineering (Sem 7),722822105108,Swetha M,3
3100,EEE,7,U23EE514,U23EE514 - Electrical Power & Energy Engineering (Sem 7),722822105108,Swetha M,3
3101,EEE,7,U23EE544,U23EE544 - Electrical Power & Energy Engineering (Sem 7),722822105108,Swetha M,3
3102,EEE,7,U23EE522,U23EE522 - Electrical Power & Energy Engineering (Sem 7),722822105108,Swetha M,3
3103,EEE,7,U23EE524,U23EE524 - Electrical Power & Energy Engineering (Sem 7),722822105108,Swetha M,3
3104,EEE,7,U23CB103,U23CB103 - Computer Science & Business Systems (Sem 7),722822105109,Pavithra K,3
3105,EEE,7,U23CB104,U23CB104 - Computer Science & Business Systems (Sem 7),722822105109,Pavithra K,3
3106,EEE,7,U23EE413,U23EE413 - Electrical Power & Energy Engineering (Sem 7),722822105109,Pavithra K,3
3107,EEE,7,U23EE582,U23EE582 - Electrical Power & Energy Engineering (Sem 7),722822105109,Pavithra K,3
3108,EEE,7,U23EE514,U23EE514 - Electrical Power & Energy Engineering (Sem 7),722822105109,Pavithra K,3
3109,EEE,7,U23EE544,U23EE544 - Electrical Power & Energy Engineering (Sem 7),722822105109,Pavithra K,3
3110,EEE,7,U23EE522,U23EE522 - Electrical Power & Energy Engineering (Sem 7),722822105109,Pavithra K,3
3111,EEE,7,U23EE524,U23EE524 - Electrical Power & Energy Engineering (Sem 7),722822105109,Pavithra K,3
3112,EEE,7,U23CB103,U23CB103 - Computer Science & Business Systems (Sem 7),722822105110,Kavya V,3
3113,EEE,7,U23CB104,U23CB104 - Computer Science & Business Systems (Sem 7),722822105110,Kavya V,3
3114,EEE,7,U23EE413,U23EE413 - Electrical Power & Energy Engineering (Sem 7),722822105110,Kavya V,3
3115,EEE,7,U23EE582,U23EE582 - Electrical Power & Energy Engineering (Sem 7),722822105110,Kavya V,3
3116,EEE,7,U23EE514,U23EE514 - Electrical Power & Energy Engineering (Sem 7),722822105110,Kavya V,3
3117,EEE,7,U23EE544,U23EE544 - Electrical Power & Energy Engineering (Sem 7),722822105110,Kavya V,3
3118,EEE,7,U23EE522,U23EE522 - Electrical Power & Energy Engineering (Sem 7),722822105110,Kavya V,3
3119,EEE,7,U23EE524,U23EE524 - Electrical Power & Energy Engineering (Sem 7),722822105110,Kavya V,3
3120,EEE,7,U23CB103,U23CB103 - Computer Science & Business Systems (Sem 7),722822105111,Kavya K,3
3121,EEE,7,U23CB104,U23CB104 - Computer Science & Business Systems (Sem 7),722822105111,Kavya K,3
3122,EEE,7,U23EE413,U23EE413 - Electrical Power & Energy Engineering (Sem 7),722822105111,Kavya K,3
3123,EEE,7,U23EE582,U23EE582 - Electrical Power & Energy Engineering (Sem 7),722822105111,Kavya K,3
3124,EEE,7,U23EE514,U23EE514 - Electrical Power & Energy Engineering (Sem 7),722822105111,Kavya K,3
3125,EEE,7,U23EE544,U23EE544 - Electrical Power & Energy Engineering (Sem 7),722822105111,Kavya K,3
3126,EEE,7,U23EE522,U23EE522 - Electrical Power & Energy Engineering (Sem 7),722822105111,Kavya K,3
3127,EEE,7,U23EE524,U23EE524 - Electrical Power & Energy Engineering (Sem 7),722822105111,Kavya K,3
3128,EEE,7,U23CB103,U23CB103 - Computer Science & Business Systems (Sem 7),722822105112,Manoj T,3
3129,EEE,7,U23CB104,U23CB104 - Computer Science & Business Systems (Sem 7),722822105112,Manoj T,3
3130,EEE,7,U23EE413,U23EE413 - Electrical Power & Energy Engineering (Sem 7),722822105112,Manoj T,3
3131,EEE,7,U23EE582,U23EE582 - Electrical Power & Energy Engineering (Sem 7),722822105112,Manoj T,3
3132,EEE,7,U23EE514,U23EE514 - Electrical Power & Energy Engineering (Sem 7),722822105112,Manoj T,3
3133,EEE,7,U23EE544,U23EE544 - Electrical Power & Energy Engineering (Sem 7),722822105112,Manoj T,3
3134,EEE,7,U23EE522,U23EE522 - Electrical Power & Energy Engineering (Sem 7),722822105112,Manoj T,3
3135,EEE,7,U23EE524,U23EE524 - Electrical Power & Energy Engineering (Sem 7),722822105112,Manoj T,3
3136,EEE,7,U23CB103,U23CB103 - Computer Science & Business Systems (Sem 7),722822105113,Aravind T,3
3137,EEE,7,U23CB104,U23CB104 - Computer Science & Business Systems (Sem 7),722822105113,Aravind T,3
3138,EEE,7,U23EE413,U23EE413 - Electrical Power & Energy Engineering (Sem 7),722822105113,Aravind T,3
3139,EEE,7,U23EE582,U23EE582 - Electrical Power & Energy Engineering (Sem 7),722822105113,Aravind T,3
3140,EEE,7,U23EE514,U23EE514 - Electrical Power & Energy Engineering (Sem 7),722822105113,Aravind T,3
3141,EEE,7,U23EE544,U23EE544 - Electrical Power & Energy Engineering (Sem 7),722822105113,Aravind T,3
3142,EEE,7,U23EE522,U23EE522 - Electrical Power & Energy Engineering (Sem 7),722822105113,Aravind T,3
3143,EEE,7,U23EE524,U23EE524 - Electrical Power & Energy Engineering (Sem 7),722822105113,Aravind T,3
3144,EEE,7,U23CB103,U23CB103 - Computer Science & Business Systems (Sem 7),722822105114,Pavithra N,3
3145,EEE,7,U23CB104,U23CB104 - Computer Science & Business Systems (Sem 7),722822105114,Pavithra N,3
3146,EEE,7,U23EE413,U23EE413 - Electrical Power & Energy Engineering (Sem 7),722822105114,Pavithra N,3
3147,EEE,7,U23EE582,U23EE582 - Electrical Power & Energy Engineering (Sem 7),722822105114,Pavithra N,3
3148,EEE,7,U23EE514,U23EE514 - Electrical Power & Energy Engineering (Sem 7),722822105114,Pavithra N,3
3149,EEE,7,U23EE544,U23EE544 - Electrical Power & Energy Engineering (Sem 7),722822105114,Pavithra N,3
3150,EEE,7,U23EE522,U23EE522 - Electrical Power & Energy Engineering (Sem 7),722822105114,Pavithra N,3
3151,EEE,7,U23EE524,U23EE524 - Electrical Power & Energy Engineering (Sem 7),722822105114,Pavithra N,3
3152,EEE,7,U23CB103,U23CB103 - Computer Science & Business Systems (Sem 7),722822105115,Bhavana R,3
3153,EEE,7,U23CB104,U23CB104 - Computer Science & Business Systems (Sem 7),722822105115,Bhavana R,3
3154,EEE,7,U23EE413,U23EE413 - Electrical Power & Energy Engineering (Sem 7),722822105115,Bhavana R,3
3155,EEE,7,U23EE582,U23EE582 - Electrical Power & Energy Engineering (Sem 7),722822105115,Bhavana R,3
3156,EEE,7,U23EE514,U23EE514 - Electrical Power & Energy Engineering (Sem 7),722822105115,Bhavana R,3
3157,EEE,7,U23EE544,U23EE544 - Electrical Power & Energy Engineering (Sem 7),722822105115,Bhavana R,3
3158,EEE,7,U23EE522,U23EE522 - Electrical Power & Energy Engineering (Sem 7),722822105115,Bhavana R,3
3159,EEE,7,U23EE524,U23EE524 - Electrical Power & Energy Engineering (Sem 7),722822105115,Bhavana R,3
3160,EEE,7,U23CB103,U23CB103 - Computer Science & Business Systems (Sem 7),722822105116,Sanjay P,3
3161,EEE,7,U23CB104,U23CB104 - Computer Science & Business Systems (Sem 7),722822105116,Sanjay P,3
3162,EEE,7,U23EE413,U23EE413 - Electrical Power & Energy Engineering (Sem 7),722822105116,Sanjay P,3
3163,EEE,7,U23EE582,U23EE582 - Electrical Power & Energy Engineering (Sem 7),722822105116,Sanjay P,3
3164,EEE,7,U23EE514,U23EE514 - Electrical Power & Energy Engineering (Sem 7),722822105116,Sanjay P,3
3165,EEE,7,U23EE544,U23EE544 - Electrical Power & Energy Engineering (Sem 7),722822105116,Sanjay P,3
3166,EEE,7,U23EE522,U23EE522 - Electrical Power & Energy Engineering (Sem 7),722822105116,Sanjay P,3
3167,EEE,7,U23EE524,U23EE524 - Electrical Power & Energy Engineering (Sem 7),722822105116,Sanjay P,3
3168,EEE,7,U23CB103,U23CB103 - Computer Science & Business Systems (Sem 7),722822105117,Yash B,3
3169,EEE,7,U23CB104,U23CB104 - Computer Science & Business Systems (Sem 7),722822105117,Yash B,3
3170,EEE,7,U23EE413,U23EE413 - Electrical Power & Energy Engineering (Sem 7),722822105117,Yash B,3
3171,EEE,7,U23EE582,U23EE582 - Electrical Power & Energy Engineering (Sem 7),722822105117,Yash B,3
3172,EEE,7,U23EE514,U23EE514 - Electrical Power & Energy Engineering (Sem 7),722822105117,Yash B,3
3173,EEE,7,U23EE544,U23EE544 - Electrical Power & Energy Engineering (Sem 7),722822105117,Yash B,3
3174,EEE,7,U23EE522,U23EE522 - Electrical Power & Energy Engineering (Sem 7),722822105117,Yash B,3
3175,EEE,7,U23EE524,U23EE524 - Electrical Power & Energy Engineering (Sem 7),722822105117,Yash B,3
3176,EEE,7,U23CB103,U23CB103 - Computer Science & Business Systems (Sem 7),722822105118,Pavithra M,3
3177,EEE,7,U23CB104,U23CB104 - Computer Science & Business Systems (Sem 7),722822105118,Pavithra M,3
3178,EEE,7,U23EE413,U23EE413 - Electrical Power & Energy Engineering (Sem 7),722822105118,Pavithra M,3
3179,EEE,7,U23EE582,U23EE582 - Electrical Power & Energy Engineering (Sem 7),722822105118,Pavithra M,3
3180,EEE,7,U23EE514,U23EE514 - Electrical Power & Energy Engineering (Sem 7),722822105118,Pavithra M,3
3181,EEE,7,U23EE544,U23EE544 - Electrical Power & Energy Engineering (Sem 7),722822105118,Pavithra M,3
3182,EEE,7,U23EE522,U23EE522 - Electrical Power & Energy Engineering (Sem 7),722822105118,Pavithra M,3
3183,EEE,7,U23EE524,U23EE524 - Electrical Power & Energy Engineering (Sem 7),722822105118,Pavithra M,3
3184,EEE,7,U23CB103,U23CB103 - Computer Science & Business Systems (Sem 7),722822105119,Harini V,3
3185,EEE,7,U23CB104,U23CB104 - Computer Science & Business Systems (Sem 7),722822105119,Harini V,3
3186,EEE,7,U23EE413,U23EE413 - Electrical Power & Energy Engineering (Sem 7),722822105119,Harini V,3
3187,EEE,7,U23EE582,U23EE582 - Electrical Power & Energy Engineering (Sem 7),722822105119,Harini V,3
3188,EEE,7,U23EE514,U23EE514 - Electrical Power & Energy Engineering (Sem 7),722822105119,Harini V,3
3189,EEE,7,U23EE544,U23EE544 - Electrical Power & Energy Engineering (Sem 7),722822105119,Harini V,3
3190,EEE,7,U23EE522,U23EE522 - Electrical Power & Energy Engineering (Sem 7),722822105119,Harini V,3
3191,EEE,7,U23EE524,U23EE524 - Electrical Power & Energy Engineering (Sem 7),722822105119,Harini V,3
3192,EEE,7,U23CB103,U23CB103 - Computer Science & Business Systems (Sem 7),722822105120,Swetha S,3
3193,EEE,7,U23CB104,U23CB104 - Computer Science & Business Systems (Sem 7),722822105120,Swetha S,3
3194,EEE,7,U23EE413,U23EE413 - Electrical Power & Energy Engineering (Sem 7),722822105120,Swetha S,3
3195,EEE,7,U23EE582,U23EE582 - Electrical Power & Energy Engineering (Sem 7),722822105120,Swetha S,3
3196,EEE,7,U23EE514,U23EE514 - Electrical Power & Energy Engineering (Sem 7),722822105120,Swetha S,3
3197,EEE,7,U23EE544,U23EE544 - Electrical Power & Energy Engineering (Sem 7),722822105120,Swetha S,3
3198,EEE,7,U23EE522,U23EE522 - Electrical Power & Energy Engineering (Sem 7),722822105120,Swetha S,3
3199,EEE,7,U23EE524,U23EE524 - Electrical Power & Energy Engineering (Sem 7),722822105120,Swetha S,3
3200,ECE,3,U23MA207,U23MA207 - Advanced Mathematics & Statistics (Sem 3),722824106101,Karthik B,3
3201,ECE,3,U23EC403,U23EC403 - Electronics & Communication Systems (Sem 3),722824106101,Karthik B,3
3202,ECE,3,U23OCS82,U23OCS82 - ECE Core Subject (Sem 3),722824106101,Karthik B,3
3203,ECE,3,U23EC421,U23EC421 - Electronics & Communication Systems (Sem 3),722824106101,Karthik B,3
3204,ECE,3,U23EC422,U23EC422 - Electronics & Communication Systems (Sem 3),722824106101,Karthik B,3
3205,ECE,3,U23CS491,U23CS491 - Computer Science & Software Systems (Sem 3),722824106101,Karthik B,3
3206,ECE,3,U23MA207,U23MA207 - Advanced Mathematics & Statistics (Sem 3),722824106102,Rahul K,3
3207,ECE,3,U23EC403,U23EC403 - Electronics & Communication Systems (Sem 3),722824106102,Rahul K,3
3208,ECE,3,U23OCS82,U23OCS82 - ECE Core Subject (Sem 3),722824106102,Rahul K,3
3209,ECE,3,U23EC421,U23EC421 - Electronics & Communication Systems (Sem 3),722824106102,Rahul K,3
3210,ECE,3,U23EC422,U23EC422 - Electronics & Communication Systems (Sem 3),722824106102,Rahul K,3
3211,ECE,3,U23CS491,U23CS491 - Computer Science & Software Systems (Sem 3),722824106102,Rahul K,3
3212,ECE,3,U23MA207,U23MA207 - Advanced Mathematics & Statistics (Sem 3),722824106103,Aravind A,3
3213,ECE,3,U23EC403,U23EC403 - Electronics & Communication Systems (Sem 3),722824106103,Aravind A,3
3214,ECE,3,U23OCS82,U23OCS82 - ECE Core Subject (Sem 3),722824106103,Aravind A,3
3215,ECE,3,U23EC421,U23EC421 - Electronics & Communication Systems (Sem 3),722824106103,Aravind A,3
3216,ECE,3,U23EC422,U23EC422 - Electronics & Communication Systems (Sem 3),722824106103,Aravind A,3
3217,ECE,3,U23CS491,U23CS491 - Computer Science & Software Systems (Sem 3),722824106103,Aravind A,3
3218,ECE,3,U23MA207,U23MA207 - Advanced Mathematics & Statistics (Sem 3),722824106104,Ishwarya S,3
3219,ECE,3,U23EC403,U23EC403 - Electronics & Communication Systems (Sem 3),722824106104,Ishwarya S,3
3220,ECE,3,U23OCS82,U23OCS82 - ECE Core Subject (Sem 3),722824106104,Ishwarya S,3
3221,ECE,3,U23EC421,U23EC421 - Electronics & Communication Systems (Sem 3),722824106104,Ishwarya S,3
3222,ECE,3,U23EC422,U23EC422 - Electronics & Communication Systems (Sem 3),722824106104,Ishwarya S,3
3223,ECE,3,U23CS491,U23CS491 - Computer Science & Software Systems (Sem 3),722824106104,Ishwarya S,3
3224,ECE,3,U23MA207,U23MA207 - Advanced Mathematics & Statistics (Sem 3),722824106105,Karthik T,3
3225,ECE,3,U23EC403,U23EC403 - Electronics & Communication Systems (Sem 3),722824106105,Karthik T,3
3226,ECE,3,U23OCS82,U23OCS82 - ECE Core Subject (Sem 3),722824106105,Karthik T,3
3227,ECE,3,U23EC421,U23EC421 - Electronics & Communication Systems (Sem 3),722824106105,Karthik T,3
3228,ECE,3,U23EC422,U23EC422 - Electronics & Communication Systems (Sem 3),722824106105,Karthik T,3
3229,ECE,3,U23CS491,U23CS491 - Computer Science & Software Systems (Sem 3),722824106105,Karthik T,3
3230,ECE,3,U23MA207,U23MA207 - Advanced Mathematics & Statistics (Sem 3),722824106106,Aravind T,3
3231,ECE,3,U23EC403,U23EC403 - Electronics & Communication Systems (Sem 3),722824106106,Aravind T,3
3232,ECE,3,U23OCS82,U23OCS82 - ECE Core Subject (Sem 3),722824106106,Aravind T,3
3233,ECE,3,U23EC421,U23EC421 - Electronics & Communication Systems (Sem 3),722824106106,Aravind T,3
3234,ECE,3,U23EC422,U23EC422 - Electronics & Communication Systems (Sem 3),722824106106,Aravind T,3
3235,ECE,3,U23CS491,U23CS491 - Computer Science & Software Systems (Sem 3),722824106106,Aravind T,3
3236,ECE,3,U23MA207,U23MA207 - Advanced Mathematics & Statistics (Sem 3),722824106107,Naveen K,3
3237,ECE,3,U23EC403,U23EC403 - Electronics & Communication Systems (Sem 3),722824106107,Naveen K,3
3238,ECE,3,U23OCS82,U23OCS82 - ECE Core Subject (Sem 3),722824106107,Naveen K,3
3239,ECE,3,U23EC421,U23EC421 - Electronics & Communication Systems (Sem 3),722824106107,Naveen K,3
3240,ECE,3,U23EC422,U23EC422 - Electronics & Communication Systems (Sem 3),722824106107,Naveen K,3
3241,ECE,3,U23CS491,U23CS491 - Computer Science & Software Systems (Sem 3),722824106107,Naveen K,3
3242,ECE,3,U23MA207,U23MA207 - Advanced Mathematics & Statistics (Sem 3),722824106108,Ishwarya K,3
3243,ECE,3,U23EC403,U23EC403 - Electronics & Communication Systems (Sem 3),722824106108,Ishwarya K,3
3244,ECE,3,U23OCS82,U23OCS82 - ECE Core Subject (Sem 3),722824106108,Ishwarya K,3
3245,ECE,3,U23EC421,U23EC421 - Electronics & Communication Systems (Sem 3),722824106108,Ishwarya K,3
3246,ECE,3,U23EC422,U23EC422 - Electronics & Communication Systems (Sem 3),722824106108,Ishwarya K,3
3247,ECE,3,U23CS491,U23CS491 - Computer Science & Software Systems (Sem 3),722824106108,Ishwarya K,3
3248,ECE,3,U23MA207,U23MA207 - Advanced Mathematics & Statistics (Sem 3),722824106109,Pavithra K,3
3249,ECE,3,U23EC403,U23EC403 - Electronics & Communication Systems (Sem 3),722824106109,Pavithra K,3
3250,ECE,3,U23OCS82,U23OCS82 - ECE Core Subject (Sem 3),722824106109,Pavithra K,3
3251,ECE,3,U23EC421,U23EC421 - Electronics & Communication Systems (Sem 3),722824106109,Pavithra K,3
3252,ECE,3,U23EC422,U23EC422 - Electronics & Communication Systems (Sem 3),722824106109,Pavithra K,3
3253,ECE,3,U23CS491,U23CS491 - Computer Science & Software Systems (Sem 3),722824106109,Pavithra K,3
3254,ECE,3,U23MA207,U23MA207 - Advanced Mathematics & Statistics (Sem 3),722824106110,Elango B,3
3255,ECE,3,U23EC403,U23EC403 - Electronics & Communication Systems (Sem 3),722824106110,Elango B,3
3256,ECE,3,U23OCS82,U23OCS82 - ECE Core Subject (Sem 3),722824106110,Elango B,3
3257,ECE,3,U23EC421,U23EC421 - Electronics & Communication Systems (Sem 3),722824106110,Elango B,3
3258,ECE,3,U23EC422,U23EC422 - Electronics & Communication Systems (Sem 3),722824106110,Elango B,3
3259,ECE,3,U23CS491,U23CS491 - Computer Science & Software Systems (Sem 3),722824106110,Elango B,3
3260,ECE,3,U23MA207,U23MA207 - Advanced Mathematics & Statistics (Sem 3),722824106111,Karthik T,3
3261,ECE,3,U23EC403,U23EC403 - Electronics & Communication Systems (Sem 3),722824106111,Karthik T,3
3262,ECE,3,U23OCS82,U23OCS82 - ECE Core Subject (Sem 3),722824106111,Karthik T,3
3263,ECE,3,U23EC421,U23EC421 - Electronics & Communication Systems (Sem 3),722824106111,Karthik T,3
3264,ECE,3,U23EC422,U23EC422 - Electronics & Communication Systems (Sem 3),722824106111,Karthik T,3
3265,ECE,3,U23CS491,U23CS491 - Computer Science & Software Systems (Sem 3),722824106111,Karthik T,3
3266,ECE,3,U23MA207,U23MA207 - Advanced Mathematics & Statistics (Sem 3),722824106112,Jayant N,3
3267,ECE,3,U23EC403,U23EC403 - Electronics & Communication Systems (Sem 3),722824106112,Jayant N,3
3268,ECE,3,U23OCS82,U23OCS82 - ECE Core Subject (Sem 3),722824106112,Jayant N,3
3269,ECE,3,U23EC421,U23EC421 - Electronics & Communication Systems (Sem 3),722824106112,Jayant N,3
3270,ECE,3,U23EC422,U23EC422 - Electronics & Communication Systems (Sem 3),722824106112,Jayant N,3
3271,ECE,3,U23CS491,U23CS491 - Computer Science & Software Systems (Sem 3),722824106112,Jayant N,3
3272,ECE,3,U23MA207,U23MA207 - Advanced Mathematics & Statistics (Sem 3),722824106113,Rahul B,3
3273,ECE,3,U23EC403,U23EC403 - Electronics & Communication Systems (Sem 3),722824106113,Rahul B,3
3274,ECE,3,U23OCS82,U23OCS82 - ECE Core Subject (Sem 3),722824106113,Rahul B,3
3275,ECE,3,U23EC421,U23EC421 - Electronics & Communication Systems (Sem 3),722824106113,Rahul B,3
3276,ECE,3,U23EC422,U23EC422 - Electronics & Communication Systems (Sem 3),722824106113,Rahul B,3
3277,ECE,3,U23CS491,U23CS491 - Computer Science & Software Systems (Sem 3),722824106113,Rahul B,3
3278,ECE,3,U23MA207,U23MA207 - Advanced Mathematics & Statistics (Sem 3),722824106114,Ishwarya B,3
3279,ECE,3,U23EC403,U23EC403 - Electronics & Communication Systems (Sem 3),722824106114,Ishwarya B,3
3280,ECE,3,U23OCS82,U23OCS82 - ECE Core Subject (Sem 3),722824106114,Ishwarya B,3
3281,ECE,3,U23EC421,U23EC421 - Electronics & Communication Systems (Sem 3),722824106114,Ishwarya B,3
3282,ECE,3,U23EC422,U23EC422 - Electronics & Communication Systems (Sem 3),722824106114,Ishwarya B,3
3283,ECE,3,U23CS491,U23CS491 - Computer Science & Software Systems (Sem 3),722824106114,Ishwarya B,3
3284,ECE,3,U23MA207,U23MA207 - Advanced Mathematics & Statistics (Sem 3),722824106115,Swetha S,3
3285,ECE,3,U23EC403,U23EC403 - Electronics & Communication Systems (Sem 3),722824106115,Swetha S,3
3286,ECE,3,U23OCS82,U23OCS82 - ECE Core Subject (Sem 3),722824106115,Swetha S,3
3287,ECE,3,U23EC421,U23EC421 - Electronics & Communication Systems (Sem 3),722824106115,Swetha S,3
3288,ECE,3,U23EC422,U23EC422 - Electronics & Communication Systems (Sem 3),722824106115,Swetha S,3
3289,ECE,3,U23CS491,U23CS491 - Computer Science & Software Systems (Sem 3),722824106115,Swetha S,3
3290,ECE,3,U23MA207,U23MA207 - Advanced Mathematics & Statistics (Sem 3),722824106116,Manoj R,3
3291,ECE,3,U23EC403,U23EC403 - Electronics & Communication Systems (Sem 3),722824106116,Manoj R,3
3292,ECE,3,U23OCS82,U23OCS82 - ECE Core Subject (Sem 3),722824106116,Manoj R,3
3293,ECE,3,U23EC421,U23EC421 - Electronics & Communication Systems (Sem 3),722824106116,Manoj R,3
3294,ECE,3,U23EC422,U23EC422 - Electronics & Communication Systems (Sem 3),722824106116,Manoj R,3
3295,ECE,3,U23CS491,U23CS491 - Computer Science & Software Systems (Sem 3),722824106116,Manoj R,3
3296,ECE,3,U23MA207,U23MA207 - Advanced Mathematics & Statistics (Sem 3),722824106117,Yash T,3
3297,ECE,3,U23EC403,U23EC403 - Electronics & Communication Systems (Sem 3),722824106117,Yash T,3
3298,ECE,3,U23OCS82,U23OCS82 - ECE Core Subject (Sem 3),722824106117,Yash T,3
3299,ECE,3,U23EC421,U23EC421 - Electronics & Communication Systems (Sem 3),722824106117,Yash T,3
3300,ECE,3,U23EC422,U23EC422 - Electronics & Communication Systems (Sem 3),722824106117,Yash T,3
3301,ECE,3,U23CS491,U23CS491 - Computer Science & Software Systems (Sem 3),722824106117,Yash T,3
3302,ECE,3,U23MA207,U23MA207 - Advanced Mathematics & Statistics (Sem 3),722824106118,Elango K,3
3303,ECE,3,U23EC403,U23EC403 - Electronics & Communication Systems (Sem 3),722824106118,Elango K,3
3304,ECE,3,U23OCS82,U23OCS82 - ECE Core Subject (Sem 3),722824106118,Elango K,3
3305,ECE,3,U23EC421,U23EC421 - Electronics & Communication Systems (Sem 3),722824106118,Elango K,3
3306,ECE,3,U23EC422,U23EC422 - Electronics & Communication Systems (Sem 3),722824106118,Elango K,3
3307,ECE,3,U23CS491,U23CS491 - Computer Science & Software Systems (Sem 3),722824106118,Elango K,3
3308,ECE,3,U23MA207,U23MA207 - Advanced Mathematics & Statistics (Sem 3),722824106119,Jayant N,3
3309,ECE,3,U23EC403,U23EC403 - Electronics & Communication Systems (Sem 3),722824106119,Jayant N,3
3310,ECE,3,U23OCS82,U23OCS82 - ECE Core Subject (Sem 3),722824106119,Jayant N,3
3311,ECE,3,U23EC421,U23EC421 - Electronics & Communication Systems (Sem 3),722824106119,Jayant N,3
3312,ECE,3,U23EC422,U23EC422 - Electronics & Communication Systems (Sem 3),722824106119,Jayant N,3
3313,ECE,3,U23CS491,U23CS491 - Computer Science & Software Systems (Sem 3),722824106119,Jayant N,3
3314,ECE,5,U23EC492,U23EC492 - Electronics & Communication Systems (Sem 5),722823106101,Kavya T,3
3315,ECE,5,U23EC407,U23EC407 - Electronics & Communication Systems (Sem 5),722823106101,Kavya T,3
3316,ECE,5,U23EC408,U23EC408 - Electronics & Communication Systems (Sem 5),722823106101,Kavya T,3
3317,ECE,5,U23EC482,U23EC482 - Electronics & Communication Systems (Sem 5),722823106101,Kavya T,3
3318,ECE,5,U23EC514,U23EC514 - Electronics & Communication Systems (Sem 5),722823106101,Kavya T,3
3319,ECE,5,U23EC581,U23EC581 - Electronics & Communication Systems (Sem 5),722823106101,Kavya T,3
3320,ECE,5,U23EC592,U23EC592 - Electronics & Communication Systems (Sem 5),722823106101,Kavya T,3
3321,ECE,5,U23EC595,U23EC595 - Electronics & Communication Systems (Sem 5),722823106101,Kavya T,3
3322,ECE,5,U23EC492,U23EC492 - Electronics & Communication Systems (Sem 5),722823106103,Jayant M,3
3323,ECE,5,U23EC407,U23EC407 - Electronics & Communication Systems (Sem 5),722823106103,Jayant M,3
3324,ECE,5,U23EC408,U23EC408 - Electronics & Communication Systems (Sem 5),722823106103,Jayant M,3
3325,ECE,5,U23EC482,U23EC482 - Electronics & Communication Systems (Sem 5),722823106103,Jayant M,3
3326,ECE,5,U23EC514,U23EC514 - Electronics & Communication Systems (Sem 5),722823106103,Jayant M,3
3327,ECE,5,U23EC581,U23EC581 - Electronics & Communication Systems (Sem 5),722823106103,Jayant M,3
3328,ECE,5,U23EC592,U23EC592 - Electronics & Communication Systems (Sem 5),722823106103,Jayant M,3
3329,ECE,5,U23EC595,U23EC595 - Electronics & Communication Systems (Sem 5),722823106103,Jayant M,3
3330,ECE,5,U23EC492,U23EC492 - Electronics & Communication Systems (Sem 5),722823106104,Karthik V,3
3331,ECE,5,U23EC407,U23EC407 - Electronics & Communication Systems (Sem 5),722823106104,Karthik V,3
3332,ECE,5,U23EC408,U23EC408 - Electronics & Communication Systems (Sem 5),722823106104,Karthik V,3
3333,ECE,5,U23EC482,U23EC482 - Electronics & Communication Systems (Sem 5),722823106104,Karthik V,3
3334,ECE,5,U23EC514,U23EC514 - Electronics & Communication Systems (Sem 5),722823106104,Karthik V,3
3335,ECE,5,U23EC581,U23EC581 - Electronics & Communication Systems (Sem 5),722823106104,Karthik V,3
3336,ECE,5,U23EC592,U23EC592 - Electronics & Communication Systems (Sem 5),722823106104,Karthik V,3
3337,ECE,5,U23EC595,U23EC595 - Electronics & Communication Systems (Sem 5),722823106104,Karthik V,3
3338,ECE,5,U23EC492,U23EC492 - Electronics & Communication Systems (Sem 5),722823106105,Vidyut A,3
3339,ECE,5,U23EC407,U23EC407 - Electronics & Communication Systems (Sem 5),722823106105,Vidyut A,3
3340,ECE,5,U23EC408,U23EC408 - Electronics & Communication Systems (Sem 5),722823106105,Vidyut A,3
3341,ECE,5,U23EC482,U23EC482 - Electronics & Communication Systems (Sem 5),722823106105,Vidyut A,3
3342,ECE,5,U23EC514,U23EC514 - Electronics & Communication Systems (Sem 5),722823106105,Vidyut A,3
3343,ECE,5,U23EC581,U23EC581 - Electronics & Communication Systems (Sem 5),722823106105,Vidyut A,3
3344,ECE,5,U23EC592,U23EC592 - Electronics & Communication Systems (Sem 5),722823106105,Vidyut A,3
3345,ECE,5,U23EC595,U23EC595 - Electronics & Communication Systems (Sem 5),722823106105,Vidyut A,3
3346,ECE,5,U23EC492,U23EC492 - Electronics & Communication Systems (Sem 5),722823106106,Rahul S,3
3347,ECE,5,U23EC407,U23EC407 - Electronics & Communication Systems (Sem 5),722823106106,Rahul S,3
3348,ECE,5,U23EC408,U23EC408 - Electronics & Communication Systems (Sem 5),722823106106,Rahul S,3
3349,ECE,5,U23EC482,U23EC482 - Electronics & Communication Systems (Sem 5),722823106106,Rahul S,3
3350,ECE,5,U23EC514,U23EC514 - Electronics & Communication Systems (Sem 5),722823106106,Rahul S,3
3351,ECE,5,U23EC581,U23EC581 - Electronics & Communication Systems (Sem 5),722823106106,Rahul S,3
3352,ECE,5,U23EC592,U23EC592 - Electronics & Communication Systems (Sem 5),722823106106,Rahul S,3
3353,ECE,5,U23EC595,U23EC595 - Electronics & Communication Systems (Sem 5),722823106106,Rahul S,3
3354,ECE,5,U23EC492,U23EC492 - Electronics & Communication Systems (Sem 5),722823106107,Pavithra T,3
3355,ECE,5,U23EC407,U23EC407 - Electronics & Communication Systems (Sem 5),722823106107,Pavithra T,3
3356,ECE,5,U23EC408,U23EC408 - Electronics & Communication Systems (Sem 5),722823106107,Pavithra T,3
3357,ECE,5,U23EC482,U23EC482 - Electronics & Communication Systems (Sem 5),722823106107,Pavithra T,3
3358,ECE,5,U23EC514,U23EC514 - Electronics & Communication Systems (Sem 5),722823106107,Pavithra T,3
3359,ECE,5,U23EC581,U23EC581 - Electronics & Communication Systems (Sem 5),722823106107,Pavithra T,3
3360,ECE,5,U23EC592,U23EC592 - Electronics & Communication Systems (Sem 5),722823106107,Pavithra T,3
3361,ECE,5,U23EC595,U23EC595 - Electronics & Communication Systems (Sem 5),722823106107,Pavithra T,3
3362,ECE,5,U23EC492,U23EC492 - Electronics & Communication Systems (Sem 5),722823106108,Rahul P,3
3363,ECE,5,U23EC407,U23EC407 - Electronics & Communication Systems (Sem 5),722823106108,Rahul P,3
3364,ECE,5,U23EC408,U23EC408 - Electronics & Communication Systems (Sem 5),722823106108,Rahul P,3
3365,ECE,5,U23EC482,U23EC482 - Electronics & Communication Systems (Sem 5),722823106108,Rahul P,3
3366,ECE,5,U23EC514,U23EC514 - Electronics & Communication Systems (Sem 5),722823106108,Rahul P,3
3367,ECE,5,U23EC581,U23EC581 - Electronics & Communication Systems (Sem 5),722823106108,Rahul P,3
3368,ECE,5,U23EC592,U23EC592 - Electronics & Communication Systems (Sem 5),722823106108,Rahul P,3
3369,ECE,5,U23EC595,U23EC595 - Electronics & Communication Systems (Sem 5),722823106108,Rahul P,3
3370,ECE,5,U23EC492,U23EC492 - Electronics & Communication Systems (Sem 5),722823106109,Kavya T,3
3371,ECE,5,U23EC407,U23EC407 - Electronics & Communication Systems (Sem 5),722823106109,Kavya T,3
3372,ECE,5,U23EC408,U23EC408 - Electronics & Communication Systems (Sem 5),722823106109,Kavya T,3
3373,ECE,5,U23EC482,U23EC482 - Electronics & Communication Systems (Sem 5),722823106109,Kavya T,3
3374,ECE,5,U23EC514,U23EC514 - Electronics & Communication Systems (Sem 5),722823106109,Kavya T,3
3375,ECE,5,U23EC581,U23EC581 - Electronics & Communication Systems (Sem 5),722823106109,Kavya T,3
3376,ECE,5,U23EC592,U23EC592 - Electronics & Communication Systems (Sem 5),722823106109,Kavya T,3
3377,ECE,5,U23EC595,U23EC595 - Electronics & Communication Systems (Sem 5),722823106109,Kavya T,3
3378,ECE,5,U23EC492,U23EC492 - Electronics & Communication Systems (Sem 5),722823106110,Swetha N,3
3379,ECE,5,U23EC407,U23EC407 - Electronics & Communication Systems (Sem 5),722823106110,Swetha N,3
3380,ECE,5,U23EC408,U23EC408 - Electronics & Communication Systems (Sem 5),722823106110,Swetha N,3
3381,ECE,5,U23EC482,U23EC482 - Electronics & Communication Systems (Sem 5),722823106110,Swetha N,3
3382,ECE,5,U23EC514,U23EC514 - Electronics & Communication Systems (Sem 5),722823106110,Swetha N,3
3383,ECE,5,U23EC581,U23EC581 - Electronics & Communication Systems (Sem 5),722823106110,Swetha N,3
3384,ECE,5,U23EC592,U23EC592 - Electronics & Communication Systems (Sem 5),722823106110,Swetha N,3
3385,ECE,5,U23EC595,U23EC595 - Electronics & Communication Systems (Sem 5),722823106110,Swetha N,3
3386,ECE,5,U23EC492,U23EC492 - Electronics & Communication Systems (Sem 5),722823106111,Pavithra P,3
3387,ECE,5,U23EC407,U23EC407 - Electronics & Communication Systems (Sem 5),722823106111,Pavithra P,3
3388,ECE,5,U23EC408,U23EC408 - Electronics & Communication Systems (Sem 5),722823106111,Pavithra P,3
3389,ECE,5,U23EC482,U23EC482 - Electronics & Communication Systems (Sem 5),722823106111,Pavithra P,3
3390,ECE,5,U23EC514,U23EC514 - Electronics & Communication Systems (Sem 5),722823106111,Pavithra P,3
3391,ECE,5,U23EC581,U23EC581 - Electronics & Communication Systems (Sem 5),722823106111,Pavithra P,3
3392,ECE,5,U23EC592,U23EC592 - Electronics & Communication Systems (Sem 5),722823106111,Pavithra P,3
3393,ECE,5,U23EC595,U23EC595 - Electronics & Communication Systems (Sem 5),722823106111,Pavithra P,3
3394,ECE,5,U23EC492,U23EC492 - Electronics & Communication Systems (Sem 5),722823106112,Harini R,3
3395,ECE,5,U23EC407,U23EC407 - Electronics & Communication Systems (Sem 5),722823106112,Harini R,3
3396,ECE,5,U23EC408,U23EC408 - Electronics & Communication Systems (Sem 5),722823106112,Harini R,3
3397,ECE,5,U23EC482,U23EC482 - Electronics & Communication Systems (Sem 5),722823106112,Harini R,3
3398,ECE,5,U23EC514,U23EC514 - Electronics & Communication Systems (Sem 5),722823106112,Harini R,3
3399,ECE,5,U23EC581,U23EC581 - Electronics & Communication Systems (Sem 5),722823106112,Harini R,3
3400,ECE,5,U23EC592,U23EC592 - Electronics & Communication Systems (Sem 5),722823106112,Harini R,3
3401,ECE,5,U23EC595,U23EC595 - Electronics & Communication Systems (Sem 5),722823106112,Harini R,3
3402,ECE,5,U23EC492,U23EC492 - Electronics & Communication Systems (Sem 5),722823106113,Vidyut N,3
3403,ECE,5,U23EC407,U23EC407 - Electronics & Communication Systems (Sem 5),722823106113,Vidyut N,3
3404,ECE,5,U23EC408,U23EC408 - Electronics & Communication Systems (Sem 5),722823106113,Vidyut N,3
3405,ECE,5,U23EC482,U23EC482 - Electronics & Communication Systems (Sem 5),722823106113,Vidyut N,3
3406,ECE,5,U23EC514,U23EC514 - Electronics & Communication Systems (Sem 5),722823106113,Vidyut N,3
3407,ECE,5,U23EC581,U23EC581 - Electronics & Communication Systems (Sem 5),722823106113,Vidyut N,3
3408,ECE,5,U23EC592,U23EC592 - Electronics & Communication Systems (Sem 5),722823106113,Vidyut N,3
3409,ECE,5,U23EC595,U23EC595 - Electronics & Communication Systems (Sem 5),722823106113,Vidyut N,3
3410,ECE,5,U23EC492,U23EC492 - Electronics & Communication Systems (Sem 5),722823106114,Ishwarya N,3
3411,ECE,5,U23EC407,U23EC407 - Electronics & Communication Systems (Sem 5),722823106114,Ishwarya N,3
3412,ECE,5,U23EC408,U23EC408 - Electronics & Communication Systems (Sem 5),722823106114,Ishwarya N,3
3413,ECE,5,U23EC482,U23EC482 - Electronics & Communication Systems (Sem 5),722823106114,Ishwarya N,3
3414,ECE,5,U23EC514,U23EC514 - Electronics & Communication Systems (Sem 5),722823106114,Ishwarya N,3
3415,ECE,5,U23EC581,U23EC581 - Electronics & Communication Systems (Sem 5),722823106114,Ishwarya N,3
3416,ECE,5,U23EC592,U23EC592 - Electronics & Communication Systems (Sem 5),722823106114,Ishwarya N,3
3417,ECE,5,U23EC595,U23EC595 - Electronics & Communication Systems (Sem 5),722823106114,Ishwarya N,3
3418,ECE,5,U23EC492,U23EC492 - Electronics & Communication Systems (Sem 5),722823106115,Bhavana P,3
3419,ECE,5,U23EC407,U23EC407 - Electronics & Communication Systems (Sem 5),722823106115,Bhavana P,3
3420,ECE,5,U23EC408,U23EC408 - Electronics & Communication Systems (Sem 5),722823106115,Bhavana P,3
3421,ECE,5,U23EC482,U23EC482 - Electronics & Communication Systems (Sem 5),722823106115,Bhavana P,3
3422,ECE,5,U23EC514,U23EC514 - Electronics & Communication Systems (Sem 5),722823106115,Bhavana P,3
3423,ECE,5,U23EC581,U23EC581 - Electronics & Communication Systems (Sem 5),722823106115,Bhavana P,3
3424,ECE,5,U23EC592,U23EC592 - Electronics & Communication Systems (Sem 5),722823106115,Bhavana P,3
3425,ECE,5,U23EC595,U23EC595 - Electronics & Communication Systems (Sem 5),722823106115,Bhavana P,3
3426,ECE,5,U23EC492,U23EC492 - Electronics & Communication Systems (Sem 5),722823106116,Rahul N,3
3427,ECE,5,U23EC407,U23EC407 - Electronics & Communication Systems (Sem 5),722823106116,Rahul N,3
3428,ECE,5,U23EC408,U23EC408 - Electronics & Communication Systems (Sem 5),722823106116,Rahul N,3
3429,ECE,5,U23EC482,U23EC482 - Electronics & Communication Systems (Sem 5),722823106116,Rahul N,3
3430,ECE,5,U23EC514,U23EC514 - Electronics & Communication Systems (Sem 5),722823106116,Rahul N,3
3431,ECE,5,U23EC581,U23EC581 - Electronics & Communication Systems (Sem 5),722823106116,Rahul N,3
3432,ECE,5,U23EC592,U23EC592 - Electronics & Communication Systems (Sem 5),722823106116,Rahul N,3
3433,ECE,5,U23EC595,U23EC595 - Electronics & Communication Systems (Sem 5),722823106116,Rahul N,3
3434,ECE,5,U23EC492,U23EC492 - Electronics & Communication Systems (Sem 5),722823106117,Manoj S,3
3435,ECE,5,U23EC407,U23EC407 - Electronics & Communication Systems (Sem 5),722823106117,Manoj S,3
3436,ECE,5,U23EC408,U23EC408 - Electronics & Communication Systems (Sem 5),722823106117,Manoj S,3
3437,ECE,5,U23EC482,U23EC482 - Electronics & Communication Systems (Sem 5),722823106117,Manoj S,3
3438,ECE,5,U23EC514,U23EC514 - Electronics & Communication Systems (Sem 5),722823106117,Manoj S,3
3439,ECE,5,U23EC581,U23EC581 - Electronics & Communication Systems (Sem 5),722823106117,Manoj S,3
3440,ECE,5,U23EC592,U23EC592 - Electronics & Communication Systems (Sem 5),722823106117,Manoj S,3
3441,ECE,5,U23EC595,U23EC595 - Electronics & Communication Systems (Sem 5),722823106117,Manoj S,3
3442,ECE,5,U23EC492,U23EC492 - Electronics & Communication Systems (Sem 5),722823106118,Rahul M,3
3443,ECE,5,U23EC407,U23EC407 - Electronics & Communication Systems (Sem 5),722823106118,Rahul M,3
3444,ECE,5,U23EC408,U23EC408 - Electronics & Communication Systems (Sem 5),722823106118,Rahul M,3
3445,ECE,5,U23EC482,U23EC482 - Electronics & Communication Systems (Sem 5),722823106118,Rahul M,3
3446,ECE,5,U23EC514,U23EC514 - Electronics & Communication Systems (Sem 5),722823106118,Rahul M,3
3447,ECE,5,U23EC581,U23EC581 - Electronics & Communication Systems (Sem 5),722823106118,Rahul M,3
3448,ECE,5,U23EC592,U23EC592 - Electronics & Communication Systems (Sem 5),722823106118,Rahul M,3
3449,ECE,5,U23EC595,U23EC595 - Electronics & Communication Systems (Sem 5),722823106118,Rahul M,3
3450,ECE,5,U23EC492,U23EC492 - Electronics & Communication Systems (Sem 5),722823106119,Elango T,3
3451,ECE,5,U23EC407,U23EC407 - Electronics & Communication Systems (Sem 5),722823106119,Elango T,3
3452,ECE,5,U23EC408,U23EC408 - Electronics & Communication Systems (Sem 5),722823106119,Elango T,3
3453,ECE,5,U23EC482,U23EC482 - Electronics & Communication Systems (Sem 5),722823106119,Elango T,3
3454,ECE,5,U23EC514,U23EC514 - Electronics & Communication Systems (Sem 5),722823106119,Elango T,3
3455,ECE,5,U23EC581,U23EC581 - Electronics & Communication Systems (Sem 5),722823106119,Elango T,3
3456,ECE,5,U23EC592,U23EC592 - Electronics & Communication Systems (Sem 5),722823106119,Elango T,3
3457,ECE,5,U23EC595,U23EC595 - Electronics & Communication Systems (Sem 5),722823106119,Elango T,3
3458,ECE,5,U23EC492,U23EC492 - Electronics & Communication Systems (Sem 5),722823106120,Vidyut P,3
3459,ECE,5,U23EC407,U23EC407 - Electronics & Communication Systems (Sem 5),722823106120,Vidyut P,3
3460,ECE,5,U23EC408,U23EC408 - Electronics & Communication Systems (Sem 5),722823106120,Vidyut P,3
3461,ECE,5,U23EC482,U23EC482 - Electronics & Communication Systems (Sem 5),722823106120,Vidyut P,3
3462,ECE,5,U23EC514,U23EC514 - Electronics & Communication Systems (Sem 5),722823106120,Vidyut P,3
3463,ECE,5,U23EC581,U23EC581 - Electronics & Communication Systems (Sem 5),722823106120,Vidyut P,3
3464,ECE,5,U23EC592,U23EC592 - Electronics & Communication Systems (Sem 5),722823106120,Vidyut P,3
3465,ECE,5,U23EC595,U23EC595 - Electronics & Communication Systems (Sem 5),722823106120,Vidyut P,3
3466,ECE,7,U23CB103,U23CB103 - Computer Science & Business Systems (Sem 7),722822106101,Deepak B,3
3467,ECE,7,U23CB104,U23CB104 - Computer Science & Business Systems (Sem 7),722822106101,Deepak B,3
3468,ECE,7,U23EC411,U23EC411 - Electronics & Communication Systems (Sem 7),722822106101,Deepak B,3
3469,ECE,7,U23EC483,U23EC483 - Electronics & Communication Systems (Sem 7),722822106101,Deepak B,3
3470,ECE,7,U23EC551,U23EC551 - Electronics & Communication Systems (Sem 7),722822106101,Deepak B,3
3471,ECE,7,U23OME01,U23OME01 - ECE Core Subject (Sem 7),722822106101,Deepak B,3
3472,ECE,7,U23CB103,U23CB103 - Computer Science & Business Systems (Sem 7),722822106102,Deepak T,3
3473,ECE,7,U23CB104,U23CB104 - Computer Science & Business Systems (Sem 7),722822106102,Deepak T,3
3474,ECE,7,U23EC411,U23EC411 - Electronics & Communication Systems (Sem 7),722822106102,Deepak T,3
3475,ECE,7,U23EC483,U23EC483 - Electronics & Communication Systems (Sem 7),722822106102,Deepak T,3
3476,ECE,7,U23EC551,U23EC551 - Electronics & Communication Systems (Sem 7),722822106102,Deepak T,3
3477,ECE,7,U23OME01,U23OME01 - ECE Core Subject (Sem 7),722822106102,Deepak T,3
3478,ECE,7,U23CB103,U23CB103 - Computer Science & Business Systems (Sem 7),722822106103,Pavithra M,3
3479,ECE,7,U23CB104,U23CB104 - Computer Science & Business Systems (Sem 7),722822106103,Pavithra M,3
3480,ECE,7,U23EC411,U23EC411 - Electronics & Communication Systems (Sem 7),722822106103,Pavithra M,3
3481,ECE,7,U23EC483,U23EC483 - Electronics & Communication Systems (Sem 7),722822106103,Pavithra M,3
3482,ECE,7,U23EC551,U23EC551 - Electronics & Communication Systems (Sem 7),722822106103,Pavithra M,3
3483,ECE,7,U23OME01,U23OME01 - ECE Core Subject (Sem 7),722822106103,Pavithra M,3
3484,ECE,7,U23CB103,U23CB103 - Computer Science & Business Systems (Sem 7),722822106104,Elango N,3
3485,ECE,7,U23CB104,U23CB104 - Computer Science & Business Systems (Sem 7),722822106104,Elango N,3
3486,ECE,7,U23EC411,U23EC411 - Electronics & Communication Systems (Sem 7),722822106104,Elango N,3
3487,ECE,7,U23EC483,U23EC483 - Electronics & Communication Systems (Sem 7),722822106104,Elango N,3
3488,ECE,7,U23EC551,U23EC551 - Electronics & Communication Systems (Sem 7),722822106104,Elango N,3
3489,ECE,7,U23OME01,U23OME01 - ECE Core Subject (Sem 7),722822106104,Elango N,3
3490,ECE,7,U23CB103,U23CB103 - Computer Science & Business Systems (Sem 7),722822106105,Elango K,3
3491,ECE,7,U23CB104,U23CB104 - Computer Science & Business Systems (Sem 7),722822106105,Elango K,3
3492,ECE,7,U23EC411,U23EC411 - Electronics & Communication Systems (Sem 7),722822106105,Elango K,3
3493,ECE,7,U23EC483,U23EC483 - Electronics & Communication Systems (Sem 7),722822106105,Elango K,3
3494,ECE,7,U23EC551,U23EC551 - Electronics & Communication Systems (Sem 7),722822106105,Elango K,3
3495,ECE,7,U23OME01,U23OME01 - ECE Core Subject (Sem 7),722822106105,Elango K,3
3496,ECE,7,U23CB103,U23CB103 - Computer Science & Business Systems (Sem 7),722822106106,Rahul V,3
3497,ECE,7,U23CB104,U23CB104 - Computer Science & Business Systems (Sem 7),722822106106,Rahul V,3
3498,ECE,7,U23EC411,U23EC411 - Electronics & Communication Systems (Sem 7),722822106106,Rahul V,3
3499,ECE,7,U23EC483,U23EC483 - Electronics & Communication Systems (Sem 7),722822106106,Rahul V,3
3500,ECE,7,U23EC551,U23EC551 - Electronics & Communication Systems (Sem 7),722822106106,Rahul V,3
3501,ECE,7,U23OME01,U23OME01 - ECE Core Subject (Sem 7),722822106106,Rahul V,3
3502,ECE,7,U23CB103,U23CB103 - Computer Science & Business Systems (Sem 7),722822106107,Kavya A,3
3503,ECE,7,U23CB104,U23CB104 - Computer Science & Business Systems (Sem 7),722822106107,Kavya A,3
3504,ECE,7,U23EC411,U23EC411 - Electronics & Communication Systems (Sem 7),722822106107,Kavya A,3
3505,ECE,7,U23EC483,U23EC483 - Electronics & Communication Systems (Sem 7),722822106107,Kavya A,3
3506,ECE,7,U23EC551,U23EC551 - Electronics & Communication Systems (Sem 7),722822106107,Kavya A,3
3507,ECE,7,U23OME01,U23OME01 - ECE Core Subject (Sem 7),722822106107,Kavya A,3
3508,ECE,7,U23CB103,U23CB103 - Computer Science & Business Systems (Sem 7),722822106108,Manoj K,3
3509,ECE,7,U23CB104,U23CB104 - Computer Science & Business Systems (Sem 7),722822106108,Manoj K,3
3510,ECE,7,U23EC411,U23EC411 - Electronics & Communication Systems (Sem 7),722822106108,Manoj K,3
3511,ECE,7,U23EC483,U23EC483 - Electronics & Communication Systems (Sem 7),722822106108,Manoj K,3
3512,ECE,7,U23EC551,U23EC551 - Electronics & Communication Systems (Sem 7),722822106108,Manoj K,3
3513,ECE,7,U23OME01,U23OME01 - ECE Core Subject (Sem 7),722822106108,Manoj K,3
3514,ECE,7,U23CB103,U23CB103 - Computer Science & Business Systems (Sem 7),722822106109,Kavya T,3
3515,ECE,7,U23CB104,U23CB104 - Computer Science & Business Systems (Sem 7),722822106109,Kavya T,3
3516,ECE,7,U23EC411,U23EC411 - Electronics & Communication Systems (Sem 7),722822106109,Kavya T,3
3517,ECE,7,U23EC483,U23EC483 - Electronics & Communication Systems (Sem 7),722822106109,Kavya T,3
3518,ECE,7,U23EC551,U23EC551 - Electronics & Communication Systems (Sem 7),722822106109,Kavya T,3
3519,ECE,7,U23OME01,U23OME01 - ECE Core Subject (Sem 7),722822106109,Kavya T,3
3520,ECE,7,U23CB103,U23CB103 - Computer Science & Business Systems (Sem 7),722822106110,Manoj P,3
3521,ECE,7,U23CB104,U23CB104 - Computer Science & Business Systems (Sem 7),722822106110,Manoj P,3
3522,ECE,7,U23EC411,U23EC411 - Electronics & Communication Systems (Sem 7),722822106110,Manoj P,3
3523,ECE,7,U23EC483,U23EC483 - Electronics & Communication Systems (Sem 7),722822106110,Manoj P,3
3524,ECE,7,U23EC551,U23EC551 - Electronics & Communication Systems (Sem 7),722822106110,Manoj P,3
3525,ECE,7,U23OME01,U23OME01 - ECE Core Subject (Sem 7),722822106110,Manoj P,3
3526,ECE,7,U23CB103,U23CB103 - Computer Science & Business Systems (Sem 7),722822106111,Rahul T,3
3527,ECE,7,U23CB104,U23CB104 - Computer Science & Business Systems (Sem 7),722822106111,Rahul T,3
3528,ECE,7,U23EC411,U23EC411 - Electronics & Communication Systems (Sem 7),722822106111,Rahul T,3
3529,ECE,7,U23EC483,U23EC483 - Electronics & Communication Systems (Sem 7),722822106111,Rahul T,3
3530,ECE,7,U23EC551,U23EC551 - Electronics & Communication Systems (Sem 7),722822106111,Rahul T,3
3531,ECE,7,U23OME01,U23OME01 - ECE Core Subject (Sem 7),722822106111,Rahul T,3
3532,ECE,7,U23CB103,U23CB103 - Computer Science & Business Systems (Sem 7),722822106112,Bhavana A,3
3533,ECE,7,U23CB104,U23CB104 - Computer Science & Business Systems (Sem 7),722822106112,Bhavana A,3
3534,ECE,7,U23EC411,U23EC411 - Electronics & Communication Systems (Sem 7),722822106112,Bhavana A,3
3535,ECE,7,U23EC483,U23EC483 - Electronics & Communication Systems (Sem 7),722822106112,Bhavana A,3
3536,ECE,7,U23EC551,U23EC551 - Electronics & Communication Systems (Sem 7),722822106112,Bhavana A,3
3537,ECE,7,U23OME01,U23OME01 - ECE Core Subject (Sem 7),722822106112,Bhavana A,3
3538,ECE,7,U23CB103,U23CB103 - Computer Science & Business Systems (Sem 7),722822106113,Chandran R,3
3539,ECE,7,U23CB104,U23CB104 - Computer Science & Business Systems (Sem 7),722822106113,Chandran R,3
3540,ECE,7,U23EC411,U23EC411 - Electronics & Communication Systems (Sem 7),722822106113,Chandran R,3
3541,ECE,7,U23EC483,U23EC483 - Electronics & Communication Systems (Sem 7),722822106113,Chandran R,3
3542,ECE,7,U23EC551,U23EC551 - Electronics & Communication Systems (Sem 7),722822106113,Chandran R,3
3543,ECE,7,U23OME01,U23OME01 - ECE Core Subject (Sem 7),722822106113,Chandran R,3
3544,ECE,7,U23CB103,U23CB103 - Computer Science & Business Systems (Sem 7),722822106114,Karthik R,3
3545,ECE,7,U23CB104,U23CB104 - Computer Science & Business Systems (Sem 7),722822106114,Karthik R,3
3546,ECE,7,U23EC411,U23EC411 - Electronics & Communication Systems (Sem 7),722822106114,Karthik R,3
3547,ECE,7,U23EC483,U23EC483 - Electronics & Communication Systems (Sem 7),722822106114,Karthik R,3
3548,ECE,7,U23EC551,U23EC551 - Electronics & Communication Systems (Sem 7),722822106114,Karthik R,3
3549,ECE,7,U23OME01,U23OME01 - ECE Core Subject (Sem 7),722822106114,Karthik R,3
3550,ECE,7,U23CB103,U23CB103 - Computer Science & Business Systems (Sem 7),722822106115,Chandran N,3
3551,ECE,7,U23CB104,U23CB104 - Computer Science & Business Systems (Sem 7),722822106115,Chandran N,3
3552,ECE,7,U23EC411,U23EC411 - Electronics & Communication Systems (Sem 7),722822106115,Chandran N,3
3553,ECE,7,U23EC483,U23EC483 - Electronics & Communication Systems (Sem 7),722822106115,Chandran N,3
3554,ECE,7,U23EC551,U23EC551 - Electronics & Communication Systems (Sem 7),722822106115,Chandran N,3
3555,ECE,7,U23OME01,U23OME01 - ECE Core Subject (Sem 7),722822106115,Chandran N,3
3556,ECE,7,U23CB103,U23CB103 - Computer Science & Business Systems (Sem 7),722822106116,Deepak K,3
3557,ECE,7,U23CB104,U23CB104 - Computer Science & Business Systems (Sem 7),722822106116,Deepak K,3
3558,ECE,7,U23EC411,U23EC411 - Electronics & Communication Systems (Sem 7),722822106116,Deepak K,3
3559,ECE,7,U23EC483,U23EC483 - Electronics & Communication Systems (Sem 7),722822106116,Deepak K,3
3560,ECE,7,U23EC551,U23EC551 - Electronics & Communication Systems (Sem 7),722822106116,Deepak K,3
3561,ECE,7,U23OME01,U23OME01 - ECE Core Subject (Sem 7),722822106116,Deepak K,3
3562,ECE,7,U23CB103,U23CB103 - Computer Science & Business Systems (Sem 7),722822106117,Pavithra S,3
3563,ECE,7,U23CB104,U23CB104 - Computer Science & Business Systems (Sem 7),722822106117,Pavithra S,3
3564,ECE,7,U23EC411,U23EC411 - Electronics & Communication Systems (Sem 7),722822106117,Pavithra S,3
3565,ECE,7,U23EC483,U23EC483 - Electronics & Communication Systems (Sem 7),722822106117,Pavithra S,3
3566,ECE,7,U23EC551,U23EC551 - Electronics & Communication Systems (Sem 7),722822106117,Pavithra S,3
3567,ECE,7,U23OME01,U23OME01 - ECE Core Subject (Sem 7),722822106117,Pavithra S,3
3568,ECE,7,U23CB103,U23CB103 - Computer Science & Business Systems (Sem 7),722822106118,Karthik M,3
3569,ECE,7,U23CB104,U23CB104 - Computer Science & Business Systems (Sem 7),722822106118,Karthik M,3
3570,ECE,7,U23EC411,U23EC411 - Electronics & Communication Systems (Sem 7),722822106118,Karthik M,3
3571,ECE,7,U23EC483,U23EC483 - Electronics & Communication Systems (Sem 7),722822106118,Karthik M,3
3572,ECE,7,U23EC551,U23EC551 - Electronics & Communication Systems (Sem 7),722822106118,Karthik M,3
3573,ECE,7,U23OME01,U23OME01 - ECE Core Subject (Sem 7),722822106118,Karthik M,3
3574,ECE,7,U23CB103,U23CB103 - Computer Science & Business Systems (Sem 7),722822106119,Bhavana P,3
3575,ECE,7,U23CB104,U23CB104 - Computer Science & Business Systems (Sem 7),722822106119,Bhavana P,3
3576,ECE,7,U23EC411,U23EC411 - Electronics & Communication Systems (Sem 7),722822106119,Bhavana P,3
3577,ECE,7,U23EC483,U23EC483 - Electronics & Communication Systems (Sem 7),722822106119,Bhavana P,3
3578,ECE,7,U23EC551,U23EC551 - Electronics & Communication Systems (Sem 7),722822106119,Bhavana P,3
3579,ECE,7,U23OME01,U23OME01 - ECE Core Subject (Sem 7),722822106119,Bhavana P,3
3580,ECE,7,U23CB103,U23CB103 - Computer Science & Business Systems (Sem 7),722822106120,Bhavana V,3
3581,ECE,7,U23CB104,U23CB104 - Computer Science & Business Systems (Sem 7),722822106120,Bhavana V,3
3582,ECE,7,U23EC411,U23EC411 - Electronics & Communication Systems (Sem 7),722822106120,Bhavana V,3
3583,ECE,7,U23EC483,U23EC483 - Electronics & Communication Systems (Sem 7),722822106120,Bhavana V,3
3584,ECE,7,U23EC551,U23EC551 - Electronics & Communication Systems (Sem 7),722822106120,Bhavana V,3
3585,ECE,7,U23OME01,U23OME01 - ECE Core Subject (Sem 7),722822106120,Bhavana V,3
3586,MECH,3,U23MA208,U23MA208 - Advanced Mathematics & Statistics (Sem 3),722824114101,Lakshmi P,3
3587,MECH,3,U23ME402,U23ME402 - Mechanical Design & Automation (Sem 3),722824114101,Lakshmi P,3
3588,MECH,3,U23ME481,U23ME481 - Mechanical Design & Automation (Sem 3),722824114101,Lakshmi P,3
3589,MECH,3,U23EC381,U23EC381 - Electronics & Communication Systems (Sem 3),722824114101,Lakshmi P,3
3590,MECH,3,U23ME403,U23ME403 - Mechanical Design & Automation (Sem 3),722824114101,Lakshmi P,3
3591,MECH,3,U23OAD81,U23OAD81 - MECH Core Subject (Sem 3),722824114101,Lakshmi P,3
3592,MECH,3,U23MA208,U23MA208 - Advanced Mathematics & Statistics (Sem 3),722824114102,Naveen S,3
3593,MECH,3,U23ME402,U23ME402 - Mechanical Design & Automation (Sem 3),722824114102,Naveen S,3
3594,MECH,3,U23ME481,U23ME481 - Mechanical Design & Automation (Sem 3),722824114102,Naveen S,3
3595,MECH,3,U23EC381,U23EC381 - Electronics & Communication Systems (Sem 3),722824114102,Naveen S,3
3596,MECH,3,U23ME403,U23ME403 - Mechanical Design & Automation (Sem 3),722824114102,Naveen S,3
3597,MECH,3,U23OAD81,U23OAD81 - MECH Core Subject (Sem 3),722824114102,Naveen S,3
3598,MECH,3,U23MA208,U23MA208 - Advanced Mathematics & Statistics (Sem 3),722824114103,Ishwarya T,3
3599,MECH,3,U23ME402,U23ME402 - Mechanical Design & Automation (Sem 3),722824114103,Ishwarya T,3
3600,MECH,3,U23ME481,U23ME481 - Mechanical Design & Automation (Sem 3),722824114103,Ishwarya T,3
3601,MECH,3,U23EC381,U23EC381 - Electronics & Communication Systems (Sem 3),722824114103,Ishwarya T,3
3602,MECH,3,U23ME403,U23ME403 - Mechanical Design & Automation (Sem 3),722824114103,Ishwarya T,3
3603,MECH,3,U23OAD81,U23OAD81 - MECH Core Subject (Sem 3),722824114103,Ishwarya T,3
3604,MECH,3,U23MA208,U23MA208 - Advanced Mathematics & Statistics (Sem 3),722824114104,Naveen A,3
3605,MECH,3,U23ME402,U23ME402 - Mechanical Design & Automation (Sem 3),722824114104,Naveen A,3
3606,MECH,3,U23ME481,U23ME481 - Mechanical Design & Automation (Sem 3),722824114104,Naveen A,3
3607,MECH,3,U23EC381,U23EC381 - Electronics & Communication Systems (Sem 3),722824114104,Naveen A,3
3608,MECH,3,U23ME403,U23ME403 - Mechanical Design & Automation (Sem 3),722824114104,Naveen A,3
3609,MECH,3,U23OAD81,U23OAD81 - MECH Core Subject (Sem 3),722824114104,Naveen A,3
3610,MECH,3,U23MA208,U23MA208 - Advanced Mathematics & Statistics (Sem 3),722824114105,Gokul S,3
3611,MECH,3,U23ME402,U23ME402 - Mechanical Design & Automation (Sem 3),722824114105,Gokul S,3
3612,MECH,3,U23ME481,U23ME481 - Mechanical Design & Automation (Sem 3),722824114105,Gokul S,3
3613,MECH,3,U23EC381,U23EC381 - Electronics & Communication Systems (Sem 3),722824114105,Gokul S,3
3614,MECH,3,U23ME403,U23ME403 - Mechanical Design & Automation (Sem 3),722824114105,Gokul S,3
3615,MECH,3,U23OAD81,U23OAD81 - MECH Core Subject (Sem 3),722824114105,Gokul S,3
3616,MECH,3,U23MA208,U23MA208 - Advanced Mathematics & Statistics (Sem 3),722824114106,Gokul K,3
3617,MECH,3,U23ME402,U23ME402 - Mechanical Design & Automation (Sem 3),722824114106,Gokul K,3
3618,MECH,3,U23ME481,U23ME481 - Mechanical Design & Automation (Sem 3),722824114106,Gokul K,3
3619,MECH,3,U23EC381,U23EC381 - Electronics & Communication Systems (Sem 3),722824114106,Gokul K,3
3620,MECH,3,U23ME403,U23ME403 - Mechanical Design & Automation (Sem 3),722824114106,Gokul K,3
3621,MECH,3,U23OAD81,U23OAD81 - MECH Core Subject (Sem 3),722824114106,Gokul K,3
3622,MECH,3,U23MA208,U23MA208 - Advanced Mathematics & Statistics (Sem 3),722824114107,Yash N,3
3623,MECH,3,U23ME402,U23ME402 - Mechanical Design & Automation (Sem 3),722824114107,Yash N,3
3624,MECH,3,U23ME481,U23ME481 - Mechanical Design & Automation (Sem 3),722824114107,Yash N,3
3625,MECH,3,U23EC381,U23EC381 - Electronics & Communication Systems (Sem 3),722824114107,Yash N,3
3626,MECH,3,U23ME403,U23ME403 - Mechanical Design & Automation (Sem 3),722824114107,Yash N,3
3627,MECH,3,U23OAD81,U23OAD81 - MECH Core Subject (Sem 3),722824114107,Yash N,3
3628,MECH,3,U23MA208,U23MA208 - Advanced Mathematics & Statistics (Sem 3),722824114108,Yash R,3
3629,MECH,3,U23ME402,U23ME402 - Mechanical Design & Automation (Sem 3),722824114108,Yash R,3
3630,MECH,3,U23ME481,U23ME481 - Mechanical Design & Automation (Sem 3),722824114108,Yash R,3
3631,MECH,3,U23EC381,U23EC381 - Electronics & Communication Systems (Sem 3),722824114108,Yash R,3
3632,MECH,3,U23ME403,U23ME403 - Mechanical Design & Automation (Sem 3),722824114108,Yash R,3
3633,MECH,3,U23OAD81,U23OAD81 - MECH Core Subject (Sem 3),722824114108,Yash R,3
3634,MECH,3,U23MA208,U23MA208 - Advanced Mathematics & Statistics (Sem 3),722824114109,Rahul A,3
3635,MECH,3,U23ME402,U23ME402 - Mechanical Design & Automation (Sem 3),722824114109,Rahul A,3
3636,MECH,3,U23ME481,U23ME481 - Mechanical Design & Automation (Sem 3),722824114109,Rahul A,3
3637,MECH,3,U23EC381,U23EC381 - Electronics & Communication Systems (Sem 3),722824114109,Rahul A,3
3638,MECH,3,U23ME403,U23ME403 - Mechanical Design & Automation (Sem 3),722824114109,Rahul A,3
3639,MECH,3,U23OAD81,U23OAD81 - MECH Core Subject (Sem 3),722824114109,Rahul A,3
3640,MECH,3,U23MA208,U23MA208 - Advanced Mathematics & Statistics (Sem 3),722824114110,Elango R,3
3641,MECH,3,U23ME402,U23ME402 - Mechanical Design & Automation (Sem 3),722824114110,Elango R,3
3642,MECH,3,U23ME481,U23ME481 - Mechanical Design & Automation (Sem 3),722824114110,Elango R,3
3643,MECH,3,U23EC381,U23EC381 - Electronics & Communication Systems (Sem 3),722824114110,Elango R,3
3644,MECH,3,U23ME403,U23ME403 - Mechanical Design & Automation (Sem 3),722824114110,Elango R,3
3645,MECH,3,U23OAD81,U23OAD81 - MECH Core Subject (Sem 3),722824114110,Elango R,3
3646,MECH,3,U23MA208,U23MA208 - Advanced Mathematics & Statistics (Sem 3),722824114111,Pavithra V,3
3647,MECH,3,U23ME402,U23ME402 - Mechanical Design & Automation (Sem 3),722824114111,Pavithra V,3
3648,MECH,3,U23ME481,U23ME481 - Mechanical Design & Automation (Sem 3),722824114111,Pavithra V,3
3649,MECH,3,U23EC381,U23EC381 - Electronics & Communication Systems (Sem 3),722824114111,Pavithra V,3
3650,MECH,3,U23ME403,U23ME403 - Mechanical Design & Automation (Sem 3),722824114111,Pavithra V,3
3651,MECH,3,U23OAD81,U23OAD81 - MECH Core Subject (Sem 3),722824114111,Pavithra V,3
3652,MECH,3,U23MA208,U23MA208 - Advanced Mathematics & Statistics (Sem 3),722824114112,Pavithra V,3
3653,MECH,3,U23ME402,U23ME402 - Mechanical Design & Automation (Sem 3),722824114112,Pavithra V,3
3654,MECH,3,U23ME481,U23ME481 - Mechanical Design & Automation (Sem 3),722824114112,Pavithra V,3
3655,MECH,3,U23EC381,U23EC381 - Electronics & Communication Systems (Sem 3),722824114112,Pavithra V,3
3656,MECH,3,U23ME403,U23ME403 - Mechanical Design & Automation (Sem 3),722824114112,Pavithra V,3
3657,MECH,3,U23OAD81,U23OAD81 - MECH Core Subject (Sem 3),722824114112,Pavithra V,3
3658,MECH,3,U23MA208,U23MA208 - Advanced Mathematics & Statistics (Sem 3),722824114113,Aravind B,3
3659,MECH,3,U23ME402,U23ME402 - Mechanical Design & Automation (Sem 3),722824114113,Aravind B,3
3660,MECH,3,U23ME481,U23ME481 - Mechanical Design & Automation (Sem 3),722824114113,Aravind B,3
3661,MECH,3,U23EC381,U23EC381 - Electronics & Communication Systems (Sem 3),722824114113,Aravind B,3
3662,MECH,3,U23ME403,U23ME403 - Mechanical Design & Automation (Sem 3),722824114113,Aravind B,3
3663,MECH,3,U23OAD81,U23OAD81 - MECH Core Subject (Sem 3),722824114113,Aravind B,3
3664,MECH,3,U23MA208,U23MA208 - Advanced Mathematics & Statistics (Sem 3),722824114114,Karthik T,3
3665,MECH,3,U23ME402,U23ME402 - Mechanical Design & Automation (Sem 3),722824114114,Karthik T,3
3666,MECH,3,U23ME481,U23ME481 - Mechanical Design & Automation (Sem 3),722824114114,Karthik T,3
3667,MECH,3,U23EC381,U23EC381 - Electronics & Communication Systems (Sem 3),722824114114,Karthik T,3
3668,MECH,3,U23ME403,U23ME403 - Mechanical Design & Automation (Sem 3),722824114114,Karthik T,3
3669,MECH,3,U23OAD81,U23OAD81 - MECH Core Subject (Sem 3),722824114114,Karthik T,3
3670,MECH,3,U23MA208,U23MA208 - Advanced Mathematics & Statistics (Sem 3),722824114115,Gokul K,3
3671,MECH,3,U23ME402,U23ME402 - Mechanical Design & Automation (Sem 3),722824114115,Gokul K,3
3672,MECH,3,U23ME481,U23ME481 - Mechanical Design & Automation (Sem 3),722824114115,Gokul K,3
3673,MECH,3,U23EC381,U23EC381 - Electronics & Communication Systems (Sem 3),722824114115,Gokul K,3
3674,MECH,3,U23ME403,U23ME403 - Mechanical Design & Automation (Sem 3),722824114115,Gokul K,3
3675,MECH,3,U23OAD81,U23OAD81 - MECH Core Subject (Sem 3),722824114115,Gokul K,3
3676,MECH,3,U23MA208,U23MA208 - Advanced Mathematics & Statistics (Sem 3),722824114116,Pavithra P,3
3677,MECH,3,U23ME402,U23ME402 - Mechanical Design & Automation (Sem 3),722824114116,Pavithra P,3
3678,MECH,3,U23ME481,U23ME481 - Mechanical Design & Automation (Sem 3),722824114116,Pavithra P,3
3679,MECH,3,U23EC381,U23EC381 - Electronics & Communication Systems (Sem 3),722824114116,Pavithra P,3
3680,MECH,3,U23ME403,U23ME403 - Mechanical Design & Automation (Sem 3),722824114116,Pavithra P,3
3681,MECH,3,U23OAD81,U23OAD81 - MECH Core Subject (Sem 3),722824114116,Pavithra P,3
3682,MECH,3,U23MA208,U23MA208 - Advanced Mathematics & Statistics (Sem 3),722824114117,Vidyut V,3
3683,MECH,3,U23ME402,U23ME402 - Mechanical Design & Automation (Sem 3),722824114117,Vidyut V,3
3684,MECH,3,U23ME481,U23ME481 - Mechanical Design & Automation (Sem 3),722824114117,Vidyut V,3
3685,MECH,3,U23EC381,U23EC381 - Electronics & Communication Systems (Sem 3),722824114117,Vidyut V,3
3686,MECH,3,U23ME403,U23ME403 - Mechanical Design & Automation (Sem 3),722824114117,Vidyut V,3
3687,MECH,3,U23OAD81,U23OAD81 - MECH Core Subject (Sem 3),722824114117,Vidyut V,3
3688,MECH,3,U23MA208,U23MA208 - Advanced Mathematics & Statistics (Sem 3),722824114118,Naveen V,3
3689,MECH,3,U23ME402,U23ME402 - Mechanical Design & Automation (Sem 3),722824114118,Naveen V,3
3690,MECH,3,U23ME481,U23ME481 - Mechanical Design & Automation (Sem 3),722824114118,Naveen V,3
3691,MECH,3,U23EC381,U23EC381 - Electronics & Communication Systems (Sem 3),722824114118,Naveen V,3
3692,MECH,3,U23ME403,U23ME403 - Mechanical Design & Automation (Sem 3),722824114118,Naveen V,3
3693,MECH,3,U23OAD81,U23OAD81 - MECH Core Subject (Sem 3),722824114118,Naveen V,3
3694,MECH,3,U23MA208,U23MA208 - Advanced Mathematics & Statistics (Sem 3),722824114119,Pavithra V,3
3695,MECH,3,U23ME402,U23ME402 - Mechanical Design & Automation (Sem 3),722824114119,Pavithra V,3
3696,MECH,3,U23ME481,U23ME481 - Mechanical Design & Automation (Sem 3),722824114119,Pavithra V,3
3697,MECH,3,U23EC381,U23EC381 - Electronics & Communication Systems (Sem 3),722824114119,Pavithra V,3
3698,MECH,3,U23ME403,U23ME403 - Mechanical Design & Automation (Sem 3),722824114119,Pavithra V,3
3699,MECH,3,U23OAD81,U23OAD81 - MECH Core Subject (Sem 3),722824114119,Pavithra V,3
3700,MECH,3,U23MA208,U23MA208 - Advanced Mathematics & Statistics (Sem 3),722824114120,Harini N,3
3701,MECH,3,U23ME402,U23ME402 - Mechanical Design & Automation (Sem 3),722824114120,Harini N,3
3702,MECH,3,U23ME481,U23ME481 - Mechanical Design & Automation (Sem 3),722824114120,Harini N,3
3703,MECH,3,U23EC381,U23EC381 - Electronics & Communication Systems (Sem 3),722824114120,Harini N,3
3704,MECH,3,U23ME403,U23ME403 - Mechanical Design & Automation (Sem 3),722824114120,Harini N,3
3705,MECH,3,U23OAD81,U23OAD81 - MECH Core Subject (Sem 3),722824114120,Harini N,3
3706,MECH,5,U23ME405,U23ME405 - Mechanical Design & Automation (Sem 5),722823114101,Rahul K,3
3707,MECH,5,U23ME406,U23ME406 - Mechanical Design & Automation (Sem 5),722823114101,Rahul K,3
3708,MECH,5,U23ME407,U23ME407 - Mechanical Design & Automation (Sem 5),722823114101,Rahul K,3
3709,MECH,5,U23ME522,U23ME522 - Mechanical Design & Automation (Sem 5),722823114101,Rahul K,3
3710,MECH,5,U23AM499,U23AM499 - Machine Learning & Neural Networks (Sem 5),722823114101,Rahul K,3
3711,MECH,5,U23ME484,U23ME484 - Mechanical Design & Automation (Sem 5),722823114101,Rahul K,3
3712,MECH,5,U23ME592,U23ME592 - Mechanical Design & Automation (Sem 5),722823114101,Rahul K,3
3713,MECH,5,U23ME594,U23ME594 - Mechanical Design & Automation (Sem 5),722823114101,Rahul K,3
3714,MECH,5,U23ME541,U23ME541 - Mechanical Design & Automation (Sem 5),722823114101,Rahul K,3
3715,MECH,5,U23ME405,U23ME405 - Mechanical Design & Automation (Sem 5),722823114102,Ishwarya N,3
3716,MECH,5,U23ME406,U23ME406 - Mechanical Design & Automation (Sem 5),722823114102,Ishwarya N,3
3717,MECH,5,U23ME407,U23ME407 - Mechanical Design & Automation (Sem 5),722823114102,Ishwarya N,3
3718,MECH,5,U23ME522,U23ME522 - Mechanical Design & Automation (Sem 5),722823114102,Ishwarya N,3
3719,MECH,5,U23AM499,U23AM499 - Machine Learning & Neural Networks (Sem 5),722823114102,Ishwarya N,3
3720,MECH,5,U23ME484,U23ME484 - Mechanical Design & Automation (Sem 5),722823114102,Ishwarya N,3
3721,MECH,5,U23ME592,U23ME592 - Mechanical Design & Automation (Sem 5),722823114102,Ishwarya N,3
3722,MECH,5,U23ME594,U23ME594 - Mechanical Design & Automation (Sem 5),722823114102,Ishwarya N,3
3723,MECH,5,U23ME541,U23ME541 - Mechanical Design & Automation (Sem 5),722823114102,Ishwarya N,3
3724,MECH,5,U23ME405,U23ME405 - Mechanical Design & Automation (Sem 5),722823114103,Vidyut P,3
3725,MECH,5,U23ME406,U23ME406 - Mechanical Design & Automation (Sem 5),722823114103,Vidyut P,3
3726,MECH,5,U23ME407,U23ME407 - Mechanical Design & Automation (Sem 5),722823114103,Vidyut P,3
3727,MECH,5,U23ME522,U23ME522 - Mechanical Design & Automation (Sem 5),722823114103,Vidyut P,3
3728,MECH,5,U23AM499,U23AM499 - Machine Learning & Neural Networks (Sem 5),722823114103,Vidyut P,3
3729,MECH,5,U23ME484,U23ME484 - Mechanical Design & Automation (Sem 5),722823114103,Vidyut P,3
3730,MECH,5,U23ME592,U23ME592 - Mechanical Design & Automation (Sem 5),722823114103,Vidyut P,3
3731,MECH,5,U23ME594,U23ME594 - Mechanical Design & Automation (Sem 5),722823114103,Vidyut P,3
3732,MECH,5,U23ME541,U23ME541 - Mechanical Design & Automation (Sem 5),722823114103,Vidyut P,3
3733,MECH,5,U23ME405,U23ME405 - Mechanical Design & Automation (Sem 5),722823114104,Vidyut V,3
3734,MECH,5,U23ME406,U23ME406 - Mechanical Design & Automation (Sem 5),722823114104,Vidyut V,3
3735,MECH,5,U23ME407,U23ME407 - Mechanical Design & Automation (Sem 5),722823114104,Vidyut V,3
3736,MECH,5,U23ME522,U23ME522 - Mechanical Design & Automation (Sem 5),722823114104,Vidyut V,3
3737,MECH,5,U23AM499,U23AM499 - Machine Learning & Neural Networks (Sem 5),722823114104,Vidyut V,3
3738,MECH,5,U23ME484,U23ME484 - Mechanical Design & Automation (Sem 5),722823114104,Vidyut V,3
3739,MECH,5,U23ME592,U23ME592 - Mechanical Design & Automation (Sem 5),722823114104,Vidyut V,3
3740,MECH,5,U23ME594,U23ME594 - Mechanical Design & Automation (Sem 5),722823114104,Vidyut V,3
3741,MECH,5,U23ME541,U23ME541 - Mechanical Design & Automation (Sem 5),722823114104,Vidyut V,3
3742,MECH,5,U23ME405,U23ME405 - Mechanical Design & Automation (Sem 5),722823114105,Karthik M,3
3743,MECH,5,U23ME406,U23ME406 - Mechanical Design & Automation (Sem 5),722823114105,Karthik M,3
3744,MECH,5,U23ME407,U23ME407 - Mechanical Design & Automation (Sem 5),722823114105,Karthik M,3
3745,MECH,5,U23ME522,U23ME522 - Mechanical Design & Automation (Sem 5),722823114105,Karthik M,3
3746,MECH,5,U23AM499,U23AM499 - Machine Learning & Neural Networks (Sem 5),722823114105,Karthik M,3
3747,MECH,5,U23ME484,U23ME484 - Mechanical Design & Automation (Sem 5),722823114105,Karthik M,3
3748,MECH,5,U23ME592,U23ME592 - Mechanical Design & Automation (Sem 5),722823114105,Karthik M,3
3749,MECH,5,U23ME594,U23ME594 - Mechanical Design & Automation (Sem 5),722823114105,Karthik M,3
3750,MECH,5,U23ME541,U23ME541 - Mechanical Design & Automation (Sem 5),722823114105,Karthik M,3
3751,MECH,5,U23ME405,U23ME405 - Mechanical Design & Automation (Sem 5),722823114106,Manoj V,3
3752,MECH,5,U23ME406,U23ME406 - Mechanical Design & Automation (Sem 5),722823114106,Manoj V,3
3753,MECH,5,U23ME407,U23ME407 - Mechanical Design & Automation (Sem 5),722823114106,Manoj V,3
3754,MECH,5,U23ME522,U23ME522 - Mechanical Design & Automation (Sem 5),722823114106,Manoj V,3
3755,MECH,5,U23AM499,U23AM499 - Machine Learning & Neural Networks (Sem 5),722823114106,Manoj V,3
3756,MECH,5,U23ME484,U23ME484 - Mechanical Design & Automation (Sem 5),722823114106,Manoj V,3
3757,MECH,5,U23ME592,U23ME592 - Mechanical Design & Automation (Sem 5),722823114106,Manoj V,3
3758,MECH,5,U23ME594,U23ME594 - Mechanical Design & Automation (Sem 5),722823114106,Manoj V,3
3759,MECH,5,U23ME541,U23ME541 - Mechanical Design & Automation (Sem 5),722823114106,Manoj V,3
3760,MECH,5,U23ME405,U23ME405 - Mechanical Design & Automation (Sem 5),722823114107,Aravind A,3
3761,MECH,5,U23ME406,U23ME406 - Mechanical Design & Automation (Sem 5),722823114107,Aravind A,3
3762,MECH,5,U23ME407,U23ME407 - Mechanical Design & Automation (Sem 5),722823114107,Aravind A,3
3763,MECH,5,U23ME522,U23ME522 - Mechanical Design & Automation (Sem 5),722823114107,Aravind A,3
3764,MECH,5,U23AM499,U23AM499 - Machine Learning & Neural Networks (Sem 5),722823114107,Aravind A,3
3765,MECH,5,U23ME484,U23ME484 - Mechanical Design & Automation (Sem 5),722823114107,Aravind A,3
3766,MECH,5,U23ME592,U23ME592 - Mechanical Design & Automation (Sem 5),722823114107,Aravind A,3
3767,MECH,5,U23ME594,U23ME594 - Mechanical Design & Automation (Sem 5),722823114107,Aravind A,3
3768,MECH,5,U23ME541,U23ME541 - Mechanical Design & Automation (Sem 5),722823114107,Aravind A,3
3769,MECH,5,U23ME405,U23ME405 - Mechanical Design & Automation (Sem 5),722823114108,Bhavana A,3
3770,MECH,5,U23ME406,U23ME406 - Mechanical Design & Automation (Sem 5),722823114108,Bhavana A,3
3771,MECH,5,U23ME407,U23ME407 - Mechanical Design & Automation (Sem 5),722823114108,Bhavana A,3
3772,MECH,5,U23ME522,U23ME522 - Mechanical Design & Automation (Sem 5),722823114108,Bhavana A,3
3773,MECH,5,U23AM499,U23AM499 - Machine Learning & Neural Networks (Sem 5),722823114108,Bhavana A,3
3774,MECH,5,U23ME484,U23ME484 - Mechanical Design & Automation (Sem 5),722823114108,Bhavana A,3
3775,MECH,5,U23ME592,U23ME592 - Mechanical Design & Automation (Sem 5),722823114108,Bhavana A,3
3776,MECH,5,U23ME594,U23ME594 - Mechanical Design & Automation (Sem 5),722823114108,Bhavana A,3
3777,MECH,5,U23ME541,U23ME541 - Mechanical Design & Automation (Sem 5),722823114108,Bhavana A,3
3778,MECH,5,U23ME405,U23ME405 - Mechanical Design & Automation (Sem 5),722823114109,Rahul V,3
3779,MECH,5,U23ME406,U23ME406 - Mechanical Design & Automation (Sem 5),722823114109,Rahul V,3
3780,MECH,5,U23ME407,U23ME407 - Mechanical Design & Automation (Sem 5),722823114109,Rahul V,3
3781,MECH,5,U23ME522,U23ME522 - Mechanical Design & Automation (Sem 5),722823114109,Rahul V,3
3782,MECH,5,U23AM499,U23AM499 - Machine Learning & Neural Networks (Sem 5),722823114109,Rahul V,3
3783,MECH,5,U23ME484,U23ME484 - Mechanical Design & Automation (Sem 5),722823114109,Rahul V,3
3784,MECH,5,U23ME592,U23ME592 - Mechanical Design & Automation (Sem 5),722823114109,Rahul V,3
3785,MECH,5,U23ME594,U23ME594 - Mechanical Design & Automation (Sem 5),722823114109,Rahul V,3
3786,MECH,5,U23ME541,U23ME541 - Mechanical Design & Automation (Sem 5),722823114109,Rahul V,3
3787,MECH,5,U23ME405,U23ME405 - Mechanical Design & Automation (Sem 5),722823114110,Ishwarya A,3
3788,MECH,5,U23ME406,U23ME406 - Mechanical Design & Automation (Sem 5),722823114110,Ishwarya A,3
3789,MECH,5,U23ME407,U23ME407 - Mechanical Design & Automation (Sem 5),722823114110,Ishwarya A,3
3790,MECH,5,U23ME522,U23ME522 - Mechanical Design & Automation (Sem 5),722823114110,Ishwarya A,3
3791,MECH,5,U23AM499,U23AM499 - Machine Learning & Neural Networks (Sem 5),722823114110,Ishwarya A,3
3792,MECH,5,U23ME484,U23ME484 - Mechanical Design & Automation (Sem 5),722823114110,Ishwarya A,3
3793,MECH,5,U23ME592,U23ME592 - Mechanical Design & Automation (Sem 5),722823114110,Ishwarya A,3
3794,MECH,5,U23ME594,U23ME594 - Mechanical Design & Automation (Sem 5),722823114110,Ishwarya A,3
3795,MECH,5,U23ME541,U23ME541 - Mechanical Design & Automation (Sem 5),722823114110,Ishwarya A,3
3796,MECH,5,U23ME405,U23ME405 - Mechanical Design & Automation (Sem 5),722823114111,Lakshmi R,3
3797,MECH,5,U23ME406,U23ME406 - Mechanical Design & Automation (Sem 5),722823114111,Lakshmi R,3
3798,MECH,5,U23ME407,U23ME407 - Mechanical Design & Automation (Sem 5),722823114111,Lakshmi R,3
3799,MECH,5,U23ME522,U23ME522 - Mechanical Design & Automation (Sem 5),722823114111,Lakshmi R,3
3800,MECH,5,U23AM499,U23AM499 - Machine Learning & Neural Networks (Sem 5),722823114111,Lakshmi R,3
3801,MECH,5,U23ME484,U23ME484 - Mechanical Design & Automation (Sem 5),722823114111,Lakshmi R,3
3802,MECH,5,U23ME592,U23ME592 - Mechanical Design & Automation (Sem 5),722823114111,Lakshmi R,3
3803,MECH,5,U23ME594,U23ME594 - Mechanical Design & Automation (Sem 5),722823114111,Lakshmi R,3
3804,MECH,5,U23ME541,U23ME541 - Mechanical Design & Automation (Sem 5),722823114111,Lakshmi R,3
3805,MECH,5,U23ME405,U23ME405 - Mechanical Design & Automation (Sem 5),722823114112,Harini A,3
3806,MECH,5,U23ME406,U23ME406 - Mechanical Design & Automation (Sem 5),722823114112,Harini A,3
3807,MECH,5,U23ME407,U23ME407 - Mechanical Design & Automation (Sem 5),722823114112,Harini A,3
3808,MECH,5,U23ME522,U23ME522 - Mechanical Design & Automation (Sem 5),722823114112,Harini A,3
3809,MECH,5,U23AM499,U23AM499 - Machine Learning & Neural Networks (Sem 5),722823114112,Harini A,3
3810,MECH,5,U23ME484,U23ME484 - Mechanical Design & Automation (Sem 5),722823114112,Harini A,3
3811,MECH,5,U23ME592,U23ME592 - Mechanical Design & Automation (Sem 5),722823114112,Harini A,3
3812,MECH,5,U23ME594,U23ME594 - Mechanical Design & Automation (Sem 5),722823114112,Harini A,3
3813,MECH,5,U23ME541,U23ME541 - Mechanical Design & Automation (Sem 5),722823114112,Harini A,3
3814,MECH,5,U23ME405,U23ME405 - Mechanical Design & Automation (Sem 5),722823114113,Jayant S,3
3815,MECH,5,U23ME406,U23ME406 - Mechanical Design & Automation (Sem 5),722823114113,Jayant S,3
3816,MECH,5,U23ME407,U23ME407 - Mechanical Design & Automation (Sem 5),722823114113,Jayant S,3
3817,MECH,5,U23ME522,U23ME522 - Mechanical Design & Automation (Sem 5),722823114113,Jayant S,3
3818,MECH,5,U23AM499,U23AM499 - Machine Learning & Neural Networks (Sem 5),722823114113,Jayant S,3
3819,MECH,5,U23ME484,U23ME484 - Mechanical Design & Automation (Sem 5),722823114113,Jayant S,3
3820,MECH,5,U23ME592,U23ME592 - Mechanical Design & Automation (Sem 5),722823114113,Jayant S,3
3821,MECH,5,U23ME594,U23ME594 - Mechanical Design & Automation (Sem 5),722823114113,Jayant S,3
3822,MECH,5,U23ME541,U23ME541 - Mechanical Design & Automation (Sem 5),722823114113,Jayant S,3
3823,MECH,5,U23ME405,U23ME405 - Mechanical Design & Automation (Sem 5),722823114114,Deepak M,3
3824,MECH,5,U23ME406,U23ME406 - Mechanical Design & Automation (Sem 5),722823114114,Deepak M,3
3825,MECH,5,U23ME407,U23ME407 - Mechanical Design & Automation (Sem 5),722823114114,Deepak M,3
3826,MECH,5,U23ME522,U23ME522 - Mechanical Design & Automation (Sem 5),722823114114,Deepak M,3
3827,MECH,5,U23AM499,U23AM499 - Machine Learning & Neural Networks (Sem 5),722823114114,Deepak M,3
3828,MECH,5,U23ME484,U23ME484 - Mechanical Design & Automation (Sem 5),722823114114,Deepak M,3
3829,MECH,5,U23ME592,U23ME592 - Mechanical Design & Automation (Sem 5),722823114114,Deepak M,3
3830,MECH,5,U23ME594,U23ME594 - Mechanical Design & Automation (Sem 5),722823114114,Deepak M,3
3831,MECH,5,U23ME541,U23ME541 - Mechanical Design & Automation (Sem 5),722823114114,Deepak M,3
3832,MECH,5,U23ME405,U23ME405 - Mechanical Design & Automation (Sem 5),722823114115,Karthik B,3
3833,MECH,5,U23ME406,U23ME406 - Mechanical Design & Automation (Sem 5),722823114115,Karthik B,3
3834,MECH,5,U23ME407,U23ME407 - Mechanical Design & Automation (Sem 5),722823114115,Karthik B,3
3835,MECH,5,U23ME522,U23ME522 - Mechanical Design & Automation (Sem 5),722823114115,Karthik B,3
3836,MECH,5,U23AM499,U23AM499 - Machine Learning & Neural Networks (Sem 5),722823114115,Karthik B,3
3837,MECH,5,U23ME484,U23ME484 - Mechanical Design & Automation (Sem 5),722823114115,Karthik B,3
3838,MECH,5,U23ME592,U23ME592 - Mechanical Design & Automation (Sem 5),722823114115,Karthik B,3
3839,MECH,5,U23ME594,U23ME594 - Mechanical Design & Automation (Sem 5),722823114115,Karthik B,3
3840,MECH,5,U23ME541,U23ME541 - Mechanical Design & Automation (Sem 5),722823114115,Karthik B,3
3841,MECH,5,U23ME405,U23ME405 - Mechanical Design & Automation (Sem 5),722823114116,Bhavana A,3
3842,MECH,5,U23ME406,U23ME406 - Mechanical Design & Automation (Sem 5),722823114116,Bhavana A,3
3843,MECH,5,U23ME407,U23ME407 - Mechanical Design & Automation (Sem 5),722823114116,Bhavana A,3
3844,MECH,5,U23ME522,U23ME522 - Mechanical Design & Automation (Sem 5),722823114116,Bhavana A,3
3845,MECH,5,U23AM499,U23AM499 - Machine Learning & Neural Networks (Sem 5),722823114116,Bhavana A,3
3846,MECH,5,U23ME484,U23ME484 - Mechanical Design & Automation (Sem 5),722823114116,Bhavana A,3
3847,MECH,5,U23ME592,U23ME592 - Mechanical Design & Automation (Sem 5),722823114116,Bhavana A,3
3848,MECH,5,U23ME594,U23ME594 - Mechanical Design & Automation (Sem 5),722823114116,Bhavana A,3
3849,MECH,5,U23ME541,U23ME541 - Mechanical Design & Automation (Sem 5),722823114116,Bhavana A,3
3850,MECH,5,U23ME405,U23ME405 - Mechanical Design & Automation (Sem 5),722823114117,Lakshmi S,3
3851,MECH,5,U23ME406,U23ME406 - Mechanical Design & Automation (Sem 5),722823114117,Lakshmi S,3
3852,MECH,5,U23ME407,U23ME407 - Mechanical Design & Automation (Sem 5),722823114117,Lakshmi S,3
3853,MECH,5,U23ME522,U23ME522 - Mechanical Design & Automation (Sem 5),722823114117,Lakshmi S,3
3854,MECH,5,U23AM499,U23AM499 - Machine Learning & Neural Networks (Sem 5),722823114117,Lakshmi S,3
3855,MECH,5,U23ME484,U23ME484 - Mechanical Design & Automation (Sem 5),722823114117,Lakshmi S,3
3856,MECH,5,U23ME592,U23ME592 - Mechanical Design & Automation (Sem 5),722823114117,Lakshmi S,3
3857,MECH,5,U23ME594,U23ME594 - Mechanical Design & Automation (Sem 5),722823114117,Lakshmi S,3
3858,MECH,5,U23ME541,U23ME541 - Mechanical Design & Automation (Sem 5),722823114117,Lakshmi S,3
3859,MECH,5,U23ME405,U23ME405 - Mechanical Design & Automation (Sem 5),722823114118,Chandran V,3
3860,MECH,5,U23ME406,U23ME406 - Mechanical Design & Automation (Sem 5),722823114118,Chandran V,3
3861,MECH,5,U23ME407,U23ME407 - Mechanical Design & Automation (Sem 5),722823114118,Chandran V,3
3862,MECH,5,U23ME522,U23ME522 - Mechanical Design & Automation (Sem 5),722823114118,Chandran V,3
3863,MECH,5,U23AM499,U23AM499 - Machine Learning & Neural Networks (Sem 5),722823114118,Chandran V,3
3864,MECH,5,U23ME484,U23ME484 - Mechanical Design & Automation (Sem 5),722823114118,Chandran V,3
3865,MECH,5,U23ME592,U23ME592 - Mechanical Design & Automation (Sem 5),722823114118,Chandran V,3
3866,MECH,5,U23ME594,U23ME594 - Mechanical Design & Automation (Sem 5),722823114118,Chandran V,3
3867,MECH,5,U23ME541,U23ME541 - Mechanical Design & Automation (Sem 5),722823114118,Chandran V,3
3868,MECH,5,U23ME405,U23ME405 - Mechanical Design & Automation (Sem 5),722823114119,Kavya N,3
3869,MECH,5,U23ME406,U23ME406 - Mechanical Design & Automation (Sem 5),722823114119,Kavya N,3
3870,MECH,5,U23ME407,U23ME407 - Mechanical Design & Automation (Sem 5),722823114119,Kavya N,3
3871,MECH,5,U23ME522,U23ME522 - Mechanical Design & Automation (Sem 5),722823114119,Kavya N,3
3872,MECH,5,U23AM499,U23AM499 - Machine Learning & Neural Networks (Sem 5),722823114119,Kavya N,3
3873,MECH,5,U23ME484,U23ME484 - Mechanical Design & Automation (Sem 5),722823114119,Kavya N,3
3874,MECH,5,U23ME592,U23ME592 - Mechanical Design & Automation (Sem 5),722823114119,Kavya N,3
3875,MECH,5,U23ME594,U23ME594 - Mechanical Design & Automation (Sem 5),722823114119,Kavya N,3
3876,MECH,5,U23ME541,U23ME541 - Mechanical Design & Automation (Sem 5),722823114119,Kavya N,3
3877,MECH,5,U23ME405,U23ME405 - Mechanical Design & Automation (Sem 5),722823114120,Gokul R,3
3878,MECH,5,U23ME406,U23ME406 - Mechanical Design & Automation (Sem 5),722823114120,Gokul R,3
3879,MECH,5,U23ME407,U23ME407 - Mechanical Design & Automation (Sem 5),722823114120,Gokul R,3
3880,MECH,5,U23ME522,U23ME522 - Mechanical Design & Automation (Sem 5),722823114120,Gokul R,3
3881,MECH,5,U23AM499,U23AM499 - Machine Learning & Neural Networks (Sem 5),722823114120,Gokul R,3
3882,MECH,5,U23ME484,U23ME484 - Mechanical Design & Automation (Sem 5),722823114120,Gokul R,3
3883,MECH,5,U23ME592,U23ME592 - Mechanical Design & Automation (Sem 5),722823114120,Gokul R,3
3884,MECH,5,U23ME594,U23ME594 - Mechanical Design & Automation (Sem 5),722823114120,Gokul R,3
3885,MECH,5,U23ME541,U23ME541 - Mechanical Design & Automation (Sem 5),722823114120,Gokul R,3
3886,MECH,7,U23CB103,U23CB103 - Computer Science & Business Systems (Sem 7),722822114101,Elango T,3
3887,MECH,7,U23CB104,U23CB104 - Computer Science & Business Systems (Sem 7),722822114101,Elango T,3
3888,MECH,7,U23CS588,U23CS588 - Computer Science & Software Systems (Sem 7),722822114101,Elango T,3
3889,MECH,7,U23EE524,U23EE524 - Electrical Power & Energy Engineering (Sem 7),722822114101,Elango T,3
3890,MECH,7,U23AM584,U23AM584 - Machine Learning & Neural Networks (Sem 7),722822114101,Elango T,3
3891,MECH,7,U23ME410,U23ME410 - Mechanical Design & Automation (Sem 7),722822114101,Elango T,3
3892,MECH,7,U23ME552,U23ME552 - Mechanical Design & Automation (Sem 7),722822114101,Elango T,3
3893,MECH,7,U23AM586,U23AM586 - Machine Learning & Neural Networks (Sem 7),722822114101,Elango T,3
3894,MECH,7,U23ME541,U23ME541 - Mechanical Design & Automation (Sem 7),722822114101,Elango T,3
3895,MECH,7,U23CS521,U23CS521 - Computer Science & Software Systems (Sem 7),722822114101,Elango T,3
3896,MECH,7,U23EE522,U23EE522 - Electrical Power & Energy Engineering (Sem 7),722822114101,Elango T,3
3897,MECH,7,U23AM581,U23AM581 - Machine Learning & Neural Networks (Sem 7),722822114101,Elango T,3
3898,MECH,7,U23ME592,U23ME592 - Mechanical Design & Automation (Sem 7),722822114101,Elango T,3
3899,MECH,7,U23ME594,U23ME594 - Mechanical Design & Automation (Sem 7),722822114101,Elango T,3
3900,MECH,7,U23CB103,U23CB103 - Computer Science & Business Systems (Sem 7),722822114102,Lakshmi T,3
3901,MECH,7,U23CB104,U23CB104 - Computer Science & Business Systems (Sem 7),722822114102,Lakshmi T,3
3902,MECH,7,U23CS588,U23CS588 - Computer Science & Software Systems (Sem 7),722822114102,Lakshmi T,3
3903,MECH,7,U23EE524,U23EE524 - Electrical Power & Energy Engineering (Sem 7),722822114102,Lakshmi T,3
3904,MECH,7,U23AM584,U23AM584 - Machine Learning & Neural Networks (Sem 7),722822114102,Lakshmi T,3
3905,MECH,7,U23ME410,U23ME410 - Mechanical Design & Automation (Sem 7),722822114102,Lakshmi T,3
3906,MECH,7,U23ME552,U23ME552 - Mechanical Design & Automation (Sem 7),722822114102,Lakshmi T,3
3907,MECH,7,U23AM586,U23AM586 - Machine Learning & Neural Networks (Sem 7),722822114102,Lakshmi T,3
3908,MECH,7,U23ME541,U23ME541 - Mechanical Design & Automation (Sem 7),722822114102,Lakshmi T,3
3909,MECH,7,U23CS521,U23CS521 - Computer Science & Software Systems (Sem 7),722822114102,Lakshmi T,3
3910,MECH,7,U23EE522,U23EE522 - Electrical Power & Energy Engineering (Sem 7),722822114102,Lakshmi T,3
3911,MECH,7,U23AM581,U23AM581 - Machine Learning & Neural Networks (Sem 7),722822114102,Lakshmi T,3
3912,MECH,7,U23ME592,U23ME592 - Mechanical Design & Automation (Sem 7),722822114102,Lakshmi T,3
3913,MECH,7,U23ME594,U23ME594 - Mechanical Design & Automation (Sem 7),722822114102,Lakshmi T,3
3914,MECH,7,U23CB103,U23CB103 - Computer Science & Business Systems (Sem 7),722822114103,Sanjay V,3
3915,MECH,7,U23CB104,U23CB104 - Computer Science & Business Systems (Sem 7),722822114103,Sanjay V,3
3916,MECH,7,U23CS588,U23CS588 - Computer Science & Software Systems (Sem 7),722822114103,Sanjay V,3
3917,MECH,7,U23EE524,U23EE524 - Electrical Power & Energy Engineering (Sem 7),722822114103,Sanjay V,3
3918,MECH,7,U23AM584,U23AM584 - Machine Learning & Neural Networks (Sem 7),722822114103,Sanjay V,3
3919,MECH,7,U23ME410,U23ME410 - Mechanical Design & Automation (Sem 7),722822114103,Sanjay V,3
3920,MECH,7,U23ME552,U23ME552 - Mechanical Design & Automation (Sem 7),722822114103,Sanjay V,3
3921,MECH,7,U23AM586,U23AM586 - Machine Learning & Neural Networks (Sem 7),722822114103,Sanjay V,3
3922,MECH,7,U23ME541,U23ME541 - Mechanical Design & Automation (Sem 7),722822114103,Sanjay V,3
3923,MECH,7,U23CS521,U23CS521 - Computer Science & Software Systems (Sem 7),722822114103,Sanjay V,3
3924,MECH,7,U23EE522,U23EE522 - Electrical Power & Energy Engineering (Sem 7),722822114103,Sanjay V,3
3925,MECH,7,U23AM581,U23AM581 - Machine Learning & Neural Networks (Sem 7),722822114103,Sanjay V,3
3926,MECH,7,U23ME592,U23ME592 - Mechanical Design & Automation (Sem 7),722822114103,Sanjay V,3
3927,MECH,7,U23ME594,U23ME594 - Mechanical Design & Automation (Sem 7),722822114103,Sanjay V,3
3928,MECH,7,U23CB103,U23CB103 - Computer Science & Business Systems (Sem 7),722822114104,Gokul V,3
3929,MECH,7,U23CB104,U23CB104 - Computer Science & Business Systems (Sem 7),722822114104,Gokul V,3
3930,MECH,7,U23CS588,U23CS588 - Computer Science & Software Systems (Sem 7),722822114104,Gokul V,3
3931,MECH,7,U23EE524,U23EE524 - Electrical Power & Energy Engineering (Sem 7),722822114104,Gokul V,3
3932,MECH,7,U23AM584,U23AM584 - Machine Learning & Neural Networks (Sem 7),722822114104,Gokul V,3
3933,MECH,7,U23ME410,U23ME410 - Mechanical Design & Automation (Sem 7),722822114104,Gokul V,3
3934,MECH,7,U23ME552,U23ME552 - Mechanical Design & Automation (Sem 7),722822114104,Gokul V,3
3935,MECH,7,U23AM586,U23AM586 - Machine Learning & Neural Networks (Sem 7),722822114104,Gokul V,3
3936,MECH,7,U23ME541,U23ME541 - Mechanical Design & Automation (Sem 7),722822114104,Gokul V,3
3937,MECH,7,U23CS521,U23CS521 - Computer Science & Software Systems (Sem 7),722822114104,Gokul V,3
3938,MECH,7,U23EE522,U23EE522 - Electrical Power & Energy Engineering (Sem 7),722822114104,Gokul V,3
3939,MECH,7,U23AM581,U23AM581 - Machine Learning & Neural Networks (Sem 7),722822114104,Gokul V,3
3940,MECH,7,U23ME592,U23ME592 - Mechanical Design & Automation (Sem 7),722822114104,Gokul V,3
3941,MECH,7,U23ME594,U23ME594 - Mechanical Design & Automation (Sem 7),722822114104,Gokul V,3
3942,MECH,7,U23CB103,U23CB103 - Computer Science & Business Systems (Sem 7),722822114105,Rahul V,3
3943,MECH,7,U23CB104,U23CB104 - Computer Science & Business Systems (Sem 7),722822114105,Rahul V,3
3944,MECH,7,U23CS588,U23CS588 - Computer Science & Software Systems (Sem 7),722822114105,Rahul V,3
3945,MECH,7,U23EE524,U23EE524 - Electrical Power & Energy Engineering (Sem 7),722822114105,Rahul V,3
3946,MECH,7,U23AM584,U23AM584 - Machine Learning & Neural Networks (Sem 7),722822114105,Rahul V,3
3947,MECH,7,U23ME410,U23ME410 - Mechanical Design & Automation (Sem 7),722822114105,Rahul V,3
3948,MECH,7,U23ME552,U23ME552 - Mechanical Design & Automation (Sem 7),722822114105,Rahul V,3
3949,MECH,7,U23AM586,U23AM586 - Machine Learning & Neural Networks (Sem 7),722822114105,Rahul V,3
3950,MECH,7,U23ME541,U23ME541 - Mechanical Design & Automation (Sem 7),722822114105,Rahul V,3
3951,MECH,7,U23CS521,U23CS521 - Computer Science & Software Systems (Sem 7),722822114105,Rahul V,3
3952,MECH,7,U23EE522,U23EE522 - Electrical Power & Energy Engineering (Sem 7),722822114105,Rahul V,3
3953,MECH,7,U23AM581,U23AM581 - Machine Learning & Neural Networks (Sem 7),722822114105,Rahul V,3
3954,MECH,7,U23ME592,U23ME592 - Mechanical Design & Automation (Sem 7),722822114105,Rahul V,3
3955,MECH,7,U23ME594,U23ME594 - Mechanical Design & Automation (Sem 7),722822114105,Rahul V,3
3956,MECH,7,U23CB103,U23CB103 - Computer Science & Business Systems (Sem 7),722822114106,Kavya K,3
3957,MECH,7,U23CB104,U23CB104 - Computer Science & Business Systems (Sem 7),722822114106,Kavya K,3
3958,MECH,7,U23CS588,U23CS588 - Computer Science & Software Systems (Sem 7),722822114106,Kavya K,3
3959,MECH,7,U23EE524,U23EE524 - Electrical Power & Energy Engineering (Sem 7),722822114106,Kavya K,3
3960,MECH,7,U23AM584,U23AM584 - Machine Learning & Neural Networks (Sem 7),722822114106,Kavya K,3
3961,MECH,7,U23ME410,U23ME410 - Mechanical Design & Automation (Sem 7),722822114106,Kavya K,3
3962,MECH,7,U23ME552,U23ME552 - Mechanical Design & Automation (Sem 7),722822114106,Kavya K,3
3963,MECH,7,U23AM586,U23AM586 - Machine Learning & Neural Networks (Sem 7),722822114106,Kavya K,3
3964,MECH,7,U23ME541,U23ME541 - Mechanical Design & Automation (Sem 7),722822114106,Kavya K,3
3965,MECH,7,U23CS521,U23CS521 - Computer Science & Software Systems (Sem 7),722822114106,Kavya K,3
3966,MECH,7,U23EE522,U23EE522 - Electrical Power & Energy Engineering (Sem 7),722822114106,Kavya K,3
3967,MECH,7,U23AM581,U23AM581 - Machine Learning & Neural Networks (Sem 7),722822114106,Kavya K,3
3968,MECH,7,U23ME592,U23ME592 - Mechanical Design & Automation (Sem 7),722822114106,Kavya K,3
3969,MECH,7,U23ME594,U23ME594 - Mechanical Design & Automation (Sem 7),722822114106,Kavya K,3
3970,MECH,7,U23CB103,U23CB103 - Computer Science & Business Systems (Sem 7),722822114107,Pavithra K,3
3971,MECH,7,U23CB104,U23CB104 - Computer Science & Business Systems (Sem 7),722822114107,Pavithra K,3
3972,MECH,7,U23CS588,U23CS588 - Computer Science & Software Systems (Sem 7),722822114107,Pavithra K,3
3973,MECH,7,U23EE524,U23EE524 - Electrical Power & Energy Engineering (Sem 7),722822114107,Pavithra K,3
3974,MECH,7,U23AM584,U23AM584 - Machine Learning & Neural Networks (Sem 7),722822114107,Pavithra K,3
3975,MECH,7,U23ME410,U23ME410 - Mechanical Design & Automation (Sem 7),722822114107,Pavithra K,3
3976,MECH,7,U23ME552,U23ME552 - Mechanical Design & Automation (Sem 7),722822114107,Pavithra K,3
3977,MECH,7,U23AM586,U23AM586 - Machine Learning & Neural Networks (Sem 7),722822114107,Pavithra K,3
3978,MECH,7,U23ME541,U23ME541 - Mechanical Design & Automation (Sem 7),722822114107,Pavithra K,3
3979,MECH,7,U23CS521,U23CS521 - Computer Science & Software Systems (Sem 7),722822114107,Pavithra K,3
3980,MECH,7,U23EE522,U23EE522 - Electrical Power & Energy Engineering (Sem 7),722822114107,Pavithra K,3
3981,MECH,7,U23AM581,U23AM581 - Machine Learning & Neural Networks (Sem 7),722822114107,Pavithra K,3
3982,MECH,7,U23ME592,U23ME592 - Mechanical Design & Automation (Sem 7),722822114107,Pavithra K,3
3983,MECH,7,U23ME594,U23ME594 - Mechanical Design & Automation (Sem 7),722822114107,Pavithra K,3
3984,MECH,7,U23CB103,U23CB103 - Computer Science & Business Systems (Sem 7),722822114108,Elango R,3
3985,MECH,7,U23CB104,U23CB104 - Computer Science & Business Systems (Sem 7),722822114108,Elango R,3
3986,MECH,7,U23CS588,U23CS588 - Computer Science & Software Systems (Sem 7),722822114108,Elango R,3
3987,MECH,7,U23EE524,U23EE524 - Electrical Power & Energy Engineering (Sem 7),722822114108,Elango R,3
3988,MECH,7,U23AM584,U23AM584 - Machine Learning & Neural Networks (Sem 7),722822114108,Elango R,3
3989,MECH,7,U23ME410,U23ME410 - Mechanical Design & Automation (Sem 7),722822114108,Elango R,3
3990,MECH,7,U23ME552,U23ME552 - Mechanical Design & Automation (Sem 7),722822114108,Elango R,3
3991,MECH,7,U23AM586,U23AM586 - Machine Learning & Neural Networks (Sem 7),722822114108,Elango R,3
3992,MECH,7,U23ME541,U23ME541 - Mechanical Design & Automation (Sem 7),722822114108,Elango R,3
3993,MECH,7,U23CS521,U23CS521 - Computer Science & Software Systems (Sem 7),722822114108,Elango R,3
3994,MECH,7,U23EE522,U23EE522 - Electrical Power & Energy Engineering (Sem 7),722822114108,Elango R,3
3995,MECH,7,U23AM581,U23AM581 - Machine Learning & Neural Networks (Sem 7),722822114108,Elango R,3
3996,MECH,7,U23ME592,U23ME592 - Mechanical Design & Automation (Sem 7),722822114108,Elango R,3
3997,MECH,7,U23ME594,U23ME594 - Mechanical Design & Automation (Sem 7),722822114108,Elango R,3
3998,MECH,7,U23CB103,U23CB103 - Computer Science & Business Systems (Sem 7),722822114109,Manoj T,3
3999,MECH,7,U23CB104,U23CB104 - Computer Science & Business Systems (Sem 7),722822114109,Manoj T,3
4000,MECH,7,U23CS588,U23CS588 - Computer Science & Software Systems (Sem 7),722822114109,Manoj T,3
4001,MECH,7,U23EE524,U23EE524 - Electrical Power & Energy Engineering (Sem 7),722822114109,Manoj T,3
4002,MECH,7,U23AM584,U23AM584 - Machine Learning & Neural Networks (Sem 7),722822114109,Manoj T,3
4003,MECH,7,U23ME410,U23ME410 - Mechanical Design & Automation (Sem 7),722822114109,Manoj T,3
4004,MECH,7,U23ME552,U23ME552 - Mechanical Design & Automation (Sem 7),722822114109,Manoj T,3
4005,MECH,7,U23AM586,U23AM586 - Machine Learning & Neural Networks (Sem 7),722822114109,Manoj T,3
4006,MECH,7,U23ME541,U23ME541 - Mechanical Design & Automation (Sem 7),722822114109,Manoj T,3
4007,MECH,7,U23CS521,U23CS521 - Computer Science & Software Systems (Sem 7),722822114109,Manoj T,3
4008,MECH,7,U23EE522,U23EE522 - Electrical Power & Energy Engineering (Sem 7),722822114109,Manoj T,3
4009,MECH,7,U23AM581,U23AM581 - Machine Learning & Neural Networks (Sem 7),722822114109,Manoj T,3
4010,MECH,7,U23ME592,U23ME592 - Mechanical Design & Automation (Sem 7),722822114109,Manoj T,3
4011,MECH,7,U23ME594,U23ME594 - Mechanical Design & Automation (Sem 7),722822114109,Manoj T,3
4012,MECH,7,U23CB103,U23CB103 - Computer Science & Business Systems (Sem 7),722822114110,Lakshmi K,3
4013,MECH,7,U23CB104,U23CB104 - Computer Science & Business Systems (Sem 7),722822114110,Lakshmi K,3
4014,MECH,7,U23CS588,U23CS588 - Computer Science & Software Systems (Sem 7),722822114110,Lakshmi K,3
4015,MECH,7,U23EE524,U23EE524 - Electrical Power & Energy Engineering (Sem 7),722822114110,Lakshmi K,3
4016,MECH,7,U23AM584,U23AM584 - Machine Learning & Neural Networks (Sem 7),722822114110,Lakshmi K,3
4017,MECH,7,U23ME410,U23ME410 - Mechanical Design & Automation (Sem 7),722822114110,Lakshmi K,3
4018,MECH,7,U23ME552,U23ME552 - Mechanical Design & Automation (Sem 7),722822114110,Lakshmi K,3
4019,MECH,7,U23AM586,U23AM586 - Machine Learning & Neural Networks (Sem 7),722822114110,Lakshmi K,3
4020,MECH,7,U23ME541,U23ME541 - Mechanical Design & Automation (Sem 7),722822114110,Lakshmi K,3
4021,MECH,7,U23CS521,U23CS521 - Computer Science & Software Systems (Sem 7),722822114110,Lakshmi K,3
4022,MECH,7,U23EE522,U23EE522 - Electrical Power & Energy Engineering (Sem 7),722822114110,Lakshmi K,3
4023,MECH,7,U23AM581,U23AM581 - Machine Learning & Neural Networks (Sem 7),722822114110,Lakshmi K,3
4024,MECH,7,U23ME592,U23ME592 - Mechanical Design & Automation (Sem 7),722822114110,Lakshmi K,3
4025,MECH,7,U23ME594,U23ME594 - Mechanical Design & Automation (Sem 7),722822114110,Lakshmi K,3
4026,MECH,7,U23CB103,U23CB103 - Computer Science & Business Systems (Sem 7),722822114111,Manoj M,3
4027,MECH,7,U23CB104,U23CB104 - Computer Science & Business Systems (Sem 7),722822114111,Manoj M,3
4028,MECH,7,U23CS588,U23CS588 - Computer Science & Software Systems (Sem 7),722822114111,Manoj M,3
4029,MECH,7,U23EE524,U23EE524 - Electrical Power & Energy Engineering (Sem 7),722822114111,Manoj M,3
4030,MECH,7,U23AM584,U23AM584 - Machine Learning & Neural Networks (Sem 7),722822114111,Manoj M,3
4031,MECH,7,U23ME410,U23ME410 - Mechanical Design & Automation (Sem 7),722822114111,Manoj M,3
4032,MECH,7,U23ME552,U23ME552 - Mechanical Design & Automation (Sem 7),722822114111,Manoj M,3
4033,MECH,7,U23AM586,U23AM586 - Machine Learning & Neural Networks (Sem 7),722822114111,Manoj M,3
4034,MECH,7,U23ME541,U23ME541 - Mechanical Design & Automation (Sem 7),722822114111,Manoj M,3
4035,MECH,7,U23CS521,U23CS521 - Computer Science & Software Systems (Sem 7),722822114111,Manoj M,3
4036,MECH,7,U23EE522,U23EE522 - Electrical Power & Energy Engineering (Sem 7),722822114111,Manoj M,3
4037,MECH,7,U23AM581,U23AM581 - Machine Learning & Neural Networks (Sem 7),722822114111,Manoj M,3
4038,MECH,7,U23ME592,U23ME592 - Mechanical Design & Automation (Sem 7),722822114111,Manoj M,3
4039,MECH,7,U23ME594,U23ME594 - Mechanical Design & Automation (Sem 7),722822114111,Manoj M,3
4040,MECH,7,U23CB103,U23CB103 - Computer Science & Business Systems (Sem 7),722822114112,Jayant T,3
4041,MECH,7,U23CB104,U23CB104 - Computer Science & Business Systems (Sem 7),722822114112,Jayant T,3
4042,MECH,7,U23CS588,U23CS588 - Computer Science & Software Systems (Sem 7),722822114112,Jayant T,3
4043,MECH,7,U23EE524,U23EE524 - Electrical Power & Energy Engineering (Sem 7),722822114112,Jayant T,3
4044,MECH,7,U23AM584,U23AM584 - Machine Learning & Neural Networks (Sem 7),722822114112,Jayant T,3
4045,MECH,7,U23ME410,U23ME410 - Mechanical Design & Automation (Sem 7),722822114112,Jayant T,3
4046,MECH,7,U23ME552,U23ME552 - Mechanical Design & Automation (Sem 7),722822114112,Jayant T,3
4047,MECH,7,U23AM586,U23AM586 - Machine Learning & Neural Networks (Sem 7),722822114112,Jayant T,3
4048,MECH,7,U23ME541,U23ME541 - Mechanical Design & Automation (Sem 7),722822114112,Jayant T,3
4049,MECH,7,U23CS521,U23CS521 - Computer Science & Software Systems (Sem 7),722822114112,Jayant T,3
4050,MECH,7,U23EE522,U23EE522 - Electrical Power & Energy Engineering (Sem 7),722822114112,Jayant T,3
4051,MECH,7,U23AM581,U23AM581 - Machine Learning & Neural Networks (Sem 7),722822114112,Jayant T,3
4052,MECH,7,U23ME592,U23ME592 - Mechanical Design & Automation (Sem 7),722822114112,Jayant T,3
4053,MECH,7,U23ME594,U23ME594 - Mechanical Design & Automation (Sem 7),722822114112,Jayant T,3
4054,MECH,7,U23CB103,U23CB103 - Computer Science & Business Systems (Sem 7),722822114113,Deepak B,3
4055,MECH,7,U23CB104,U23CB104 - Computer Science & Business Systems (Sem 7),722822114113,Deepak B,3
4056,MECH,7,U23CS588,U23CS588 - Computer Science & Software Systems (Sem 7),722822114113,Deepak B,3
4057,MECH,7,U23EE524,U23EE524 - Electrical Power & Energy Engineering (Sem 7),722822114113,Deepak B,3
4058,MECH,7,U23AM584,U23AM584 - Machine Learning & Neural Networks (Sem 7),722822114113,Deepak B,3
4059,MECH,7,U23ME410,U23ME410 - Mechanical Design & Automation (Sem 7),722822114113,Deepak B,3
4060,MECH,7,U23ME552,U23ME552 - Mechanical Design & Automation (Sem 7),722822114113,Deepak B,3
4061,MECH,7,U23AM586,U23AM586 - Machine Learning & Neural Networks (Sem 7),722822114113,Deepak B,3
4062,MECH,7,U23ME541,U23ME541 - Mechanical Design & Automation (Sem 7),722822114113,Deepak B,3
4063,MECH,7,U23CS521,U23CS521 - Computer Science & Software Systems (Sem 7),722822114113,Deepak B,3
4064,MECH,7,U23EE522,U23EE522 - Electrical Power & Energy Engineering (Sem 7),722822114113,Deepak B,3
4065,MECH,7,U23AM581,U23AM581 - Machine Learning & Neural Networks (Sem 7),722822114113,Deepak B,3
4066,MECH,7,U23ME592,U23ME592 - Mechanical Design & Automation (Sem 7),722822114113,Deepak B,3
4067,MECH,7,U23ME594,U23ME594 - Mechanical Design & Automation (Sem 7),722822114113,Deepak B,3
4068,MECH,7,U23CB103,U23CB103 - Computer Science & Business Systems (Sem 7),722822114114,Lakshmi V,3
4069,MECH,7,U23CB104,U23CB104 - Computer Science & Business Systems (Sem 7),722822114114,Lakshmi V,3
4070,MECH,7,U23CS588,U23CS588 - Computer Science & Software Systems (Sem 7),722822114114,Lakshmi V,3
4071,MECH,7,U23EE524,U23EE524 - Electrical Power & Energy Engineering (Sem 7),722822114114,Lakshmi V,3
4072,MECH,7,U23AM584,U23AM584 - Machine Learning & Neural Networks (Sem 7),722822114114,Lakshmi V,3
4073,MECH,7,U23ME410,U23ME410 - Mechanical Design & Automation (Sem 7),722822114114,Lakshmi V,3
4074,MECH,7,U23ME552,U23ME552 - Mechanical Design & Automation (Sem 7),722822114114,Lakshmi V,3
4075,MECH,7,U23AM586,U23AM586 - Machine Learning & Neural Networks (Sem 7),722822114114,Lakshmi V,3
4076,MECH,7,U23ME541,U23ME541 - Mechanical Design & Automation (Sem 7),722822114114,Lakshmi V,3
4077,MECH,7,U23CS521,U23CS521 - Computer Science & Software Systems (Sem 7),722822114114,Lakshmi V,3
4078,MECH,7,U23EE522,U23EE522 - Electrical Power & Energy Engineering (Sem 7),722822114114,Lakshmi V,3
4079,MECH,7,U23AM581,U23AM581 - Machine Learning & Neural Networks (Sem 7),722822114114,Lakshmi V,3
4080,MECH,7,U23ME592,U23ME592 - Mechanical Design & Automation (Sem 7),722822114114,Lakshmi V,3
4081,MECH,7,U23ME594,U23ME594 - Mechanical Design & Automation (Sem 7),722822114114,Lakshmi V,3
4082,MECH,7,U23CB103,U23CB103 - Computer Science & Business Systems (Sem 7),722822114115,Vidyut N,3
4083,MECH,7,U23CB104,U23CB104 - Computer Science & Business Systems (Sem 7),722822114115,Vidyut N,3
4084,MECH,7,U23CS588,U23CS588 - Computer Science & Software Systems (Sem 7),722822114115,Vidyut N,3
4085,MECH,7,U23EE524,U23EE524 - Electrical Power & Energy Engineering (Sem 7),722822114115,Vidyut N,3
4086,MECH,7,U23AM584,U23AM584 - Machine Learning & Neural Networks (Sem 7),722822114115,Vidyut N,3
4087,MECH,7,U23ME410,U23ME410 - Mechanical Design & Automation (Sem 7),722822114115,Vidyut N,3
4088,MECH,7,U23ME552,U23ME552 - Mechanical Design & Automation (Sem 7),722822114115,Vidyut N,3
4089,MECH,7,U23AM586,U23AM586 - Machine Learning & Neural Networks (Sem 7),722822114115,Vidyut N,3
4090,MECH,7,U23ME541,U23ME541 - Mechanical Design & Automation (Sem 7),722822114115,Vidyut N,3
4091,MECH,7,U23CS521,U23CS521 - Computer Science & Software Systems (Sem 7),722822114115,Vidyut N,3
4092,MECH,7,U23EE522,U23EE522 - Electrical Power & Energy Engineering (Sem 7),722822114115,Vidyut N,3
4093,MECH,7,U23AM581,U23AM581 - Machine Learning & Neural Networks (Sem 7),722822114115,Vidyut N,3
4094,MECH,7,U23ME592,U23ME592 - Mechanical Design & Automation (Sem 7),722822114115,Vidyut N,3
4095,MECH,7,U23ME594,U23ME594 - Mechanical Design & Automation (Sem 7),722822114115,Vidyut N,3
4096,MECH,7,U23CB103,U23CB103 - Computer Science & Business Systems (Sem 7),722822114116,Lakshmi K,3
4097,MECH,7,U23CB104,U23CB104 - Computer Science & Business Systems (Sem 7),722822114116,Lakshmi K,3
4098,MECH,7,U23CS588,U23CS588 - Computer Science & Software Systems (Sem 7),722822114116,Lakshmi K,3
4099,MECH,7,U23EE524,U23EE524 - Electrical Power & Energy Engineering (Sem 7),722822114116,Lakshmi K,3
4100,MECH,7,U23AM584,U23AM584 - Machine Learning & Neural Networks (Sem 7),722822114116,Lakshmi K,3
4101,MECH,7,U23ME410,U23ME410 - Mechanical Design & Automation (Sem 7),722822114116,Lakshmi K,3
4102,MECH,7,U23ME552,U23ME552 - Mechanical Design & Automation (Sem 7),722822114116,Lakshmi K,3
4103,MECH,7,U23AM586,U23AM586 - Machine Learning & Neural Networks (Sem 7),722822114116,Lakshmi K,3
4104,MECH,7,U23ME541,U23ME541 - Mechanical Design & Automation (Sem 7),722822114116,Lakshmi K,3
4105,MECH,7,U23CS521,U23CS521 - Computer Science & Software Systems (Sem 7),722822114116,Lakshmi K,3
4106,MECH,7,U23EE522,U23EE522 - Electrical Power & Energy Engineering (Sem 7),722822114116,Lakshmi K,3
4107,MECH,7,U23AM581,U23AM581 - Machine Learning & Neural Networks (Sem 7),722822114116,Lakshmi K,3
4108,MECH,7,U23ME592,U23ME592 - Mechanical Design & Automation (Sem 7),722822114116,Lakshmi K,3
4109,MECH,7,U23ME594,U23ME594 - Mechanical Design & Automation (Sem 7),722822114116,Lakshmi K,3
4110,MECH,7,U23CB103,U23CB103 - Computer Science & Business Systems (Sem 7),722822114117,Ishwarya B,3
4111,MECH,7,U23CB104,U23CB104 - Computer Science & Business Systems (Sem 7),722822114117,Ishwarya B,3
4112,MECH,7,U23CS588,U23CS588 - Computer Science & Software Systems (Sem 7),722822114117,Ishwarya B,3
4113,MECH,7,U23EE524,U23EE524 - Electrical Power & Energy Engineering (Sem 7),722822114117,Ishwarya B,3
4114,MECH,7,U23AM584,U23AM584 - Machine Learning & Neural Networks (Sem 7),722822114117,Ishwarya B,3
4115,MECH,7,U23ME410,U23ME410 - Mechanical Design & Automation (Sem 7),722822114117,Ishwarya B,3
4116,MECH,7,U23ME552,U23ME552 - Mechanical Design & Automation (Sem 7),722822114117,Ishwarya B,3
4117,MECH,7,U23AM586,U23AM586 - Machine Learning & Neural Networks (Sem 7),722822114117,Ishwarya B,3
4118,MECH,7,U23ME541,U23ME541 - Mechanical Design & Automation (Sem 7),722822114117,Ishwarya B,3
4119,MECH,7,U23CS521,U23CS521 - Computer Science & Software Systems (Sem 7),722822114117,Ishwarya B,3
4120,MECH,7,U23EE522,U23EE522 - Electrical Power & Energy Engineering (Sem 7),722822114117,Ishwarya B,3
4121,MECH,7,U23AM581,U23AM581 - Machine Learning & Neural Networks (Sem 7),722822114117,Ishwarya B,3
4122,MECH,7,U23ME592,U23ME592 - Mechanical Design & Automation (Sem 7),722822114117,Ishwarya B,3
4123,MECH,7,U23ME594,U23ME594 - Mechanical Design & Automation (Sem 7),722822114117,Ishwarya B,3
4124,MECH,7,U23CB103,U23CB103 - Computer Science & Business Systems (Sem 7),722822114118,Aravind A,3
4125,MECH,7,U23CB104,U23CB104 - Computer Science & Business Systems (Sem 7),722822114118,Aravind A,3
4126,MECH,7,U23CS588,U23CS588 - Computer Science & Software Systems (Sem 7),722822114118,Aravind A,3
4127,MECH,7,U23EE524,U23EE524 - Electrical Power & Energy Engineering (Sem 7),722822114118,Aravind A,3
4128,MECH,7,U23AM584,U23AM584 - Machine Learning & Neural Networks (Sem 7),722822114118,Aravind A,3
4129,MECH,7,U23ME410,U23ME410 - Mechanical Design & Automation (Sem 7),722822114118,Aravind A,3
4130,MECH,7,U23ME552,U23ME552 - Mechanical Design & Automation (Sem 7),722822114118,Aravind A,3
4131,MECH,7,U23AM586,U23AM586 - Machine Learning & Neural Networks (Sem 7),722822114118,Aravind A,3
4132,MECH,7,U23ME541,U23ME541 - Mechanical Design & Automation (Sem 7),722822114118,Aravind A,3
4133,MECH,7,U23CS521,U23CS521 - Computer Science & Software Systems (Sem 7),722822114118,Aravind A,3
4134,MECH,7,U23EE522,U23EE522 - Electrical Power & Energy Engineering (Sem 7),722822114118,Aravind A,3
4135,MECH,7,U23AM581,U23AM581 - Machine Learning & Neural Networks (Sem 7),722822114118,Aravind A,3
4136,MECH,7,U23ME592,U23ME592 - Mechanical Design & Automation (Sem 7),722822114118,Aravind A,3
4137,MECH,7,U23ME594,U23ME594 - Mechanical Design & Automation (Sem 7),722822114118,Aravind A,3
4138,MECH,7,U23CB103,U23CB103 - Computer Science & Business Systems (Sem 7),722822114119,Swetha P,3
4139,MECH,7,U23CB104,U23CB104 - Computer Science & Business Systems (Sem 7),722822114119,Swetha P,3
4140,MECH,7,U23CS588,U23CS588 - Computer Science & Software Systems (Sem 7),722822114119,Swetha P,3
4141,MECH,7,U23EE524,U23EE524 - Electrical Power & Energy Engineering (Sem 7),722822114119,Swetha P,3
4142,MECH,7,U23AM584,U23AM584 - Machine Learning & Neural Networks (Sem 7),722822114119,Swetha P,3
4143,MECH,7,U23ME410,U23ME410 - Mechanical Design & Automation (Sem 7),722822114119,Swetha P,3
4144,MECH,7,U23ME552,U23ME552 - Mechanical Design & Automation (Sem 7),722822114119,Swetha P,3
4145,MECH,7,U23AM586,U23AM586 - Machine Learning & Neural Networks (Sem 7),722822114119,Swetha P,3
4146,MECH,7,U23ME541,U23ME541 - Mechanical Design & Automation (Sem 7),722822114119,Swetha P,3
4147,MECH,7,U23CS521,U23CS521 - Computer Science & Software Systems (Sem 7),722822114119,Swetha P,3
4148,MECH,7,U23EE522,U23EE522 - Electrical Power & Energy Engineering (Sem 7),722822114119,Swetha P,3
4149,MECH,7,U23AM581,U23AM581 - Machine Learning & Neural Networks (Sem 7),722822114119,Swetha P,3
4150,MECH,7,U23ME592,U23ME592 - Mechanical Design & Automation (Sem 7),722822114119,Swetha P,3
4151,MECH,7,U23ME594,U23ME594 - Mechanical Design & Automation (Sem 7),722822114119,Swetha P,3
4152,MECH,7,U23CB103,U23CB103 - Computer Science & Business Systems (Sem 7),722822114120,Yash R,3
4153,MECH,7,U23CB104,U23CB104 - Computer Science & Business Systems (Sem 7),722822114120,Yash R,3
4154,MECH,7,U23CS588,U23CS588 - Computer Science & Software Systems (Sem 7),722822114120,Yash R,3
4155,MECH,7,U23EE524,U23EE524 - Electrical Power & Energy Engineering (Sem 7),722822114120,Yash R,3
4156,MECH,7,U23AM584,U23AM584 - Machine Learning & Neural Networks (Sem 7),722822114120,Yash R,3
4157,MECH,7,U23ME410,U23ME410 - Mechanical Design & Automation (Sem 7),722822114120,Yash R,3
4158,MECH,7,U23ME552,U23ME552 - Mechanical Design & Automation (Sem 7),722822114120,Yash R,3
4159,MECH,7,U23AM586,U23AM586 - Machine Learning & Neural Networks (Sem 7),722822114120,Yash R,3
4160,MECH,7,U23ME541,U23ME541 - Mechanical Design & Automation (Sem 7),722822114120,Yash R,3
4161,MECH,7,U23CS521,U23CS521 - Computer Science & Software Systems (Sem 7),722822114120,Yash R,3
4162,MECH,7,U23EE522,U23EE522 - Electrical Power & Energy Engineering (Sem 7),722822114120,Yash R,3
4163,MECH,7,U23AM581,U23AM581 - Machine Learning & Neural Networks (Sem 7),722822114120,Yash R,3
4164,MECH,7,U23ME592,U23ME592 - Mechanical Design & Automation (Sem 7),722822114120,Yash R,3
4165,MECH,7,U23ME594,U23ME594 - Mechanical Design & Automation (Sem 7),722822114120,Yash R,3
4166,CCE,3,U23MA207,U23MA207 - Advanced Mathematics & Statistics (Sem 3),722824134101,Chandran B,3
4167,CCE,3,U23CS403,U23CS403 - Computer Science & Software Systems (Sem 3),722824134101,Chandran B,3
4168,CCE,3,U23CS404,U23CS404 - Computer Science & Software Systems (Sem 3),722824134101,Chandran B,3
4169,CCE,3,U23EC382,U23EC382 - Electronics & Communication Systems (Sem 3),722824134101,Chandran B,3
4170,CCE,3,U23CS491,U23CS491 - Computer Science & Software Systems (Sem 3),722824134101,Chandran B,3
4171,CCE,3,U23MA207,U23MA207 - Advanced Mathematics & Statistics (Sem 3),722824134102,Karthik N,3
4172,CCE,3,U23CS403,U23CS403 - Computer Science & Software Systems (Sem 3),722824134102,Karthik N,3
4173,CCE,3,U23CS404,U23CS404 - Computer Science & Software Systems (Sem 3),722824134102,Karthik N,3
4174,CCE,3,U23EC382,U23EC382 - Electronics & Communication Systems (Sem 3),722824134102,Karthik N,3
4175,CCE,3,U23CS491,U23CS491 - Computer Science & Software Systems (Sem 3),722824134102,Karthik N,3
4176,CCE,3,U23MA207,U23MA207 - Advanced Mathematics & Statistics (Sem 3),722824134103,Deepak S,3
4177,CCE,3,U23CS403,U23CS403 - Computer Science & Software Systems (Sem 3),722824134103,Deepak S,3
4178,CCE,3,U23CS404,U23CS404 - Computer Science & Software Systems (Sem 3),722824134103,Deepak S,3
4179,CCE,3,U23EC382,U23EC382 - Electronics & Communication Systems (Sem 3),722824134103,Deepak S,3
4180,CCE,3,U23CS491,U23CS491 - Computer Science & Software Systems (Sem 3),722824134103,Deepak S,3
4181,CCE,3,U23MA207,U23MA207 - Advanced Mathematics & Statistics (Sem 3),722824134104,Bhavana M,3
4182,CCE,3,U23CS403,U23CS403 - Computer Science & Software Systems (Sem 3),722824134104,Bhavana M,3
4183,CCE,3,U23CS404,U23CS404 - Computer Science & Software Systems (Sem 3),722824134104,Bhavana M,3
4184,CCE,3,U23EC382,U23EC382 - Electronics & Communication Systems (Sem 3),722824134104,Bhavana M,3
4185,CCE,3,U23CS491,U23CS491 - Computer Science & Software Systems (Sem 3),722824134104,Bhavana M,3
4186,CCE,3,U23MA207,U23MA207 - Advanced Mathematics & Statistics (Sem 3),722824134105,Karthik B,3
4187,CCE,3,U23CS403,U23CS403 - Computer Science & Software Systems (Sem 3),722824134105,Karthik B,3
4188,CCE,3,U23CS404,U23CS404 - Computer Science & Software Systems (Sem 3),722824134105,Karthik B,3
4189,CCE,3,U23EC382,U23EC382 - Electronics & Communication Systems (Sem 3),722824134105,Karthik B,3
4190,CCE,3,U23CS491,U23CS491 - Computer Science & Software Systems (Sem 3),722824134105,Karthik B,3
4191,CCE,3,U23MA207,U23MA207 - Advanced Mathematics & Statistics (Sem 3),722824134106,Deepak K,3
4192,CCE,3,U23CS403,U23CS403 - Computer Science & Software Systems (Sem 3),722824134106,Deepak K,3
4193,CCE,3,U23CS404,U23CS404 - Computer Science & Software Systems (Sem 3),722824134106,Deepak K,3
4194,CCE,3,U23EC382,U23EC382 - Electronics & Communication Systems (Sem 3),722824134106,Deepak K,3
4195,CCE,3,U23CS491,U23CS491 - Computer Science & Software Systems (Sem 3),722824134106,Deepak K,3
4196,CCE,3,U23MA207,U23MA207 - Advanced Mathematics & Statistics (Sem 3),722824134107,Ishwarya T,3
4197,CCE,3,U23CS403,U23CS403 - Computer Science & Software Systems (Sem 3),722824134107,Ishwarya T,3
4198,CCE,3,U23CS404,U23CS404 - Computer Science & Software Systems (Sem 3),722824134107,Ishwarya T,3
4199,CCE,3,U23EC382,U23EC382 - Electronics & Communication Systems (Sem 3),722824134107,Ishwarya T,3
4200,CCE,3,U23CS491,U23CS491 - Computer Science & Software Systems (Sem 3),722824134107,Ishwarya T,3
4201,CCE,3,U23MA207,U23MA207 - Advanced Mathematics & Statistics (Sem 3),722824134108,Elango N,3
4202,CCE,3,U23CS403,U23CS403 - Computer Science & Software Systems (Sem 3),722824134108,Elango N,3
4203,CCE,3,U23CS404,U23CS404 - Computer Science & Software Systems (Sem 3),722824134108,Elango N,3
4204,CCE,3,U23EC382,U23EC382 - Electronics & Communication Systems (Sem 3),722824134108,Elango N,3
4205,CCE,3,U23CS491,U23CS491 - Computer Science & Software Systems (Sem 3),722824134108,Elango N,3
4206,CCE,3,U23MA207,U23MA207 - Advanced Mathematics & Statistics (Sem 3),722824134109,Pavithra P,3
4207,CCE,3,U23CS403,U23CS403 - Computer Science & Software Systems (Sem 3),722824134109,Pavithra P,3
4208,CCE,3,U23CS404,U23CS404 - Computer Science & Software Systems (Sem 3),722824134109,Pavithra P,3
4209,CCE,3,U23EC382,U23EC382 - Electronics & Communication Systems (Sem 3),722824134109,Pavithra P,3
4210,CCE,3,U23CS491,U23CS491 - Computer Science & Software Systems (Sem 3),722824134109,Pavithra P,3
4211,CCE,3,U23MA207,U23MA207 - Advanced Mathematics & Statistics (Sem 3),722824134110,Swetha N,3
4212,CCE,3,U23CS403,U23CS403 - Computer Science & Software Systems (Sem 3),722824134110,Swetha N,3
4213,CCE,3,U23CS404,U23CS404 - Computer Science & Software Systems (Sem 3),722824134110,Swetha N,3
4214,CCE,3,U23EC382,U23EC382 - Electronics & Communication Systems (Sem 3),722824134110,Swetha N,3
4215,CCE,3,U23CS491,U23CS491 - Computer Science & Software Systems (Sem 3),722824134110,Swetha N,3
4216,CCE,3,U23MA207,U23MA207 - Advanced Mathematics & Statistics (Sem 3),722824134111,Vidyut S,3
4217,CCE,3,U23CS403,U23CS403 - Computer Science & Software Systems (Sem 3),722824134111,Vidyut S,3
4218,CCE,3,U23CS404,U23CS404 - Computer Science & Software Systems (Sem 3),722824134111,Vidyut S,3
4219,CCE,3,U23EC382,U23EC382 - Electronics & Communication Systems (Sem 3),722824134111,Vidyut S,3
4220,CCE,3,U23CS491,U23CS491 - Computer Science & Software Systems (Sem 3),722824134111,Vidyut S,3
4221,CCE,3,U23MA207,U23MA207 - Advanced Mathematics & Statistics (Sem 3),722824134112,Naveen K,3
4222,CCE,3,U23CS403,U23CS403 - Computer Science & Software Systems (Sem 3),722824134112,Naveen K,3
4223,CCE,3,U23CS404,U23CS404 - Computer Science & Software Systems (Sem 3),722824134112,Naveen K,3
4224,CCE,3,U23EC382,U23EC382 - Electronics & Communication Systems (Sem 3),722824134112,Naveen K,3
4225,CCE,3,U23CS491,U23CS491 - Computer Science & Software Systems (Sem 3),722824134112,Naveen K,3
4226,CCE,3,U23MA207,U23MA207 - Advanced Mathematics & Statistics (Sem 3),722824134113,Rahul A,3
4227,CCE,3,U23CS403,U23CS403 - Computer Science & Software Systems (Sem 3),722824134113,Rahul A,3
4228,CCE,3,U23CS404,U23CS404 - Computer Science & Software Systems (Sem 3),722824134113,Rahul A,3
4229,CCE,3,U23EC382,U23EC382 - Electronics & Communication Systems (Sem 3),722824134113,Rahul A,3
4230,CCE,3,U23CS491,U23CS491 - Computer Science & Software Systems (Sem 3),722824134113,Rahul A,3
4231,CCE,3,U23MA207,U23MA207 - Advanced Mathematics & Statistics (Sem 3),722824134114,Naveen V,3
4232,CCE,3,U23CS403,U23CS403 - Computer Science & Software Systems (Sem 3),722824134114,Naveen V,3
4233,CCE,3,U23CS404,U23CS404 - Computer Science & Software Systems (Sem 3),722824134114,Naveen V,3
4234,CCE,3,U23EC382,U23EC382 - Electronics & Communication Systems (Sem 3),722824134114,Naveen V,3
4235,CCE,3,U23CS491,U23CS491 - Computer Science & Software Systems (Sem 3),722824134114,Naveen V,3
4236,CCE,3,U23MA207,U23MA207 - Advanced Mathematics & Statistics (Sem 3),722824134115,Bhavana P,3
4237,CCE,3,U23CS403,U23CS403 - Computer Science & Software Systems (Sem 3),722824134115,Bhavana P,3
4238,CCE,3,U23CS404,U23CS404 - Computer Science & Software Systems (Sem 3),722824134115,Bhavana P,3
4239,CCE,3,U23EC382,U23EC382 - Electronics & Communication Systems (Sem 3),722824134115,Bhavana P,3
4240,CCE,3,U23CS491,U23CS491 - Computer Science & Software Systems (Sem 3),722824134115,Bhavana P,3
4241,CCE,3,U23MA207,U23MA207 - Advanced Mathematics & Statistics (Sem 3),722824134116,Harini B,3
4242,CCE,3,U23CS403,U23CS403 - Computer Science & Software Systems (Sem 3),722824134116,Harini B,3
4243,CCE,3,U23CS404,U23CS404 - Computer Science & Software Systems (Sem 3),722824134116,Harini B,3
4244,CCE,3,U23EC382,U23EC382 - Electronics & Communication Systems (Sem 3),722824134116,Harini B,3
4245,CCE,3,U23CS491,U23CS491 - Computer Science & Software Systems (Sem 3),722824134116,Harini B,3
4246,CCE,3,U23MA207,U23MA207 - Advanced Mathematics & Statistics (Sem 3),722824134117,Pavithra R,3
4247,CCE,3,U23CS403,U23CS403 - Computer Science & Software Systems (Sem 3),722824134117,Pavithra R,3
4248,CCE,3,U23CS404,U23CS404 - Computer Science & Software Systems (Sem 3),722824134117,Pavithra R,3
4249,CCE,3,U23EC382,U23EC382 - Electronics & Communication Systems (Sem 3),722824134117,Pavithra R,3
4250,CCE,3,U23CS491,U23CS491 - Computer Science & Software Systems (Sem 3),722824134117,Pavithra R,3
4251,CCE,3,U23MA207,U23MA207 - Advanced Mathematics & Statistics (Sem 3),722824134118,Lakshmi K,3
4252,CCE,3,U23CS403,U23CS403 - Computer Science & Software Systems (Sem 3),722824134118,Lakshmi K,3
4253,CCE,3,U23CS404,U23CS404 - Computer Science & Software Systems (Sem 3),722824134118,Lakshmi K,3
4254,CCE,3,U23EC382,U23EC382 - Electronics & Communication Systems (Sem 3),722824134118,Lakshmi K,3
4255,CCE,3,U23CS491,U23CS491 - Computer Science & Software Systems (Sem 3),722824134118,Lakshmi K,3
4256,CCE,3,U23MA207,U23MA207 - Advanced Mathematics & Statistics (Sem 3),722824134119,Lakshmi T,3
4257,CCE,3,U23CS403,U23CS403 - Computer Science & Software Systems (Sem 3),722824134119,Lakshmi T,3
4258,CCE,3,U23CS404,U23CS404 - Computer Science & Software Systems (Sem 3),722824134119,Lakshmi T,3
4259,CCE,3,U23EC382,U23EC382 - Electronics & Communication Systems (Sem 3),722824134119,Lakshmi T,3
4260,CCE,3,U23CS491,U23CS491 - Computer Science & Software Systems (Sem 3),722824134119,Lakshmi T,3
4261,CCE,3,U23MA207,U23MA207 - Advanced Mathematics & Statistics (Sem 3),722824134120,Lakshmi M,3
4262,CCE,3,U23CS403,U23CS403 - Computer Science & Software Systems (Sem 3),722824134120,Lakshmi M,3
4263,CCE,3,U23CS404,U23CS404 - Computer Science & Software Systems (Sem 3),722824134120,Lakshmi M,3
4264,CCE,3,U23EC382,U23EC382 - Electronics & Communication Systems (Sem 3),722824134120,Lakshmi M,3
4265,CCE,3,U23CS491,U23CS491 - Computer Science & Software Systems (Sem 3),722824134120,Lakshmi M,3
4266,CCE,5,U23CC401,U23CC401 - Cloud Computing & Cyber Security (Sem 5),722823134101,Manoj V,3
4267,CCE,5,U23CC483,U23CC483 - Cloud Computing & Cyber Security (Sem 5),722823134101,Manoj V,3
4268,CCE,5,U23IT402,U23IT402 - Information Technology & Cloud Systems (Sem 5),722823134101,Manoj V,3
4269,CCE,5,U23AM498,U23AM498 - Machine Learning & Neural Networks (Sem 5),722823134101,Manoj V,3
4270,CCE,5,U23CB593,U23CB593 - Computer Science & Business Systems (Sem 5),722823134101,Manoj V,3
4271,CCE,5,U23AD491,U23AD491 - Artificial Intelligence & Data Science (Sem 5),722823134101,Manoj V,3
4272,CCE,5,U23CC401,U23CC401 - Cloud Computing & Cyber Security (Sem 5),722823134102,Harini K,3
4273,CCE,5,U23CC483,U23CC483 - Cloud Computing & Cyber Security (Sem 5),722823134102,Harini K,3
4274,CCE,5,U23IT402,U23IT402 - Information Technology & Cloud Systems (Sem 5),722823134102,Harini K,3
4275,CCE,5,U23AM498,U23AM498 - Machine Learning & Neural Networks (Sem 5),722823134102,Harini K,3
4276,CCE,5,U23CB593,U23CB593 - Computer Science & Business Systems (Sem 5),722823134102,Harini K,3
4277,CCE,5,U23AD491,U23AD491 - Artificial Intelligence & Data Science (Sem 5),722823134102,Harini K,3
4278,CCE,5,U23CC401,U23CC401 - Cloud Computing & Cyber Security (Sem 5),722823134103,Pavithra K,3
4279,CCE,5,U23CC483,U23CC483 - Cloud Computing & Cyber Security (Sem 5),722823134103,Pavithra K,3
4280,CCE,5,U23IT402,U23IT402 - Information Technology & Cloud Systems (Sem 5),722823134103,Pavithra K,3
4281,CCE,5,U23AM498,U23AM498 - Machine Learning & Neural Networks (Sem 5),722823134103,Pavithra K,3
4282,CCE,5,U23CB593,U23CB593 - Computer Science & Business Systems (Sem 5),722823134103,Pavithra K,3
4283,CCE,5,U23AD491,U23AD491 - Artificial Intelligence & Data Science (Sem 5),722823134103,Pavithra K,3
4284,CCE,5,U23CC401,U23CC401 - Cloud Computing & Cyber Security (Sem 5),722823134104,Harini A,3
4285,CCE,5,U23CC483,U23CC483 - Cloud Computing & Cyber Security (Sem 5),722823134104,Harini A,3
4286,CCE,5,U23IT402,U23IT402 - Information Technology & Cloud Systems (Sem 5),722823134104,Harini A,3
4287,CCE,5,U23AM498,U23AM498 - Machine Learning & Neural Networks (Sem 5),722823134104,Harini A,3
4288,CCE,5,U23CB593,U23CB593 - Computer Science & Business Systems (Sem 5),722823134104,Harini A,3
4289,CCE,5,U23AD491,U23AD491 - Artificial Intelligence & Data Science (Sem 5),722823134104,Harini A,3
4290,CCE,5,U23CC401,U23CC401 - Cloud Computing & Cyber Security (Sem 5),722823134105,Aravind M,3
4291,CCE,5,U23CC483,U23CC483 - Cloud Computing & Cyber Security (Sem 5),722823134105,Aravind M,3
4292,CCE,5,U23IT402,U23IT402 - Information Technology & Cloud Systems (Sem 5),722823134105,Aravind M,3
4293,CCE,5,U23AM498,U23AM498 - Machine Learning & Neural Networks (Sem 5),722823134105,Aravind M,3
4294,CCE,5,U23CB593,U23CB593 - Computer Science & Business Systems (Sem 5),722823134105,Aravind M,3
4295,CCE,5,U23AD491,U23AD491 - Artificial Intelligence & Data Science (Sem 5),722823134105,Aravind M,3
4296,CCE,5,U23CC401,U23CC401 - Cloud Computing & Cyber Security (Sem 5),722823134106,Kavya R,3
4297,CCE,5,U23CC483,U23CC483 - Cloud Computing & Cyber Security (Sem 5),722823134106,Kavya R,3
4298,CCE,5,U23IT402,U23IT402 - Information Technology & Cloud Systems (Sem 5),722823134106,Kavya R,3
4299,CCE,5,U23AM498,U23AM498 - Machine Learning & Neural Networks (Sem 5),722823134106,Kavya R,3
4300,CCE,5,U23CB593,U23CB593 - Computer Science & Business Systems (Sem 5),722823134106,Kavya R,3
4301,CCE,5,U23AD491,U23AD491 - Artificial Intelligence & Data Science (Sem 5),722823134106,Kavya R,3
4302,CCE,5,U23CC401,U23CC401 - Cloud Computing & Cyber Security (Sem 5),722823134107,Elango A,3
4303,CCE,5,U23CC483,U23CC483 - Cloud Computing & Cyber Security (Sem 5),722823134107,Elango A,3
4304,CCE,5,U23IT402,U23IT402 - Information Technology & Cloud Systems (Sem 5),722823134107,Elango A,3
4305,CCE,5,U23AM498,U23AM498 - Machine Learning & Neural Networks (Sem 5),722823134107,Elango A,3
4306,CCE,5,U23CB593,U23CB593 - Computer Science & Business Systems (Sem 5),722823134107,Elango A,3
4307,CCE,5,U23AD491,U23AD491 - Artificial Intelligence & Data Science (Sem 5),722823134107,Elango A,3
4308,CCE,5,U23CC401,U23CC401 - Cloud Computing & Cyber Security (Sem 5),722823134108,Harini K,3
4309,CCE,5,U23CC483,U23CC483 - Cloud Computing & Cyber Security (Sem 5),722823134108,Harini K,3
4310,CCE,5,U23IT402,U23IT402 - Information Technology & Cloud Systems (Sem 5),722823134108,Harini K,3
4311,CCE,5,U23AM498,U23AM498 - Machine Learning & Neural Networks (Sem 5),722823134108,Harini K,3
4312,CCE,5,U23CB593,U23CB593 - Computer Science & Business Systems (Sem 5),722823134108,Harini K,3
4313,CCE,5,U23AD491,U23AD491 - Artificial Intelligence & Data Science (Sem 5),722823134108,Harini K,3
4314,CCE,5,U23CC401,U23CC401 - Cloud Computing & Cyber Security (Sem 5),722823134109,Swetha R,3
4315,CCE,5,U23CC483,U23CC483 - Cloud Computing & Cyber Security (Sem 5),722823134109,Swetha R,3
4316,CCE,5,U23IT402,U23IT402 - Information Technology & Cloud Systems (Sem 5),722823134109,Swetha R,3
4317,CCE,5,U23AM498,U23AM498 - Machine Learning & Neural Networks (Sem 5),722823134109,Swetha R,3
4318,CCE,5,U23CB593,U23CB593 - Computer Science & Business Systems (Sem 5),722823134109,Swetha R,3
4319,CCE,5,U23AD491,U23AD491 - Artificial Intelligence & Data Science (Sem 5),722823134109,Swetha R,3
4320,CCE,5,U23CC401,U23CC401 - Cloud Computing & Cyber Security (Sem 5),722823134110,Vidyut R,3
4321,CCE,5,U23CC483,U23CC483 - Cloud Computing & Cyber Security (Sem 5),722823134110,Vidyut R,3
4322,CCE,5,U23IT402,U23IT402 - Information Technology & Cloud Systems (Sem 5),722823134110,Vidyut R,3
4323,CCE,5,U23AM498,U23AM498 - Machine Learning & Neural Networks (Sem 5),722823134110,Vidyut R,3
4324,CCE,5,U23CB593,U23CB593 - Computer Science & Business Systems (Sem 5),722823134110,Vidyut R,3
4325,CCE,5,U23AD491,U23AD491 - Artificial Intelligence & Data Science (Sem 5),722823134110,Vidyut R,3
4326,CCE,5,U23CC401,U23CC401 - Cloud Computing & Cyber Security (Sem 5),722823134111,Ishwarya P,3
4327,CCE,5,U23CC483,U23CC483 - Cloud Computing & Cyber Security (Sem 5),722823134111,Ishwarya P,3
4328,CCE,5,U23IT402,U23IT402 - Information Technology & Cloud Systems (Sem 5),722823134111,Ishwarya P,3
4329,CCE,5,U23AM498,U23AM498 - Machine Learning & Neural Networks (Sem 5),722823134111,Ishwarya P,3
4330,CCE,5,U23CB593,U23CB593 - Computer Science & Business Systems (Sem 5),722823134111,Ishwarya P,3
4331,CCE,5,U23AD491,U23AD491 - Artificial Intelligence & Data Science (Sem 5),722823134111,Ishwarya P,3
4332,CCE,5,U23CC401,U23CC401 - Cloud Computing & Cyber Security (Sem 5),722823134112,Elango A,3
4333,CCE,5,U23CC483,U23CC483 - Cloud Computing & Cyber Security (Sem 5),722823134112,Elango A,3
4334,CCE,5,U23IT402,U23IT402 - Information Technology & Cloud Systems (Sem 5),722823134112,Elango A,3
4335,CCE,5,U23AM498,U23AM498 - Machine Learning & Neural Networks (Sem 5),722823134112,Elango A,3
4336,CCE,5,U23CB593,U23CB593 - Computer Science & Business Systems (Sem 5),722823134112,Elango A,3
4337,CCE,5,U23AD491,U23AD491 - Artificial Intelligence & Data Science (Sem 5),722823134112,Elango A,3
4338,CCE,5,U23CC401,U23CC401 - Cloud Computing & Cyber Security (Sem 5),722823134113,Aravind V,3
4339,CCE,5,U23CC483,U23CC483 - Cloud Computing & Cyber Security (Sem 5),722823134113,Aravind V,3
4340,CCE,5,U23IT402,U23IT402 - Information Technology & Cloud Systems (Sem 5),722823134113,Aravind V,3
4341,CCE,5,U23AM498,U23AM498 - Machine Learning & Neural Networks (Sem 5),722823134113,Aravind V,3
4342,CCE,5,U23CB593,U23CB593 - Computer Science & Business Systems (Sem 5),722823134113,Aravind V,3
4343,CCE,5,U23AD491,U23AD491 - Artificial Intelligence & Data Science (Sem 5),722823134113,Aravind V,3
4344,CCE,5,U23CC401,U23CC401 - Cloud Computing & Cyber Security (Sem 5),722823134114,Elango S,3
4345,CCE,5,U23CC483,U23CC483 - Cloud Computing & Cyber Security (Sem 5),722823134114,Elango S,3
4346,CCE,5,U23IT402,U23IT402 - Information Technology & Cloud Systems (Sem 5),722823134114,Elango S,3
4347,CCE,5,U23AM498,U23AM498 - Machine Learning & Neural Networks (Sem 5),722823134114,Elango S,3
4348,CCE,5,U23CB593,U23CB593 - Computer Science & Business Systems (Sem 5),722823134114,Elango S,3
4349,CCE,5,U23AD491,U23AD491 - Artificial Intelligence & Data Science (Sem 5),722823134114,Elango S,3
4350,CCE,5,U23CC401,U23CC401 - Cloud Computing & Cyber Security (Sem 5),722823134115,Swetha V,3
4351,CCE,5,U23CC483,U23CC483 - Cloud Computing & Cyber Security (Sem 5),722823134115,Swetha V,3
4352,CCE,5,U23IT402,U23IT402 - Information Technology & Cloud Systems (Sem 5),722823134115,Swetha V,3
4353,CCE,5,U23AM498,U23AM498 - Machine Learning & Neural Networks (Sem 5),722823134115,Swetha V,3
4354,CCE,5,U23CB593,U23CB593 - Computer Science & Business Systems (Sem 5),722823134115,Swetha V,3
4355,CCE,5,U23AD491,U23AD491 - Artificial Intelligence & Data Science (Sem 5),722823134115,Swetha V,3
4356,CCE,5,U23CC401,U23CC401 - Cloud Computing & Cyber Security (Sem 5),722823134116,Gokul K,3
4357,CCE,5,U23CC483,U23CC483 - Cloud Computing & Cyber Security (Sem 5),722823134116,Gokul K,3
4358,CCE,5,U23IT402,U23IT402 - Information Technology & Cloud Systems (Sem 5),722823134116,Gokul K,3
4359,CCE,5,U23AM498,U23AM498 - Machine Learning & Neural Networks (Sem 5),722823134116,Gokul K,3
4360,CCE,5,U23CB593,U23CB593 - Computer Science & Business Systems (Sem 5),722823134116,Gokul K,3
4361,CCE,5,U23AD491,U23AD491 - Artificial Intelligence & Data Science (Sem 5),722823134116,Gokul K,3
4362,CCE,5,U23CC401,U23CC401 - Cloud Computing & Cyber Security (Sem 5),722823134117,Aravind S,3
4363,CCE,5,U23CC483,U23CC483 - Cloud Computing & Cyber Security (Sem 5),722823134117,Aravind S,3
4364,CCE,5,U23IT402,U23IT402 - Information Technology & Cloud Systems (Sem 5),722823134117,Aravind S,3
4365,CCE,5,U23AM498,U23AM498 - Machine Learning & Neural Networks (Sem 5),722823134117,Aravind S,3
4366,CCE,5,U23CB593,U23CB593 - Computer Science & Business Systems (Sem 5),722823134117,Aravind S,3
4367,CCE,5,U23AD491,U23AD491 - Artificial Intelligence & Data Science (Sem 5),722823134117,Aravind S,3
4368,CCE,5,U23CC401,U23CC401 - Cloud Computing & Cyber Security (Sem 5),722823134118,Aravind P,3
4369,CCE,5,U23CC483,U23CC483 - Cloud Computing & Cyber Security (Sem 5),722823134118,Aravind P,3
4370,CCE,5,U23IT402,U23IT402 - Information Technology & Cloud Systems (Sem 5),722823134118,Aravind P,3
4371,CCE,5,U23AM498,U23AM498 - Machine Learning & Neural Networks (Sem 5),722823134118,Aravind P,3
4372,CCE,5,U23CB593,U23CB593 - Computer Science & Business Systems (Sem 5),722823134118,Aravind P,3
4373,CCE,5,U23AD491,U23AD491 - Artificial Intelligence & Data Science (Sem 5),722823134118,Aravind P,3
4374,CCE,5,U23CC401,U23CC401 - Cloud Computing & Cyber Security (Sem 5),722823134119,Ishwarya A,3
4375,CCE,5,U23CC483,U23CC483 - Cloud Computing & Cyber Security (Sem 5),722823134119,Ishwarya A,3
4376,CCE,5,U23IT402,U23IT402 - Information Technology & Cloud Systems (Sem 5),722823134119,Ishwarya A,3
4377,CCE,5,U23AM498,U23AM498 - Machine Learning & Neural Networks (Sem 5),722823134119,Ishwarya A,3
4378,CCE,5,U23CB593,U23CB593 - Computer Science & Business Systems (Sem 5),722823134119,Ishwarya A,3
4379,CCE,5,U23AD491,U23AD491 - Artificial Intelligence & Data Science (Sem 5),722823134119,Ishwarya A,3
4380,CCE,5,U23CC401,U23CC401 - Cloud Computing & Cyber Security (Sem 5),722823134120,Kavya M,3
4381,CCE,5,U23CC483,U23CC483 - Cloud Computing & Cyber Security (Sem 5),722823134120,Kavya M,3
4382,CCE,5,U23IT402,U23IT402 - Information Technology & Cloud Systems (Sem 5),722823134120,Kavya M,3
4383,CCE,5,U23AM498,U23AM498 - Machine Learning & Neural Networks (Sem 5),722823134120,Kavya M,3
4384,CCE,5,U23CB593,U23CB593 - Computer Science & Business Systems (Sem 5),722823134120,Kavya M,3
4385,CCE,5,U23AD491,U23AD491 - Artificial Intelligence & Data Science (Sem 5),722823134120,Kavya M,3
4386,CCE,7,U23CB103,U23CB103 - Computer Science & Business Systems (Sem 7),722822134101,Gokul V,3
4387,CCE,7,U23CB104,U23CB104 - Computer Science & Business Systems (Sem 7),722822134101,Gokul V,3
4388,CCE,7,U23CC583,U23CC583 - Cloud Computing & Cyber Security (Sem 7),722822134101,Gokul V,3
4389,CCE,7,U23OME06,U23OME06 - CCE Core Subject (Sem 7),722822134101,Gokul V,3
4390,CCE,7,U23CB103,U23CB103 - Computer Science & Business Systems (Sem 7),722822134102,Bhavana S,3
4391,CCE,7,U23CB104,U23CB104 - Computer Science & Business Systems (Sem 7),722822134102,Bhavana S,3
4392,CCE,7,U23CC583,U23CC583 - Cloud Computing & Cyber Security (Sem 7),722822134102,Bhavana S,3
4393,CCE,7,U23OME06,U23OME06 - CCE Core Subject (Sem 7),722822134102,Bhavana S,3
4394,CCE,7,U23CB103,U23CB103 - Computer Science & Business Systems (Sem 7),722822134103,Naveen T,3
4395,CCE,7,U23CB104,U23CB104 - Computer Science & Business Systems (Sem 7),722822134103,Naveen T,3
4396,CCE,7,U23CC583,U23CC583 - Cloud Computing & Cyber Security (Sem 7),722822134103,Naveen T,3
4397,CCE,7,U23OME06,U23OME06 - CCE Core Subject (Sem 7),722822134103,Naveen T,3
4398,CCE,7,U23CB103,U23CB103 - Computer Science & Business Systems (Sem 7),722822134104,Deepak K,3
4399,CCE,7,U23CB104,U23CB104 - Computer Science & Business Systems (Sem 7),722822134104,Deepak K,3
4400,CCE,7,U23CC583,U23CC583 - Cloud Computing & Cyber Security (Sem 7),722822134104,Deepak K,3
4401,CCE,7,U23OME06,U23OME06 - CCE Core Subject (Sem 7),722822134104,Deepak K,3
4402,CCE,7,U23CB103,U23CB103 - Computer Science & Business Systems (Sem 7),722822134105,Rahul B,3
4403,CCE,7,U23CB104,U23CB104 - Computer Science & Business Systems (Sem 7),722822134105,Rahul B,3
4404,CCE,7,U23CC583,U23CC583 - Cloud Computing & Cyber Security (Sem 7),722822134105,Rahul B,3
4405,CCE,7,U23OME06,U23OME06 - CCE Core Subject (Sem 7),722822134105,Rahul B,3
4406,CCE,7,U23CB103,U23CB103 - Computer Science & Business Systems (Sem 7),722822134106,Lakshmi T,3
4407,CCE,7,U23CB104,U23CB104 - Computer Science & Business Systems (Sem 7),722822134106,Lakshmi T,3
4408,CCE,7,U23CC583,U23CC583 - Cloud Computing & Cyber Security (Sem 7),722822134106,Lakshmi T,3
4409,CCE,7,U23OME06,U23OME06 - CCE Core Subject (Sem 7),722822134106,Lakshmi T,3
4410,CCE,7,U23CB103,U23CB103 - Computer Science & Business Systems (Sem 7),722822134107,Vidyut K,3
4411,CCE,7,U23CB104,U23CB104 - Computer Science & Business Systems (Sem 7),722822134107,Vidyut K,3
4412,CCE,7,U23CC583,U23CC583 - Cloud Computing & Cyber Security (Sem 7),722822134107,Vidyut K,3
4413,CCE,7,U23OME06,U23OME06 - CCE Core Subject (Sem 7),722822134107,Vidyut K,3
4414,CCE,7,U23CB103,U23CB103 - Computer Science & Business Systems (Sem 7),722822134108,Pavithra T,3
4415,CCE,7,U23CB104,U23CB104 - Computer Science & Business Systems (Sem 7),722822134108,Pavithra T,3
4416,CCE,7,U23CC583,U23CC583 - Cloud Computing & Cyber Security (Sem 7),722822134108,Pavithra T,3
4417,CCE,7,U23OME06,U23OME06 - CCE Core Subject (Sem 7),722822134108,Pavithra T,3
4418,CCE,7,U23CB103,U23CB103 - Computer Science & Business Systems (Sem 7),722822134109,Ishwarya A,3
4419,CCE,7,U23CB104,U23CB104 - Computer Science & Business Systems (Sem 7),722822134109,Ishwarya A,3
4420,CCE,7,U23CC583,U23CC583 - Cloud Computing & Cyber Security (Sem 7),722822134109,Ishwarya A,3
4421,CCE,7,U23OME06,U23OME06 - CCE Core Subject (Sem 7),722822134109,Ishwarya A,3
4422,CCE,7,U23CB103,U23CB103 - Computer Science & Business Systems (Sem 7),722822134110,Bhavana T,3
4423,CCE,7,U23CB104,U23CB104 - Computer Science & Business Systems (Sem 7),722822134110,Bhavana T,3
4424,CCE,7,U23CC583,U23CC583 - Cloud Computing & Cyber Security (Sem 7),722822134110,Bhavana T,3
4425,CCE,7,U23OME06,U23OME06 - CCE Core Subject (Sem 7),722822134110,Bhavana T,3
4426,CCE,7,U23CB103,U23CB103 - Computer Science & Business Systems (Sem 7),722822134111,Karthik B,3
4427,CCE,7,U23CB104,U23CB104 - Computer Science & Business Systems (Sem 7),722822134111,Karthik B,3
4428,CCE,7,U23CC583,U23CC583 - Cloud Computing & Cyber Security (Sem 7),722822134111,Karthik B,3
4429,CCE,7,U23OME06,U23OME06 - CCE Core Subject (Sem 7),722822134111,Karthik B,3
4430,CCE,7,U23CB103,U23CB103 - Computer Science & Business Systems (Sem 7),722822134112,Aravind M,3
4431,CCE,7,U23CB104,U23CB104 - Computer Science & Business Systems (Sem 7),722822134112,Aravind M,3
4432,CCE,7,U23CC583,U23CC583 - Cloud Computing & Cyber Security (Sem 7),722822134112,Aravind M,3
4433,CCE,7,U23OME06,U23OME06 - CCE Core Subject (Sem 7),722822134112,Aravind M,3
4434,CCE,7,U23CB103,U23CB103 - Computer Science & Business Systems (Sem 7),722822134113,Rahul N,3
4435,CCE,7,U23CB104,U23CB104 - Computer Science & Business Systems (Sem 7),722822134113,Rahul N,3
4436,CCE,7,U23CC583,U23CC583 - Cloud Computing & Cyber Security (Sem 7),722822134113,Rahul N,3
4437,CCE,7,U23OME06,U23OME06 - CCE Core Subject (Sem 7),722822134113,Rahul N,3
4438,CCE,7,U23CB103,U23CB103 - Computer Science & Business Systems (Sem 7),722822134114,Naveen K,3
4439,CCE,7,U23CB104,U23CB104 - Computer Science & Business Systems (Sem 7),722822134114,Naveen K,3
4440,CCE,7,U23CC583,U23CC583 - Cloud Computing & Cyber Security (Sem 7),722822134114,Naveen K,3
4441,CCE,7,U23OME06,U23OME06 - CCE Core Subject (Sem 7),722822134114,Naveen K,3
4442,CCE,7,U23CB103,U23CB103 - Computer Science & Business Systems (Sem 7),722822134115,Rahul B,3
4443,CCE,7,U23CB104,U23CB104 - Computer Science & Business Systems (Sem 7),722822134115,Rahul B,3
4444,CCE,7,U23CC583,U23CC583 - Cloud Computing & Cyber Security (Sem 7),722822134115,Rahul B,3
4445,CCE,7,U23OME06,U23OME06 - CCE Core Subject (Sem 7),722822134115,Rahul B,3
4446,CCE,7,U23CB103,U23CB103 - Computer Science & Business Systems (Sem 7),722822134116,Chandran K,3
4447,CCE,7,U23CB104,U23CB104 - Computer Science & Business Systems (Sem 7),722822134116,Chandran K,3
4448,CCE,7,U23CC583,U23CC583 - Cloud Computing & Cyber Security (Sem 7),722822134116,Chandran K,3
4449,CCE,7,U23OME06,U23OME06 - CCE Core Subject (Sem 7),722822134116,Chandran K,3
4450,CCE,7,U23CB103,U23CB103 - Computer Science & Business Systems (Sem 7),722822134117,Kavya A,3
4451,CCE,7,U23CB104,U23CB104 - Computer Science & Business Systems (Sem 7),722822134117,Kavya A,3
4452,CCE,7,U23CC583,U23CC583 - Cloud Computing & Cyber Security (Sem 7),722822134117,Kavya A,3
4453,CCE,7,U23OME06,U23OME06 - CCE Core Subject (Sem 7),722822134117,Kavya A,3
4454,CCE,7,U23CB103,U23CB103 - Computer Science & Business Systems (Sem 7),722822134118,Elango K,3
4455,CCE,7,U23CB104,U23CB104 - Computer Science & Business Systems (Sem 7),722822134118,Elango K,3
4456,CCE,7,U23CC583,U23CC583 - Cloud Computing & Cyber Security (Sem 7),722822134118,Elango K,3
4457,CCE,7,U23OME06,U23OME06 - CCE Core Subject (Sem 7),722822134118,Elango K,3
4458,CCE,7,U23CB103,U23CB103 - Computer Science & Business Systems (Sem 7),722822134119,Elango V,3
4459,CCE,7,U23CB104,U23CB104 - Computer Science & Business Systems (Sem 7),722822134119,Elango V,3
4460,CCE,7,U23CC583,U23CC583 - Cloud Computing & Cyber Security (Sem 7),722822134119,Elango V,3
4461,CCE,7,U23OME06,U23OME06 - CCE Core Subject (Sem 7),722822134119,Elango V,3
4462,CCE,7,U23CB103,U23CB103 - Computer Science & Business Systems (Sem 7),722822134120,Yash A,3
4463,CCE,7,U23CB104,U23CB104 - Computer Science & Business Systems (Sem 7),722822134120,Yash A,3
4464,CCE,7,U23CC583,U23CC583 - Cloud Computing & Cyber Security (Sem 7),722822134120,Yash A,3
4465,CCE,7,U23OME06,U23OME06 - CCE Core Subject (Sem 7),722822134120,Yash A,3
4466,AIML,3,U23CS403,U23CS403 - Computer Science & Software Systems (Sem 3),722824148101,Swetha P,3
4467,AIML,3,U23CS404,U23CS404 - Computer Science & Software Systems (Sem 3),722824148101,Swetha P,3
4468,AIML,3,U23MA204,U23MA204 - Advanced Mathematics & Statistics (Sem 3),722824148101,Swetha P,3
4469,AIML,3,U23CS491,U23CS491 - Computer Science & Software Systems (Sem 3),722824148101,Swetha P,3
4470,AIML,3,U23AD483,U23AD483 - Artificial Intelligence & Data Science (Sem 3),722824148101,Swetha P,3
4471,AIML,3,U23CS403,U23CS403 - Computer Science & Software Systems (Sem 3),722824148102,Manoj A,3
4472,AIML,3,U23CS404,U23CS404 - Computer Science & Software Systems (Sem 3),722824148102,Manoj A,3
4473,AIML,3,U23MA204,U23MA204 - Advanced Mathematics & Statistics (Sem 3),722824148102,Manoj A,3
4474,AIML,3,U23CS491,U23CS491 - Computer Science & Software Systems (Sem 3),722824148102,Manoj A,3
4475,AIML,3,U23AD483,U23AD483 - Artificial Intelligence & Data Science (Sem 3),722824148102,Manoj A,3
4476,AIML,3,U23CS403,U23CS403 - Computer Science & Software Systems (Sem 3),722824148104,Sanjay V,3
4477,AIML,3,U23CS404,U23CS404 - Computer Science & Software Systems (Sem 3),722824148104,Sanjay V,3
4478,AIML,3,U23MA204,U23MA204 - Advanced Mathematics & Statistics (Sem 3),722824148104,Sanjay V,3
4479,AIML,3,U23CS491,U23CS491 - Computer Science & Software Systems (Sem 3),722824148104,Sanjay V,3
4480,AIML,3,U23AD483,U23AD483 - Artificial Intelligence & Data Science (Sem 3),722824148104,Sanjay V,3
4481,AIML,3,U23CS403,U23CS403 - Computer Science & Software Systems (Sem 3),722824148105,Pavithra T,3
4482,AIML,3,U23CS404,U23CS404 - Computer Science & Software Systems (Sem 3),722824148105,Pavithra T,3
4483,AIML,3,U23MA204,U23MA204 - Advanced Mathematics & Statistics (Sem 3),722824148105,Pavithra T,3
4484,AIML,3,U23CS491,U23CS491 - Computer Science & Software Systems (Sem 3),722824148105,Pavithra T,3
4485,AIML,3,U23AD483,U23AD483 - Artificial Intelligence & Data Science (Sem 3),722824148105,Pavithra T,3
4486,AIML,3,U23CS403,U23CS403 - Computer Science & Software Systems (Sem 3),722824148106,Yash N,3
4487,AIML,3,U23CS404,U23CS404 - Computer Science & Software Systems (Sem 3),722824148106,Yash N,3
4488,AIML,3,U23MA204,U23MA204 - Advanced Mathematics & Statistics (Sem 3),722824148106,Yash N,3
4489,AIML,3,U23CS491,U23CS491 - Computer Science & Software Systems (Sem 3),722824148106,Yash N,3
4490,AIML,3,U23AD483,U23AD483 - Artificial Intelligence & Data Science (Sem 3),722824148106,Yash N,3
4491,AIML,3,U23CS403,U23CS403 - Computer Science & Software Systems (Sem 3),722824148107,Deepak K,3
4492,AIML,3,U23CS404,U23CS404 - Computer Science & Software Systems (Sem 3),722824148107,Deepak K,3
4493,AIML,3,U23MA204,U23MA204 - Advanced Mathematics & Statistics (Sem 3),722824148107,Deepak K,3
4494,AIML,3,U23CS491,U23CS491 - Computer Science & Software Systems (Sem 3),722824148107,Deepak K,3
4495,AIML,3,U23AD483,U23AD483 - Artificial Intelligence & Data Science (Sem 3),722824148107,Deepak K,3
4496,AIML,3,U23CS403,U23CS403 - Computer Science & Software Systems (Sem 3),722824148109,Swetha R,3
4497,AIML,3,U23CS404,U23CS404 - Computer Science & Software Systems (Sem 3),722824148109,Swetha R,3
4498,AIML,3,U23MA204,U23MA204 - Advanced Mathematics & Statistics (Sem 3),722824148109,Swetha R,3
4499,AIML,3,U23CS491,U23CS491 - Computer Science & Software Systems (Sem 3),722824148109,Swetha R,3
4500,AIML,3,U23AD483,U23AD483 - Artificial Intelligence & Data Science (Sem 3),722824148109,Swetha R,3
4501,AIML,3,U23CS403,U23CS403 - Computer Science & Software Systems (Sem 3),722824148110,Naveen B,3
4502,AIML,3,U23CS404,U23CS404 - Computer Science & Software Systems (Sem 3),722824148110,Naveen B,3
4503,AIML,3,U23MA204,U23MA204 - Advanced Mathematics & Statistics (Sem 3),722824148110,Naveen B,3
4504,AIML,3,U23CS491,U23CS491 - Computer Science & Software Systems (Sem 3),722824148110,Naveen B,3
4505,AIML,3,U23AD483,U23AD483 - Artificial Intelligence & Data Science (Sem 3),722824148110,Naveen B,3
4506,AIML,3,U23CS403,U23CS403 - Computer Science & Software Systems (Sem 3),722824148111,Ishwarya N,3
4507,AIML,3,U23CS404,U23CS404 - Computer Science & Software Systems (Sem 3),722824148111,Ishwarya N,3
4508,AIML,3,U23MA204,U23MA204 - Advanced Mathematics & Statistics (Sem 3),722824148111,Ishwarya N,3
4509,AIML,3,U23CS491,U23CS491 - Computer Science & Software Systems (Sem 3),722824148111,Ishwarya N,3
4510,AIML,3,U23AD483,U23AD483 - Artificial Intelligence & Data Science (Sem 3),722824148111,Ishwarya N,3
4511,AIML,3,U23CS403,U23CS403 - Computer Science & Software Systems (Sem 3),722824148112,Kavya B,3
4512,AIML,3,U23CS404,U23CS404 - Computer Science & Software Systems (Sem 3),722824148112,Kavya B,3
4513,AIML,3,U23MA204,U23MA204 - Advanced Mathematics & Statistics (Sem 3),722824148112,Kavya B,3
4514,AIML,3,U23CS491,U23CS491 - Computer Science & Software Systems (Sem 3),722824148112,Kavya B,3
4515,AIML,3,U23AD483,U23AD483 - Artificial Intelligence & Data Science (Sem 3),722824148112,Kavya B,3
4516,AIML,3,U23CS403,U23CS403 - Computer Science & Software Systems (Sem 3),722824148113,Manoj N,3
4517,AIML,3,U23CS404,U23CS404 - Computer Science & Software Systems (Sem 3),722824148113,Manoj N,3
4518,AIML,3,U23MA204,U23MA204 - Advanced Mathematics & Statistics (Sem 3),722824148113,Manoj N,3
4519,AIML,3,U23CS491,U23CS491 - Computer Science & Software Systems (Sem 3),722824148113,Manoj N,3
4520,AIML,3,U23AD483,U23AD483 - Artificial Intelligence & Data Science (Sem 3),722824148113,Manoj N,3
4521,AIML,3,U23CS403,U23CS403 - Computer Science & Software Systems (Sem 3),722824148114,Deepak P,3
4522,AIML,3,U23CS404,U23CS404 - Computer Science & Software Systems (Sem 3),722824148114,Deepak P,3
4523,AIML,3,U23MA204,U23MA204 - Advanced Mathematics & Statistics (Sem 3),722824148114,Deepak P,3
4524,AIML,3,U23CS491,U23CS491 - Computer Science & Software Systems (Sem 3),722824148114,Deepak P,3
4525,AIML,3,U23AD483,U23AD483 - Artificial Intelligence & Data Science (Sem 3),722824148114,Deepak P,3
4526,AIML,3,U23CS403,U23CS403 - Computer Science & Software Systems (Sem 3),722824148115,Naveen P,3
4527,AIML,3,U23CS404,U23CS404 - Computer Science & Software Systems (Sem 3),722824148115,Naveen P,3
4528,AIML,3,U23MA204,U23MA204 - Advanced Mathematics & Statistics (Sem 3),722824148115,Naveen P,3
4529,AIML,3,U23CS491,U23CS491 - Computer Science & Software Systems (Sem 3),722824148115,Naveen P,3
4530,AIML,3,U23AD483,U23AD483 - Artificial Intelligence & Data Science (Sem 3),722824148115,Naveen P,3
4531,AIML,3,U23CS403,U23CS403 - Computer Science & Software Systems (Sem 3),722824148117,Jayant P,3
4532,AIML,3,U23CS404,U23CS404 - Computer Science & Software Systems (Sem 3),722824148117,Jayant P,3
4533,AIML,3,U23MA204,U23MA204 - Advanced Mathematics & Statistics (Sem 3),722824148117,Jayant P,3
4534,AIML,3,U23CS491,U23CS491 - Computer Science & Software Systems (Sem 3),722824148117,Jayant P,3
4535,AIML,3,U23AD483,U23AD483 - Artificial Intelligence & Data Science (Sem 3),722824148117,Jayant P,3
4536,AIML,3,U23CS403,U23CS403 - Computer Science & Software Systems (Sem 3),722824148119,Elango B,3
4537,AIML,3,U23CS404,U23CS404 - Computer Science & Software Systems (Sem 3),722824148119,Elango B,3
4538,AIML,3,U23MA204,U23MA204 - Advanced Mathematics & Statistics (Sem 3),722824148119,Elango B,3
4539,AIML,3,U23CS491,U23CS491 - Computer Science & Software Systems (Sem 3),722824148119,Elango B,3
4540,AIML,3,U23AD483,U23AD483 - Artificial Intelligence & Data Science (Sem 3),722824148119,Elango B,3
4541,AIML,3,U23CS403,U23CS403 - Computer Science & Software Systems (Sem 3),722824148120,Chandran K,3
4542,AIML,3,U23CS404,U23CS404 - Computer Science & Software Systems (Sem 3),722824148120,Chandran K,3
4543,AIML,3,U23MA204,U23MA204 - Advanced Mathematics & Statistics (Sem 3),722824148120,Chandran K,3
4544,AIML,3,U23CS491,U23CS491 - Computer Science & Software Systems (Sem 3),722824148120,Chandran K,3
4545,AIML,3,U23AD483,U23AD483 - Artificial Intelligence & Data Science (Sem 3),722824148120,Chandran K,3
4546,AIML,5,U23AD511,U23AD511 - Artificial Intelligence & Data Science (Sem 5),722823148101,Chandran K,3
4547,AIML,5,U23AM492,U23AM492 - Machine Learning & Neural Networks (Sem 5),722823148101,Chandran K,3
4548,AIML,5,U23AD484,U23AD484 - Artificial Intelligence & Data Science (Sem 5),722823148101,Chandran K,3
4549,AIML,5,U23IT484,U23IT484 - Information Technology & Cloud Systems (Sem 5),722823148101,Chandran K,3
4550,AIML,5,U23EC382,U23EC382 - Electronics & Communication Systems (Sem 5),722823148101,Chandran K,3
4551,AIML,5,U23CB593,U23CB593 - Computer Science & Business Systems (Sem 5),722823148101,Chandran K,3
4552,AIML,5,U23EC384,U23EC384 - Electronics & Communication Systems (Sem 5),722823148101,Chandran K,3
4553,AIML,5,U23CS522,U23CS522 - Computer Science & Software Systems (Sem 5),722823148101,Chandran K,3
4554,AIML,5,U23AD511,U23AD511 - Artificial Intelligence & Data Science (Sem 5),722823148102,Naveen K,3
4555,AIML,5,U23AM492,U23AM492 - Machine Learning & Neural Networks (Sem 5),722823148102,Naveen K,3
4556,AIML,5,U23AD484,U23AD484 - Artificial Intelligence & Data Science (Sem 5),722823148102,Naveen K,3
4557,AIML,5,U23IT484,U23IT484 - Information Technology & Cloud Systems (Sem 5),722823148102,Naveen K,3
4558,AIML,5,U23EC382,U23EC382 - Electronics & Communication Systems (Sem 5),722823148102,Naveen K,3
4559,AIML,5,U23CB593,U23CB593 - Computer Science & Business Systems (Sem 5),722823148102,Naveen K,3
4560,AIML,5,U23EC384,U23EC384 - Electronics & Communication Systems (Sem 5),722823148102,Naveen K,3
4561,AIML,5,U23CS522,U23CS522 - Computer Science & Software Systems (Sem 5),722823148102,Naveen K,3
4562,AIML,5,U23AD511,U23AD511 - Artificial Intelligence & Data Science (Sem 5),722823148103,Lakshmi S,3
4563,AIML,5,U23AM492,U23AM492 - Machine Learning & Neural Networks (Sem 5),722823148103,Lakshmi S,3
4564,AIML,5,U23AD484,U23AD484 - Artificial Intelligence & Data Science (Sem 5),722823148103,Lakshmi S,3
4565,AIML,5,U23IT484,U23IT484 - Information Technology & Cloud Systems (Sem 5),722823148103,Lakshmi S,3
4566,AIML,5,U23EC382,U23EC382 - Electronics & Communication Systems (Sem 5),722823148103,Lakshmi S,3
4567,AIML,5,U23CB593,U23CB593 - Computer Science & Business Systems (Sem 5),722823148103,Lakshmi S,3
4568,AIML,5,U23EC384,U23EC384 - Electronics & Communication Systems (Sem 5),722823148103,Lakshmi S,3
4569,AIML,5,U23CS522,U23CS522 - Computer Science & Software Systems (Sem 5),722823148103,Lakshmi S,3
4570,AIML,5,U23AD511,U23AD511 - Artificial Intelligence & Data Science (Sem 5),722823148104,Swetha M,3
4571,AIML,5,U23AM492,U23AM492 - Machine Learning & Neural Networks (Sem 5),722823148104,Swetha M,3
4572,AIML,5,U23AD484,U23AD484 - Artificial Intelligence & Data Science (Sem 5),722823148104,Swetha M,3
4573,AIML,5,U23IT484,U23IT484 - Information Technology & Cloud Systems (Sem 5),722823148104,Swetha M,3
4574,AIML,5,U23EC382,U23EC382 - Electronics & Communication Systems (Sem 5),722823148104,Swetha M,3
4575,AIML,5,U23CB593,U23CB593 - Computer Science & Business Systems (Sem 5),722823148104,Swetha M,3
4576,AIML,5,U23EC384,U23EC384 - Electronics & Communication Systems (Sem 5),722823148104,Swetha M,3
4577,AIML,5,U23CS522,U23CS522 - Computer Science & Software Systems (Sem 5),722823148104,Swetha M,3
4578,AIML,5,U23AD511,U23AD511 - Artificial Intelligence & Data Science (Sem 5),722823148105,Vidyut T,3
4579,AIML,5,U23AM492,U23AM492 - Machine Learning & Neural Networks (Sem 5),722823148105,Vidyut T,3
4580,AIML,5,U23AD484,U23AD484 - Artificial Intelligence & Data Science (Sem 5),722823148105,Vidyut T,3
4581,AIML,5,U23IT484,U23IT484 - Information Technology & Cloud Systems (Sem 5),722823148105,Vidyut T,3
4582,AIML,5,U23EC382,U23EC382 - Electronics & Communication Systems (Sem 5),722823148105,Vidyut T,3
4583,AIML,5,U23CB593,U23CB593 - Computer Science & Business Systems (Sem 5),722823148105,Vidyut T,3
4584,AIML,5,U23EC384,U23EC384 - Electronics & Communication Systems (Sem 5),722823148105,Vidyut T,3
4585,AIML,5,U23CS522,U23CS522 - Computer Science & Software Systems (Sem 5),722823148105,Vidyut T,3
4586,AIML,5,U23AD511,U23AD511 - Artificial Intelligence & Data Science (Sem 5),722823148106,Swetha P,3
4587,AIML,5,U23AM492,U23AM492 - Machine Learning & Neural Networks (Sem 5),722823148106,Swetha P,3
4588,AIML,5,U23AD484,U23AD484 - Artificial Intelligence & Data Science (Sem 5),722823148106,Swetha P,3
4589,AIML,5,U23IT484,U23IT484 - Information Technology & Cloud Systems (Sem 5),722823148106,Swetha P,3
4590,AIML,5,U23EC382,U23EC382 - Electronics & Communication Systems (Sem 5),722823148106,Swetha P,3
4591,AIML,5,U23CB593,U23CB593 - Computer Science & Business Systems (Sem 5),722823148106,Swetha P,3
4592,AIML,5,U23EC384,U23EC384 - Electronics & Communication Systems (Sem 5),722823148106,Swetha P,3
4593,AIML,5,U23CS522,U23CS522 - Computer Science & Software Systems (Sem 5),722823148106,Swetha P,3
4594,AIML,5,U23AD511,U23AD511 - Artificial Intelligence & Data Science (Sem 5),722823148107,Deepak N,3
4595,AIML,5,U23AM492,U23AM492 - Machine Learning & Neural Networks (Sem 5),722823148107,Deepak N,3
4596,AIML,5,U23AD484,U23AD484 - Artificial Intelligence & Data Science (Sem 5),722823148107,Deepak N,3
4597,AIML,5,U23IT484,U23IT484 - Information Technology & Cloud Systems (Sem 5),722823148107,Deepak N,3
4598,AIML,5,U23EC382,U23EC382 - Electronics & Communication Systems (Sem 5),722823148107,Deepak N,3
4599,AIML,5,U23CB593,U23CB593 - Computer Science & Business Systems (Sem 5),722823148107,Deepak N,3
4600,AIML,5,U23EC384,U23EC384 - Electronics & Communication Systems (Sem 5),722823148107,Deepak N,3
4601,AIML,5,U23CS522,U23CS522 - Computer Science & Software Systems (Sem 5),722823148107,Deepak N,3
4602,AIML,5,U23AD511,U23AD511 - Artificial Intelligence & Data Science (Sem 5),722823148108,Lakshmi N,3
4603,AIML,5,U23AM492,U23AM492 - Machine Learning & Neural Networks (Sem 5),722823148108,Lakshmi N,3
4604,AIML,5,U23AD484,U23AD484 - Artificial Intelligence & Data Science (Sem 5),722823148108,Lakshmi N,3
4605,AIML,5,U23IT484,U23IT484 - Information Technology & Cloud Systems (Sem 5),722823148108,Lakshmi N,3
4606,AIML,5,U23EC382,U23EC382 - Electronics & Communication Systems (Sem 5),722823148108,Lakshmi N,3
4607,AIML,5,U23CB593,U23CB593 - Computer Science & Business Systems (Sem 5),722823148108,Lakshmi N,3
4608,AIML,5,U23EC384,U23EC384 - Electronics & Communication Systems (Sem 5),722823148108,Lakshmi N,3
4609,AIML,5,U23CS522,U23CS522 - Computer Science & Software Systems (Sem 5),722823148108,Lakshmi N,3
4610,AIML,5,U23AD511,U23AD511 - Artificial Intelligence & Data Science (Sem 5),722823148109,Bhavana V,3
4611,AIML,5,U23AM492,U23AM492 - Machine Learning & Neural Networks (Sem 5),722823148109,Bhavana V,3
4612,AIML,5,U23AD484,U23AD484 - Artificial Intelligence & Data Science (Sem 5),722823148109,Bhavana V,3
4613,AIML,5,U23IT484,U23IT484 - Information Technology & Cloud Systems (Sem 5),722823148109,Bhavana V,3
4614,AIML,5,U23EC382,U23EC382 - Electronics & Communication Systems (Sem 5),722823148109,Bhavana V,3
4615,AIML,5,U23CB593,U23CB593 - Computer Science & Business Systems (Sem 5),722823148109,Bhavana V,3
4616,AIML,5,U23EC384,U23EC384 - Electronics & Communication Systems (Sem 5),722823148109,Bhavana V,3
4617,AIML,5,U23CS522,U23CS522 - Computer Science & Software Systems (Sem 5),722823148109,Bhavana V,3
4618,AIML,5,U23AD511,U23AD511 - Artificial Intelligence & Data Science (Sem 5),722823148110,Yash V,3
4619,AIML,5,U23AM492,U23AM492 - Machine Learning & Neural Networks (Sem 5),722823148110,Yash V,3
4620,AIML,5,U23AD484,U23AD484 - Artificial Intelligence & Data Science (Sem 5),722823148110,Yash V,3
4621,AIML,5,U23IT484,U23IT484 - Information Technology & Cloud Systems (Sem 5),722823148110,Yash V,3
4622,AIML,5,U23EC382,U23EC382 - Electronics & Communication Systems (Sem 5),722823148110,Yash V,3
4623,AIML,5,U23CB593,U23CB593 - Computer Science & Business Systems (Sem 5),722823148110,Yash V,3
4624,AIML,5,U23EC384,U23EC384 - Electronics & Communication Systems (Sem 5),722823148110,Yash V,3
4625,AIML,5,U23CS522,U23CS522 - Computer Science & Software Systems (Sem 5),722823148110,Yash V,3
4626,AIML,5,U23AD511,U23AD511 - Artificial Intelligence & Data Science (Sem 5),722823148111,Lakshmi K,3
4627,AIML,5,U23AM492,U23AM492 - Machine Learning & Neural Networks (Sem 5),722823148111,Lakshmi K,3
4628,AIML,5,U23AD484,U23AD484 - Artificial Intelligence & Data Science (Sem 5),722823148111,Lakshmi K,3
4629,AIML,5,U23IT484,U23IT484 - Information Technology & Cloud Systems (Sem 5),722823148111,Lakshmi K,3
4630,AIML,5,U23EC382,U23EC382 - Electronics & Communication Systems (Sem 5),722823148111,Lakshmi K,3
4631,AIML,5,U23CB593,U23CB593 - Computer Science & Business Systems (Sem 5),722823148111,Lakshmi K,3
4632,AIML,5,U23EC384,U23EC384 - Electronics & Communication Systems (Sem 5),722823148111,Lakshmi K,3
4633,AIML,5,U23CS522,U23CS522 - Computer Science & Software Systems (Sem 5),722823148111,Lakshmi K,3
4634,AIML,5,U23AD511,U23AD511 - Artificial Intelligence & Data Science (Sem 5),722823148112,Vidyut T,3
4635,AIML,5,U23AM492,U23AM492 - Machine Learning & Neural Networks (Sem 5),722823148112,Vidyut T,3
4636,AIML,5,U23AD484,U23AD484 - Artificial Intelligence & Data Science (Sem 5),722823148112,Vidyut T,3
4637,AIML,5,U23IT484,U23IT484 - Information Technology & Cloud Systems (Sem 5),722823148112,Vidyut T,3
4638,AIML,5,U23EC382,U23EC382 - Electronics & Communication Systems (Sem 5),722823148112,Vidyut T,3
4639,AIML,5,U23CB593,U23CB593 - Computer Science & Business Systems (Sem 5),722823148112,Vidyut T,3
4640,AIML,5,U23EC384,U23EC384 - Electronics & Communication Systems (Sem 5),722823148112,Vidyut T,3
4641,AIML,5,U23CS522,U23CS522 - Computer Science & Software Systems (Sem 5),722823148112,Vidyut T,3
4642,AIML,5,U23AD511,U23AD511 - Artificial Intelligence & Data Science (Sem 5),722823148113,Harini S,3
4643,AIML,5,U23AM492,U23AM492 - Machine Learning & Neural Networks (Sem 5),722823148113,Harini S,3
4644,AIML,5,U23AD484,U23AD484 - Artificial Intelligence & Data Science (Sem 5),722823148113,Harini S,3
4645,AIML,5,U23IT484,U23IT484 - Information Technology & Cloud Systems (Sem 5),722823148113,Harini S,3
4646,AIML,5,U23EC382,U23EC382 - Electronics & Communication Systems (Sem 5),722823148113,Harini S,3
4647,AIML,5,U23CB593,U23CB593 - Computer Science & Business Systems (Sem 5),722823148113,Harini S,3
4648,AIML,5,U23EC384,U23EC384 - Electronics & Communication Systems (Sem 5),722823148113,Harini S,3
4649,AIML,5,U23CS522,U23CS522 - Computer Science & Software Systems (Sem 5),722823148113,Harini S,3
4650,AIML,5,U23AD511,U23AD511 - Artificial Intelligence & Data Science (Sem 5),722823148114,Rahul R,3
4651,AIML,5,U23AM492,U23AM492 - Machine Learning & Neural Networks (Sem 5),722823148114,Rahul R,3
4652,AIML,5,U23AD484,U23AD484 - Artificial Intelligence & Data Science (Sem 5),722823148114,Rahul R,3
4653,AIML,5,U23IT484,U23IT484 - Information Technology & Cloud Systems (Sem 5),722823148114,Rahul R,3
4654,AIML,5,U23EC382,U23EC382 - Electronics & Communication Systems (Sem 5),722823148114,Rahul R,3
4655,AIML,5,U23CB593,U23CB593 - Computer Science & Business Systems (Sem 5),722823148114,Rahul R,3
4656,AIML,5,U23EC384,U23EC384 - Electronics & Communication Systems (Sem 5),722823148114,Rahul R,3
4657,AIML,5,U23CS522,U23CS522 - Computer Science & Software Systems (Sem 5),722823148114,Rahul R,3
4658,AIML,5,U23AD511,U23AD511 - Artificial Intelligence & Data Science (Sem 5),722823148115,Deepak P,3
4659,AIML,5,U23AM492,U23AM492 - Machine Learning & Neural Networks (Sem 5),722823148115,Deepak P,3
4660,AIML,5,U23AD484,U23AD484 - Artificial Intelligence & Data Science (Sem 5),722823148115,Deepak P,3
4661,AIML,5,U23IT484,U23IT484 - Information Technology & Cloud Systems (Sem 5),722823148115,Deepak P,3
4662,AIML,5,U23EC382,U23EC382 - Electronics & Communication Systems (Sem 5),722823148115,Deepak P,3
4663,AIML,5,U23CB593,U23CB593 - Computer Science & Business Systems (Sem 5),722823148115,Deepak P,3
4664,AIML,5,U23EC384,U23EC384 - Electronics & Communication Systems (Sem 5),722823148115,Deepak P,3
4665,AIML,5,U23CS522,U23CS522 - Computer Science & Software Systems (Sem 5),722823148115,Deepak P,3
4666,AIML,5,U23AD511,U23AD511 - Artificial Intelligence & Data Science (Sem 5),722823148116,Swetha P,3
4667,AIML,5,U23AM492,U23AM492 - Machine Learning & Neural Networks (Sem 5),722823148116,Swetha P,3
4668,AIML,5,U23AD484,U23AD484 - Artificial Intelligence & Data Science (Sem 5),722823148116,Swetha P,3
4669,AIML,5,U23IT484,U23IT484 - Information Technology & Cloud Systems (Sem 5),722823148116,Swetha P,3
4670,AIML,5,U23EC382,U23EC382 - Electronics & Communication Systems (Sem 5),722823148116,Swetha P,3
4671,AIML,5,U23CB593,U23CB593 - Computer Science & Business Systems (Sem 5),722823148116,Swetha P,3
4672,AIML,5,U23EC384,U23EC384 - Electronics & Communication Systems (Sem 5),722823148116,Swetha P,3
4673,AIML,5,U23CS522,U23CS522 - Computer Science & Software Systems (Sem 5),722823148116,Swetha P,3
4674,AIML,5,U23AD511,U23AD511 - Artificial Intelligence & Data Science (Sem 5),722823148117,Deepak V,3
4675,AIML,5,U23AM492,U23AM492 - Machine Learning & Neural Networks (Sem 5),722823148117,Deepak V,3
4676,AIML,5,U23AD484,U23AD484 - Artificial Intelligence & Data Science (Sem 5),722823148117,Deepak V,3
4677,AIML,5,U23IT484,U23IT484 - Information Technology & Cloud Systems (Sem 5),722823148117,Deepak V,3
4678,AIML,5,U23EC382,U23EC382 - Electronics & Communication Systems (Sem 5),722823148117,Deepak V,3
4679,AIML,5,U23CB593,U23CB593 - Computer Science & Business Systems (Sem 5),722823148117,Deepak V,3
4680,AIML,5,U23EC384,U23EC384 - Electronics & Communication Systems (Sem 5),722823148117,Deepak V,3
4681,AIML,5,U23CS522,U23CS522 - Computer Science & Software Systems (Sem 5),722823148117,Deepak V,3
4682,AIML,5,U23AD511,U23AD511 - Artificial Intelligence & Data Science (Sem 5),722823148118,Vidyut R,3
4683,AIML,5,U23AM492,U23AM492 - Machine Learning & Neural Networks (Sem 5),722823148118,Vidyut R,3
4684,AIML,5,U23AD484,U23AD484 - Artificial Intelligence & Data Science (Sem 5),722823148118,Vidyut R,3
4685,AIML,5,U23IT484,U23IT484 - Information Technology & Cloud Systems (Sem 5),722823148118,Vidyut R,3
4686,AIML,5,U23EC382,U23EC382 - Electronics & Communication Systems (Sem 5),722823148118,Vidyut R,3
4687,AIML,5,U23CB593,U23CB593 - Computer Science & Business Systems (Sem 5),722823148118,Vidyut R,3
4688,AIML,5,U23EC384,U23EC384 - Electronics & Communication Systems (Sem 5),722823148118,Vidyut R,3
4689,AIML,5,U23CS522,U23CS522 - Computer Science & Software Systems (Sem 5),722823148118,Vidyut R,3
4690,AIML,5,U23AD511,U23AD511 - Artificial Intelligence & Data Science (Sem 5),722823148119,Naveen T,3
4691,AIML,5,U23AM492,U23AM492 - Machine Learning & Neural Networks (Sem 5),722823148119,Naveen T,3
4692,AIML,5,U23AD484,U23AD484 - Artificial Intelligence & Data Science (Sem 5),722823148119,Naveen T,3
4693,AIML,5,U23IT484,U23IT484 - Information Technology & Cloud Systems (Sem 5),722823148119,Naveen T,3
4694,AIML,5,U23EC382,U23EC382 - Electronics & Communication Systems (Sem 5),722823148119,Naveen T,3
4695,AIML,5,U23CB593,U23CB593 - Computer Science & Business Systems (Sem 5),722823148119,Naveen T,3
4696,AIML,5,U23EC384,U23EC384 - Electronics & Communication Systems (Sem 5),722823148119,Naveen T,3
4697,AIML,5,U23CS522,U23CS522 - Computer Science & Software Systems (Sem 5),722823148119,Naveen T,3
4698,AIML,5,U23AD511,U23AD511 - Artificial Intelligence & Data Science (Sem 5),722823148120,Yash A,3
4699,AIML,5,U23AM492,U23AM492 - Machine Learning & Neural Networks (Sem 5),722823148120,Yash A,3
4700,AIML,5,U23AD484,U23AD484 - Artificial Intelligence & Data Science (Sem 5),722823148120,Yash A,3
4701,AIML,5,U23IT484,U23IT484 - Information Technology & Cloud Systems (Sem 5),722823148120,Yash A,3
4702,AIML,5,U23EC382,U23EC382 - Electronics & Communication Systems (Sem 5),722823148120,Yash A,3
4703,AIML,5,U23CB593,U23CB593 - Computer Science & Business Systems (Sem 5),722823148120,Yash A,3
4704,AIML,5,U23EC384,U23EC384 - Electronics & Communication Systems (Sem 5),722823148120,Yash A,3
4705,AIML,5,U23CS522,U23CS522 - Computer Science & Software Systems (Sem 5),722823148120,Yash A,3
4706,AIML,7,U23CB103,U23CB103 - Computer Science & Business Systems (Sem 7),722822148101,Swetha M,3
4707,AIML,7,U23CB104,U23CB104 - Computer Science & Business Systems (Sem 7),722822148101,Swetha M,3
4708,AIML,7,U23CS522,U23CS522 - Computer Science & Software Systems (Sem 7),722822148101,Swetha M,3
4709,AIML,7,U23IT483,U23IT483 - Information Technology & Cloud Systems (Sem 7),722822148101,Swetha M,3
4710,AIML,7,U23OME07,U23OME07 - AIML Core Subject (Sem 7),722822148101,Swetha M,3
4711,AIML,7,U23AD511,U23AD511 - Artificial Intelligence & Data Science (Sem 7),722822148101,Swetha M,3
4712,AIML,7,U23CB103,U23CB103 - Computer Science & Business Systems (Sem 7),722822148102,Yash V,3
4713,AIML,7,U23CB104,U23CB104 - Computer Science & Business Systems (Sem 7),722822148102,Yash V,3
4714,AIML,7,U23CS522,U23CS522 - Computer Science & Software Systems (Sem 7),722822148102,Yash V,3
4715,AIML,7,U23IT483,U23IT483 - Information Technology & Cloud Systems (Sem 7),722822148102,Yash V,3
4716,AIML,7,U23OME07,U23OME07 - AIML Core Subject (Sem 7),722822148102,Yash V,3
4717,AIML,7,U23AD511,U23AD511 - Artificial Intelligence & Data Science (Sem 7),722822148102,Yash V,3
4718,AIML,7,U23CB103,U23CB103 - Computer Science & Business Systems (Sem 7),722822148103,Aravind S,3
4719,AIML,7,U23CB104,U23CB104 - Computer Science & Business Systems (Sem 7),722822148103,Aravind S,3
4720,AIML,7,U23CS522,U23CS522 - Computer Science & Software Systems (Sem 7),722822148103,Aravind S,3
4721,AIML,7,U23IT483,U23IT483 - Information Technology & Cloud Systems (Sem 7),722822148103,Aravind S,3
4722,AIML,7,U23OME07,U23OME07 - AIML Core Subject (Sem 7),722822148103,Aravind S,3
4723,AIML,7,U23AD511,U23AD511 - Artificial Intelligence & Data Science (Sem 7),722822148103,Aravind S,3
4724,AIML,7,U23CB103,U23CB103 - Computer Science & Business Systems (Sem 7),722822148104,Jayant V,3
4725,AIML,7,U23CB104,U23CB104 - Computer Science & Business Systems (Sem 7),722822148104,Jayant V,3
4726,AIML,7,U23CS522,U23CS522 - Computer Science & Software Systems (Sem 7),722822148104,Jayant V,3
4727,AIML,7,U23IT483,U23IT483 - Information Technology & Cloud Systems (Sem 7),722822148104,Jayant V,3
4728,AIML,7,U23OME07,U23OME07 - AIML Core Subject (Sem 7),722822148104,Jayant V,3
4729,AIML,7,U23AD511,U23AD511 - Artificial Intelligence & Data Science (Sem 7),722822148104,Jayant V,3
4730,AIML,7,U23CB103,U23CB103 - Computer Science & Business Systems (Sem 7),722822148105,Kavya P,3
4731,AIML,7,U23CB104,U23CB104 - Computer Science & Business Systems (Sem 7),722822148105,Kavya P,3
4732,AIML,7,U23CS522,U23CS522 - Computer Science & Software Systems (Sem 7),722822148105,Kavya P,3
4733,AIML,7,U23IT483,U23IT483 - Information Technology & Cloud Systems (Sem 7),722822148105,Kavya P,3
4734,AIML,7,U23OME07,U23OME07 - AIML Core Subject (Sem 7),722822148105,Kavya P,3
4735,AIML,7,U23AD511,U23AD511 - Artificial Intelligence & Data Science (Sem 7),722822148105,Kavya P,3
4736,AIML,7,U23CB103,U23CB103 - Computer Science & Business Systems (Sem 7),722822148106,Aravind S,3
4737,AIML,7,U23CB104,U23CB104 - Computer Science & Business Systems (Sem 7),722822148106,Aravind S,3
4738,AIML,7,U23CS522,U23CS522 - Computer Science & Software Systems (Sem 7),722822148106,Aravind S,3
4739,AIML,7,U23IT483,U23IT483 - Information Technology & Cloud Systems (Sem 7),722822148106,Aravind S,3
4740,AIML,7,U23OME07,U23OME07 - AIML Core Subject (Sem 7),722822148106,Aravind S,3
4741,AIML,7,U23AD511,U23AD511 - Artificial Intelligence & Data Science (Sem 7),722822148106,Aravind S,3
4742,AIML,7,U23CB103,U23CB103 - Computer Science & Business Systems (Sem 7),722822148107,Elango A,3
4743,AIML,7,U23CB104,U23CB104 - Computer Science & Business Systems (Sem 7),722822148107,Elango A,3
4744,AIML,7,U23CS522,U23CS522 - Computer Science & Software Systems (Sem 7),722822148107,Elango A,3
4745,AIML,7,U23IT483,U23IT483 - Information Technology & Cloud Systems (Sem 7),722822148107,Elango A,3
4746,AIML,7,U23OME07,U23OME07 - AIML Core Subject (Sem 7),722822148107,Elango A,3
4747,AIML,7,U23AD511,U23AD511 - Artificial Intelligence & Data Science (Sem 7),722822148107,Elango A,3
4748,AIML,7,U23CB103,U23CB103 - Computer Science & Business Systems (Sem 7),722822148108,Manoj K,3
4749,AIML,7,U23CB104,U23CB104 - Computer Science & Business Systems (Sem 7),722822148108,Manoj K,3
4750,AIML,7,U23CS522,U23CS522 - Computer Science & Software Systems (Sem 7),722822148108,Manoj K,3
4751,AIML,7,U23IT483,U23IT483 - Information Technology & Cloud Systems (Sem 7),722822148108,Manoj K,3
4752,AIML,7,U23OME07,U23OME07 - AIML Core Subject (Sem 7),722822148108,Manoj K,3
4753,AIML,7,U23AD511,U23AD511 - Artificial Intelligence & Data Science (Sem 7),722822148108,Manoj K,3
4754,AIML,7,U23CB103,U23CB103 - Computer Science & Business Systems (Sem 7),722822148109,Elango M,3
4755,AIML,7,U23CB104,U23CB104 - Computer Science & Business Systems (Sem 7),722822148109,Elango M,3
4756,AIML,7,U23CS522,U23CS522 - Computer Science & Software Systems (Sem 7),722822148109,Elango M,3
4757,AIML,7,U23IT483,U23IT483 - Information Technology & Cloud Systems (Sem 7),722822148109,Elango M,3
4758,AIML,7,U23OME07,U23OME07 - AIML Core Subject (Sem 7),722822148109,Elango M,3
4759,AIML,7,U23AD511,U23AD511 - Artificial Intelligence & Data Science (Sem 7),722822148109,Elango M,3
4760,AIML,7,U23CB103,U23CB103 - Computer Science & Business Systems (Sem 7),722822148110,Chandran T,3
4761,AIML,7,U23CB104,U23CB104 - Computer Science & Business Systems (Sem 7),722822148110,Chandran T,3
4762,AIML,7,U23CS522,U23CS522 - Computer Science & Software Systems (Sem 7),722822148110,Chandran T,3
4763,AIML,7,U23IT483,U23IT483 - Information Technology & Cloud Systems (Sem 7),722822148110,Chandran T,3
4764,AIML,7,U23OME07,U23OME07 - AIML Core Subject (Sem 7),722822148110,Chandran T,3
4765,AIML,7,U23AD511,U23AD511 - Artificial Intelligence & Data Science (Sem 7),722822148110,Chandran T,3
4766,AIML,7,U23CB103,U23CB103 - Computer Science & Business Systems (Sem 7),722822148111,Harini N,3
4767,AIML,7,U23CB104,U23CB104 - Computer Science & Business Systems (Sem 7),722822148111,Harini N,3
4768,AIML,7,U23CS522,U23CS522 - Computer Science & Software Systems (Sem 7),722822148111,Harini N,3
4769,AIML,7,U23IT483,U23IT483 - Information Technology & Cloud Systems (Sem 7),722822148111,Harini N,3
4770,AIML,7,U23OME07,U23OME07 - AIML Core Subject (Sem 7),722822148111,Harini N,3
4771,AIML,7,U23AD511,U23AD511 - Artificial Intelligence & Data Science (Sem 7),722822148111,Harini N,3
4772,AIML,7,U23CB103,U23CB103 - Computer Science & Business Systems (Sem 7),722822148112,Naveen B,3
4773,AIML,7,U23CB104,U23CB104 - Computer Science & Business Systems (Sem 7),722822148112,Naveen B,3
4774,AIML,7,U23CS522,U23CS522 - Computer Science & Software Systems (Sem 7),722822148112,Naveen B,3
4775,AIML,7,U23IT483,U23IT483 - Information Technology & Cloud Systems (Sem 7),722822148112,Naveen B,3
4776,AIML,7,U23OME07,U23OME07 - AIML Core Subject (Sem 7),722822148112,Naveen B,3
4777,AIML,7,U23AD511,U23AD511 - Artificial Intelligence & Data Science (Sem 7),722822148112,Naveen B,3
4778,AIML,7,U23CB103,U23CB103 - Computer Science & Business Systems (Sem 7),722822148113,Kavya S,3
4779,AIML,7,U23CB104,U23CB104 - Computer Science & Business Systems (Sem 7),722822148113,Kavya S,3
4780,AIML,7,U23CS522,U23CS522 - Computer Science & Software Systems (Sem 7),722822148113,Kavya S,3
4781,AIML,7,U23IT483,U23IT483 - Information Technology & Cloud Systems (Sem 7),722822148113,Kavya S,3
4782,AIML,7,U23OME07,U23OME07 - AIML Core Subject (Sem 7),722822148113,Kavya S,3
4783,AIML,7,U23AD511,U23AD511 - Artificial Intelligence & Data Science (Sem 7),722822148113,Kavya S,3
4784,AIML,7,U23CB103,U23CB103 - Computer Science & Business Systems (Sem 7),722822148114,Lakshmi V,3
4785,AIML,7,U23CB104,U23CB104 - Computer Science & Business Systems (Sem 7),722822148114,Lakshmi V,3
4786,AIML,7,U23CS522,U23CS522 - Computer Science & Software Systems (Sem 7),722822148114,Lakshmi V,3
4787,AIML,7,U23IT483,U23IT483 - Information Technology & Cloud Systems (Sem 7),722822148114,Lakshmi V,3
4788,AIML,7,U23OME07,U23OME07 - AIML Core Subject (Sem 7),722822148114,Lakshmi V,3
4789,AIML,7,U23AD511,U23AD511 - Artificial Intelligence & Data Science (Sem 7),722822148114,Lakshmi V,3
4790,AIML,7,U23CB103,U23CB103 - Computer Science & Business Systems (Sem 7),722822148115,Kavya A,3
4791,AIML,7,U23CB104,U23CB104 - Computer Science & Business Systems (Sem 7),722822148115,Kavya A,3
4792,AIML,7,U23CS522,U23CS522 - Computer Science & Software Systems (Sem 7),722822148115,Kavya A,3
4793,AIML,7,U23IT483,U23IT483 - Information Technology & Cloud Systems (Sem 7),722822148115,Kavya A,3
4794,AIML,7,U23OME07,U23OME07 - AIML Core Subject (Sem 7),722822148115,Kavya A,3
4795,AIML,7,U23AD511,U23AD511 - Artificial Intelligence & Data Science (Sem 7),722822148115,Kavya A,3
4796,AIML,7,U23CB103,U23CB103 - Computer Science & Business Systems (Sem 7),722822148116,Yash K,3
4797,AIML,7,U23CB104,U23CB104 - Computer Science & Business Systems (Sem 7),722822148116,Yash K,3
4798,AIML,7,U23CS522,U23CS522 - Computer Science & Software Systems (Sem 7),722822148116,Yash K,3
4799,AIML,7,U23IT483,U23IT483 - Information Technology & Cloud Systems (Sem 7),722822148116,Yash K,3
4800,AIML,7,U23OME07,U23OME07 - AIML Core Subject (Sem 7),722822148116,Yash K,3
4801,AIML,7,U23AD511,U23AD511 - Artificial Intelligence & Data Science (Sem 7),722822148116,Yash K,3
4802,AIML,7,U23CB103,U23CB103 - Computer Science & Business Systems (Sem 7),722822148117,Bhavana S,3
4803,AIML,7,U23CB104,U23CB104 - Computer Science & Business Systems (Sem 7),722822148117,Bhavana S,3
4804,AIML,7,U23CS522,U23CS522 - Computer Science & Software Systems (Sem 7),722822148117,Bhavana S,3
4805,AIML,7,U23IT483,U23IT483 - Information Technology & Cloud Systems (Sem 7),722822148117,Bhavana S,3
4806,AIML,7,U23OME07,U23OME07 - AIML Core Subject (Sem 7),722822148117,Bhavana S,3
4807,AIML,7,U23AD511,U23AD511 - Artificial Intelligence & Data Science (Sem 7),722822148117,Bhavana S,3
4808,AIML,7,U23CB103,U23CB103 - Computer Science & Business Systems (Sem 7),722822148118,Gokul A,3
4809,AIML,7,U23CB104,U23CB104 - Computer Science & Business Systems (Sem 7),722822148118,Gokul A,3
4810,AIML,7,U23CS522,U23CS522 - Computer Science & Software Systems (Sem 7),722822148118,Gokul A,3
4811,AIML,7,U23IT483,U23IT483 - Information Technology & Cloud Systems (Sem 7),722822148118,Gokul A,3
4812,AIML,7,U23OME07,U23OME07 - AIML Core Subject (Sem 7),722822148118,Gokul A,3
4813,AIML,7,U23AD511,U23AD511 - Artificial Intelligence & Data Science (Sem 7),722822148118,Gokul A,3
4814,AIML,7,U23CB103,U23CB103 - Computer Science & Business Systems (Sem 7),722822148119,Bhavana K,3
4815,AIML,7,U23CB104,U23CB104 - Computer Science & Business Systems (Sem 7),722822148119,Bhavana K,3
4816,AIML,7,U23CS522,U23CS522 - Computer Science & Software Systems (Sem 7),722822148119,Bhavana K,3
4817,AIML,7,U23IT483,U23IT483 - Information Technology & Cloud Systems (Sem 7),722822148119,Bhavana K,3
4818,AIML,7,U23OME07,U23OME07 - AIML Core Subject (Sem 7),722822148119,Bhavana K,3
4819,AIML,7,U23AD511,U23AD511 - Artificial Intelligence & Data Science (Sem 7),722822148119,Bhavana K,3
4820,AIML,7,U23CB103,U23CB103 - Computer Science & Business Systems (Sem 7),722822148120,Jayant B,3
4821,AIML,7,U23CB104,U23CB104 - Computer Science & Business Systems (Sem 7),722822148120,Jayant B,3
4822,AIML,7,U23CS522,U23CS522 - Computer Science & Software Systems (Sem 7),722822148120,Jayant B,3
4823,AIML,7,U23IT483,U23IT483 - Information Technology & Cloud Systems (Sem 7),722822148120,Jayant B,3
4824,AIML,7,U23OME07,U23OME07 - AIML Core Subject (Sem 7),722822148120,Jayant B,3
4825,AIML,7,U23AD511,U23AD511 - Artificial Intelligence & Data Science (Sem 7),722822148120,Jayant B,3
4826,CSY,3,U23MA211,U23MA211 - Advanced Mathematics & Statistics (Sem 3),722824149101,Naveen B,3
4827,CSY,3,U23CS403,U23CS403 - Computer Science & Software Systems (Sem 3),722824149101,Naveen B,3
4828,CSY,3,U23CS404,U23CS404 - Computer Science & Software Systems (Sem 3),722824149101,Naveen B,3
4829,CSY,3,U23SY483,U23SY483 - System Security & Cyber Forensics (Sem 3),722824149101,Naveen B,3
4830,CSY,3,U23CS491,U23CS491 - Computer Science & Software Systems (Sem 3),722824149101,Naveen B,3
4831,CSY,3,U23EC384,U23EC384 - Electronics & Communication Systems (Sem 3),722824149101,Naveen B,3
4832,CSY,3,U23MA211,U23MA211 - Advanced Mathematics & Statistics (Sem 3),722824149102,Yash B,3
4833,CSY,3,U23CS403,U23CS403 - Computer Science & Software Systems (Sem 3),722824149102,Yash B,3
4834,CSY,3,U23CS404,U23CS404 - Computer Science & Software Systems (Sem 3),722824149102,Yash B,3
4835,CSY,3,U23SY483,U23SY483 - System Security & Cyber Forensics (Sem 3),722824149102,Yash B,3
4836,CSY,3,U23CS491,U23CS491 - Computer Science & Software Systems (Sem 3),722824149102,Yash B,3
4837,CSY,3,U23EC384,U23EC384 - Electronics & Communication Systems (Sem 3),722824149102,Yash B,3
4838,CSY,3,U23MA211,U23MA211 - Advanced Mathematics & Statistics (Sem 3),722824149103,Naveen V,3
4839,CSY,3,U23CS403,U23CS403 - Computer Science & Software Systems (Sem 3),722824149103,Naveen V,3
4840,CSY,3,U23CS404,U23CS404 - Computer Science & Software Systems (Sem 3),722824149103,Naveen V,3
4841,CSY,3,U23SY483,U23SY483 - System Security & Cyber Forensics (Sem 3),722824149103,Naveen V,3
4842,CSY,3,U23CS491,U23CS491 - Computer Science & Software Systems (Sem 3),722824149103,Naveen V,3
4843,CSY,3,U23EC384,U23EC384 - Electronics & Communication Systems (Sem 3),722824149103,Naveen V,3
4844,CSY,3,U23MA211,U23MA211 - Advanced Mathematics & Statistics (Sem 3),722824149104,Harini T,3
4845,CSY,3,U23CS403,U23CS403 - Computer Science & Software Systems (Sem 3),722824149104,Harini T,3
4846,CSY,3,U23CS404,U23CS404 - Computer Science & Software Systems (Sem 3),722824149104,Harini T,3
4847,CSY,3,U23SY483,U23SY483 - System Security & Cyber Forensics (Sem 3),722824149104,Harini T,3
4848,CSY,3,U23CS491,U23CS491 - Computer Science & Software Systems (Sem 3),722824149104,Harini T,3
4849,CSY,3,U23EC384,U23EC384 - Electronics & Communication Systems (Sem 3),722824149104,Harini T,3
4850,CSY,3,U23MA211,U23MA211 - Advanced Mathematics & Statistics (Sem 3),722824149105,Deepak P,3
4851,CSY,3,U23CS403,U23CS403 - Computer Science & Software Systems (Sem 3),722824149105,Deepak P,3
4852,CSY,3,U23CS404,U23CS404 - Computer Science & Software Systems (Sem 3),722824149105,Deepak P,3
4853,CSY,3,U23SY483,U23SY483 - System Security & Cyber Forensics (Sem 3),722824149105,Deepak P,3
4854,CSY,3,U23CS491,U23CS491 - Computer Science & Software Systems (Sem 3),722824149105,Deepak P,3
4855,CSY,3,U23EC384,U23EC384 - Electronics & Communication Systems (Sem 3),722824149105,Deepak P,3
4856,CSY,3,U23MA211,U23MA211 - Advanced Mathematics & Statistics (Sem 3),722824149106,Naveen K,3
4857,CSY,3,U23CS403,U23CS403 - Computer Science & Software Systems (Sem 3),722824149106,Naveen K,3
4858,CSY,3,U23CS404,U23CS404 - Computer Science & Software Systems (Sem 3),722824149106,Naveen K,3
4859,CSY,3,U23SY483,U23SY483 - System Security & Cyber Forensics (Sem 3),722824149106,Naveen K,3
4860,CSY,3,U23CS491,U23CS491 - Computer Science & Software Systems (Sem 3),722824149106,Naveen K,3
4861,CSY,3,U23EC384,U23EC384 - Electronics & Communication Systems (Sem 3),722824149106,Naveen K,3
4862,CSY,3,U23MA211,U23MA211 - Advanced Mathematics & Statistics (Sem 3),722824149107,Karthik A,3
4863,CSY,3,U23CS403,U23CS403 - Computer Science & Software Systems (Sem 3),722824149107,Karthik A,3
4864,CSY,3,U23CS404,U23CS404 - Computer Science & Software Systems (Sem 3),722824149107,Karthik A,3
4865,CSY,3,U23SY483,U23SY483 - System Security & Cyber Forensics (Sem 3),722824149107,Karthik A,3
4866,CSY,3,U23CS491,U23CS491 - Computer Science & Software Systems (Sem 3),722824149107,Karthik A,3
4867,CSY,3,U23EC384,U23EC384 - Electronics & Communication Systems (Sem 3),722824149107,Karthik A,3
4868,CSY,3,U23MA211,U23MA211 - Advanced Mathematics & Statistics (Sem 3),722824149108,Rahul T,3
4869,CSY,3,U23CS403,U23CS403 - Computer Science & Software Systems (Sem 3),722824149108,Rahul T,3
4870,CSY,3,U23CS404,U23CS404 - Computer Science & Software Systems (Sem 3),722824149108,Rahul T,3
4871,CSY,3,U23SY483,U23SY483 - System Security & Cyber Forensics (Sem 3),722824149108,Rahul T,3
4872,CSY,3,U23CS491,U23CS491 - Computer Science & Software Systems (Sem 3),722824149108,Rahul T,3
4873,CSY,3,U23EC384,U23EC384 - Electronics & Communication Systems (Sem 3),722824149108,Rahul T,3
4874,CSY,3,U23MA211,U23MA211 - Advanced Mathematics & Statistics (Sem 3),722824149109,Karthik M,3
4875,CSY,3,U23CS403,U23CS403 - Computer Science & Software Systems (Sem 3),722824149109,Karthik M,3
4876,CSY,3,U23CS404,U23CS404 - Computer Science & Software Systems (Sem 3),722824149109,Karthik M,3
4877,CSY,3,U23SY483,U23SY483 - System Security & Cyber Forensics (Sem 3),722824149109,Karthik M,3
4878,CSY,3,U23CS491,U23CS491 - Computer Science & Software Systems (Sem 3),722824149109,Karthik M,3
4879,CSY,3,U23EC384,U23EC384 - Electronics & Communication Systems (Sem 3),722824149109,Karthik M,3
4880,CSY,3,U23MA211,U23MA211 - Advanced Mathematics & Statistics (Sem 3),722824149110,Ishwarya N,3
4881,CSY,3,U23CS403,U23CS403 - Computer Science & Software Systems (Sem 3),722824149110,Ishwarya N,3
4882,CSY,3,U23CS404,U23CS404 - Computer Science & Software Systems (Sem 3),722824149110,Ishwarya N,3
4883,CSY,3,U23SY483,U23SY483 - System Security & Cyber Forensics (Sem 3),722824149110,Ishwarya N,3
4884,CSY,3,U23CS491,U23CS491 - Computer Science & Software Systems (Sem 3),722824149110,Ishwarya N,3
4885,CSY,3,U23EC384,U23EC384 - Electronics & Communication Systems (Sem 3),722824149110,Ishwarya N,3
4886,CSY,3,U23MA211,U23MA211 - Advanced Mathematics & Statistics (Sem 3),722824149111,Yash M,3
4887,CSY,3,U23CS403,U23CS403 - Computer Science & Software Systems (Sem 3),722824149111,Yash M,3
4888,CSY,3,U23CS404,U23CS404 - Computer Science & Software Systems (Sem 3),722824149111,Yash M,3
4889,CSY,3,U23SY483,U23SY483 - System Security & Cyber Forensics (Sem 3),722824149111,Yash M,3
4890,CSY,3,U23CS491,U23CS491 - Computer Science & Software Systems (Sem 3),722824149111,Yash M,3
4891,CSY,3,U23EC384,U23EC384 - Electronics & Communication Systems (Sem 3),722824149111,Yash M,3
4892,CSY,3,U23MA211,U23MA211 - Advanced Mathematics & Statistics (Sem 3),722824149112,Aravind R,3
4893,CSY,3,U23CS403,U23CS403 - Computer Science & Software Systems (Sem 3),722824149112,Aravind R,3
4894,CSY,3,U23CS404,U23CS404 - Computer Science & Software Systems (Sem 3),722824149112,Aravind R,3
4895,CSY,3,U23SY483,U23SY483 - System Security & Cyber Forensics (Sem 3),722824149112,Aravind R,3
4896,CSY,3,U23CS491,U23CS491 - Computer Science & Software Systems (Sem 3),722824149112,Aravind R,3
4897,CSY,3,U23EC384,U23EC384 - Electronics & Communication Systems (Sem 3),722824149112,Aravind R,3
4898,CSY,3,U23MA211,U23MA211 - Advanced Mathematics & Statistics (Sem 3),722824149113,Karthik R,3
4899,CSY,3,U23CS403,U23CS403 - Computer Science & Software Systems (Sem 3),722824149113,Karthik R,3
4900,CSY,3,U23CS404,U23CS404 - Computer Science & Software Systems (Sem 3),722824149113,Karthik R,3
4901,CSY,3,U23SY483,U23SY483 - System Security & Cyber Forensics (Sem 3),722824149113,Karthik R,3
4902,CSY,3,U23CS491,U23CS491 - Computer Science & Software Systems (Sem 3),722824149113,Karthik R,3
4903,CSY,3,U23EC384,U23EC384 - Electronics & Communication Systems (Sem 3),722824149113,Karthik R,3
4904,CSY,3,U23MA211,U23MA211 - Advanced Mathematics & Statistics (Sem 3),722824149114,Elango V,3
4905,CSY,3,U23CS403,U23CS403 - Computer Science & Software Systems (Sem 3),722824149114,Elango V,3
4906,CSY,3,U23CS404,U23CS404 - Computer Science & Software Systems (Sem 3),722824149114,Elango V,3
4907,CSY,3,U23SY483,U23SY483 - System Security & Cyber Forensics (Sem 3),722824149114,Elango V,3
4908,CSY,3,U23CS491,U23CS491 - Computer Science & Software Systems (Sem 3),722824149114,Elango V,3
4909,CSY,3,U23EC384,U23EC384 - Electronics & Communication Systems (Sem 3),722824149114,Elango V,3
4910,CSY,3,U23MA211,U23MA211 - Advanced Mathematics & Statistics (Sem 3),722824149115,Karthik P,3
4911,CSY,3,U23CS403,U23CS403 - Computer Science & Software Systems (Sem 3),722824149115,Karthik P,3
4912,CSY,3,U23CS404,U23CS404 - Computer Science & Software Systems (Sem 3),722824149115,Karthik P,3
4913,CSY,3,U23SY483,U23SY483 - System Security & Cyber Forensics (Sem 3),722824149115,Karthik P,3
4914,CSY,3,U23CS491,U23CS491 - Computer Science & Software Systems (Sem 3),722824149115,Karthik P,3
4915,CSY,3,U23EC384,U23EC384 - Electronics & Communication Systems (Sem 3),722824149115,Karthik P,3
4916,CSY,3,U23MA211,U23MA211 - Advanced Mathematics & Statistics (Sem 3),722824149116,Deepak M,3
4917,CSY,3,U23CS403,U23CS403 - Computer Science & Software Systems (Sem 3),722824149116,Deepak M,3
4918,CSY,3,U23CS404,U23CS404 - Computer Science & Software Systems (Sem 3),722824149116,Deepak M,3
4919,CSY,3,U23SY483,U23SY483 - System Security & Cyber Forensics (Sem 3),722824149116,Deepak M,3
4920,CSY,3,U23CS491,U23CS491 - Computer Science & Software Systems (Sem 3),722824149116,Deepak M,3
4921,CSY,3,U23EC384,U23EC384 - Electronics & Communication Systems (Sem 3),722824149116,Deepak M,3
4922,CSY,3,U23MA211,U23MA211 - Advanced Mathematics & Statistics (Sem 3),722824149117,Rahul N,3
4923,CSY,3,U23CS403,U23CS403 - Computer Science & Software Systems (Sem 3),722824149117,Rahul N,3
4924,CSY,3,U23CS404,U23CS404 - Computer Science & Software Systems (Sem 3),722824149117,Rahul N,3
4925,CSY,3,U23SY483,U23SY483 - System Security & Cyber Forensics (Sem 3),722824149117,Rahul N,3
4926,CSY,3,U23CS491,U23CS491 - Computer Science & Software Systems (Sem 3),722824149117,Rahul N,3
4927,CSY,3,U23EC384,U23EC384 - Electronics & Communication Systems (Sem 3),722824149117,Rahul N,3
4928,CSY,3,U23MA211,U23MA211 - Advanced Mathematics & Statistics (Sem 3),722824149118,Gokul S,3
4929,CSY,3,U23CS403,U23CS403 - Computer Science & Software Systems (Sem 3),722824149118,Gokul S,3
4930,CSY,3,U23CS404,U23CS404 - Computer Science & Software Systems (Sem 3),722824149118,Gokul S,3
4931,CSY,3,U23SY483,U23SY483 - System Security & Cyber Forensics (Sem 3),722824149118,Gokul S,3
4932,CSY,3,U23CS491,U23CS491 - Computer Science & Software Systems (Sem 3),722824149118,Gokul S,3
4933,CSY,3,U23EC384,U23EC384 - Electronics & Communication Systems (Sem 3),722824149118,Gokul S,3
4934,CSY,3,U23MA211,U23MA211 - Advanced Mathematics & Statistics (Sem 3),722824149119,Manoj T,3
4935,CSY,3,U23CS403,U23CS403 - Computer Science & Software Systems (Sem 3),722824149119,Manoj T,3
4936,CSY,3,U23CS404,U23CS404 - Computer Science & Software Systems (Sem 3),722824149119,Manoj T,3
4937,CSY,3,U23SY483,U23SY483 - System Security & Cyber Forensics (Sem 3),722824149119,Manoj T,3
4938,CSY,3,U23CS491,U23CS491 - Computer Science & Software Systems (Sem 3),722824149119,Manoj T,3
4939,CSY,3,U23EC384,U23EC384 - Electronics & Communication Systems (Sem 3),722824149119,Manoj T,3
4940,CSY,3,U23MA211,U23MA211 - Advanced Mathematics & Statistics (Sem 3),722824149120,Ishwarya T,3
4941,CSY,3,U23CS403,U23CS403 - Computer Science & Software Systems (Sem 3),722824149120,Ishwarya T,3
4942,CSY,3,U23CS404,U23CS404 - Computer Science & Software Systems (Sem 3),722824149120,Ishwarya T,3
4943,CSY,3,U23SY483,U23SY483 - System Security & Cyber Forensics (Sem 3),722824149120,Ishwarya T,3
4944,CSY,3,U23CS491,U23CS491 - Computer Science & Software Systems (Sem 3),722824149120,Ishwarya T,3
4945,CSY,3,U23EC384,U23EC384 - Electronics & Communication Systems (Sem 3),722824149120,Ishwarya T,3
4946,CSY,5,U23SY402,U23SY402 - System Security & Cyber Forensics (Sem 5),722823149101,Swetha P,3
4947,CSY,5,U23SY484,U23SY484 - System Security & Cyber Forensics (Sem 5),722823149101,Swetha P,3
4948,CSY,5,U23CS584,U23CS584 - Computer Science & Software Systems (Sem 5),722823149101,Swetha P,3
4949,CSY,5,U23CS591,U23CS591 - Computer Science & Software Systems (Sem 5),722823149101,Swetha P,3
4950,CSY,5,U23CC583,U23CC583 - Cloud Computing & Cyber Security (Sem 5),722823149101,Swetha P,3
4951,CSY,5,U23IT593,U23IT593 - Information Technology & Cloud Systems (Sem 5),722823149101,Swetha P,3
4952,CSY,5,U23EC382,U23EC382 - Electronics & Communication Systems (Sem 5),722823149101,Swetha P,3
4953,CSY,5,U23CB593,U23CB593 - Computer Science & Business Systems (Sem 5),722823149101,Swetha P,3
4954,CSY,5,U23SY491,U23SY491 - System Security & Cyber Forensics (Sem 5),722823149101,Swetha P,3
4955,CSY,5,U23SY402,U23SY402 - System Security & Cyber Forensics (Sem 5),722823149102,Chandran N,3
4956,CSY,5,U23SY484,U23SY484 - System Security & Cyber Forensics (Sem 5),722823149102,Chandran N,3
4957,CSY,5,U23CS584,U23CS584 - Computer Science & Software Systems (Sem 5),722823149102,Chandran N,3
4958,CSY,5,U23CS591,U23CS591 - Computer Science & Software Systems (Sem 5),722823149102,Chandran N,3
4959,CSY,5,U23CC583,U23CC583 - Cloud Computing & Cyber Security (Sem 5),722823149102,Chandran N,3
4960,CSY,5,U23IT593,U23IT593 - Information Technology & Cloud Systems (Sem 5),722823149102,Chandran N,3
4961,CSY,5,U23EC382,U23EC382 - Electronics & Communication Systems (Sem 5),722823149102,Chandran N,3
4962,CSY,5,U23CB593,U23CB593 - Computer Science & Business Systems (Sem 5),722823149102,Chandran N,3
4963,CSY,5,U23SY491,U23SY491 - System Security & Cyber Forensics (Sem 5),722823149102,Chandran N,3
4964,CSY,5,U23SY402,U23SY402 - System Security & Cyber Forensics (Sem 5),722823149103,Bhavana N,3
4965,CSY,5,U23SY484,U23SY484 - System Security & Cyber Forensics (Sem 5),722823149103,Bhavana N,3
4966,CSY,5,U23CS584,U23CS584 - Computer Science & Software Systems (Sem 5),722823149103,Bhavana N,3
4967,CSY,5,U23CS591,U23CS591 - Computer Science & Software Systems (Sem 5),722823149103,Bhavana N,3
4968,CSY,5,U23CC583,U23CC583 - Cloud Computing & Cyber Security (Sem 5),722823149103,Bhavana N,3
4969,CSY,5,U23IT593,U23IT593 - Information Technology & Cloud Systems (Sem 5),722823149103,Bhavana N,3
4970,CSY,5,U23EC382,U23EC382 - Electronics & Communication Systems (Sem 5),722823149103,Bhavana N,3
4971,CSY,5,U23CB593,U23CB593 - Computer Science & Business Systems (Sem 5),722823149103,Bhavana N,3
4972,CSY,5,U23SY491,U23SY491 - System Security & Cyber Forensics (Sem 5),722823149103,Bhavana N,3
4973,CSY,5,U23SY402,U23SY402 - System Security & Cyber Forensics (Sem 5),722823149104,Aravind B,3
4974,CSY,5,U23SY484,U23SY484 - System Security & Cyber Forensics (Sem 5),722823149104,Aravind B,3
4975,CSY,5,U23CS584,U23CS584 - Computer Science & Software Systems (Sem 5),722823149104,Aravind B,3
4976,CSY,5,U23CS591,U23CS591 - Computer Science & Software Systems (Sem 5),722823149104,Aravind B,3
4977,CSY,5,U23CC583,U23CC583 - Cloud Computing & Cyber Security (Sem 5),722823149104,Aravind B,3
4978,CSY,5,U23IT593,U23IT593 - Information Technology & Cloud Systems (Sem 5),722823149104,Aravind B,3
4979,CSY,5,U23EC382,U23EC382 - Electronics & Communication Systems (Sem 5),722823149104,Aravind B,3
4980,CSY,5,U23CB593,U23CB593 - Computer Science & Business Systems (Sem 5),722823149104,Aravind B,3
4981,CSY,5,U23SY491,U23SY491 - System Security & Cyber Forensics (Sem 5),722823149104,Aravind B,3
4982,CSY,5,U23SY402,U23SY402 - System Security & Cyber Forensics (Sem 5),722823149105,Chandran P,3
4983,CSY,5,U23SY484,U23SY484 - System Security & Cyber Forensics (Sem 5),722823149105,Chandran P,3
4984,CSY,5,U23CS584,U23CS584 - Computer Science & Software Systems (Sem 5),722823149105,Chandran P,3
4985,CSY,5,U23CS591,U23CS591 - Computer Science & Software Systems (Sem 5),722823149105,Chandran P,3
4986,CSY,5,U23CC583,U23CC583 - Cloud Computing & Cyber Security (Sem 5),722823149105,Chandran P,3
4987,CSY,5,U23IT593,U23IT593 - Information Technology & Cloud Systems (Sem 5),722823149105,Chandran P,3
4988,CSY,5,U23EC382,U23EC382 - Electronics & Communication Systems (Sem 5),722823149105,Chandran P,3
4989,CSY,5,U23CB593,U23CB593 - Computer Science & Business Systems (Sem 5),722823149105,Chandran P,3
4990,CSY,5,U23SY491,U23SY491 - System Security & Cyber Forensics (Sem 5),722823149105,Chandran P,3
4991,CSY,5,U23SY402,U23SY402 - System Security & Cyber Forensics (Sem 5),722823149106,Vidyut N,3
4992,CSY,5,U23SY484,U23SY484 - System Security & Cyber Forensics (Sem 5),722823149106,Vidyut N,3
4993,CSY,5,U23CS584,U23CS584 - Computer Science & Software Systems (Sem 5),722823149106,Vidyut N,3
4994,CSY,5,U23CS591,U23CS591 - Computer Science & Software Systems (Sem 5),722823149106,Vidyut N,3
4995,CSY,5,U23CC583,U23CC583 - Cloud Computing & Cyber Security (Sem 5),722823149106,Vidyut N,3
4996,CSY,5,U23IT593,U23IT593 - Information Technology & Cloud Systems (Sem 5),722823149106,Vidyut N,3
4997,CSY,5,U23EC382,U23EC382 - Electronics & Communication Systems (Sem 5),722823149106,Vidyut N,3
4998,CSY,5,U23CB593,U23CB593 - Computer Science & Business Systems (Sem 5),722823149106,Vidyut N,3
4999,CSY,5,U23SY491,U23SY491 - System Security & Cyber Forensics (Sem 5),722823149106,Vidyut N,3
5000,CSY,5,U23SY402,U23SY402 - System Security & Cyber Forensics (Sem 5),722823149107,Vidyut N,3
5001,CSY,5,U23SY484,U23SY484 - System Security & Cyber Forensics (Sem 5),722823149107,Vidyut N,3
5002,CSY,5,U23CS584,U23CS584 - Computer Science & Software Systems (Sem 5),722823149107,Vidyut N,3
5003,CSY,5,U23CS591,U23CS591 - Computer Science & Software Systems (Sem 5),722823149107,Vidyut N,3
5004,CSY,5,U23CC583,U23CC583 - Cloud Computing & Cyber Security (Sem 5),722823149107,Vidyut N,3
5005,CSY,5,U23IT593,U23IT593 - Information Technology & Cloud Systems (Sem 5),722823149107,Vidyut N,3
5006,CSY,5,U23EC382,U23EC382 - Electronics & Communication Systems (Sem 5),722823149107,Vidyut N,3
5007,CSY,5,U23CB593,U23CB593 - Computer Science & Business Systems (Sem 5),722823149107,Vidyut N,3
5008,CSY,5,U23SY491,U23SY491 - System Security & Cyber Forensics (Sem 5),722823149107,Vidyut N,3
5009,CSY,5,U23SY402,U23SY402 - System Security & Cyber Forensics (Sem 5),722823149108,Naveen V,3
5010,CSY,5,U23SY484,U23SY484 - System Security & Cyber Forensics (Sem 5),722823149108,Naveen V,3
5011,CSY,5,U23CS584,U23CS584 - Computer Science & Software Systems (Sem 5),722823149108,Naveen V,3
5012,CSY,5,U23CS591,U23CS591 - Computer Science & Software Systems (Sem 5),722823149108,Naveen V,3
5013,CSY,5,U23CC583,U23CC583 - Cloud Computing & Cyber Security (Sem 5),722823149108,Naveen V,3
5014,CSY,5,U23IT593,U23IT593 - Information Technology & Cloud Systems (Sem 5),722823149108,Naveen V,3
5015,CSY,5,U23EC382,U23EC382 - Electronics & Communication Systems (Sem 5),722823149108,Naveen V,3
5016,CSY,5,U23CB593,U23CB593 - Computer Science & Business Systems (Sem 5),722823149108,Naveen V,3
5017,CSY,5,U23SY491,U23SY491 - System Security & Cyber Forensics (Sem 5),722823149108,Naveen V,3
5018,CSY,5,U23SY402,U23SY402 - System Security & Cyber Forensics (Sem 5),722823149109,Deepak N,3
5019,CSY,5,U23SY484,U23SY484 - System Security & Cyber Forensics (Sem 5),722823149109,Deepak N,3
5020,CSY,5,U23CS584,U23CS584 - Computer Science & Software Systems (Sem 5),722823149109,Deepak N,3
5021,CSY,5,U23CS591,U23CS591 - Computer Science & Software Systems (Sem 5),722823149109,Deepak N,3
5022,CSY,5,U23CC583,U23CC583 - Cloud Computing & Cyber Security (Sem 5),722823149109,Deepak N,3
5023,CSY,5,U23IT593,U23IT593 - Information Technology & Cloud Systems (Sem 5),722823149109,Deepak N,3
5024,CSY,5,U23EC382,U23EC382 - Electronics & Communication Systems (Sem 5),722823149109,Deepak N,3
5025,CSY,5,U23CB593,U23CB593 - Computer Science & Business Systems (Sem 5),722823149109,Deepak N,3
5026,CSY,5,U23SY491,U23SY491 - System Security & Cyber Forensics (Sem 5),722823149109,Deepak N,3
5027,CSY,5,U23SY402,U23SY402 - System Security & Cyber Forensics (Sem 5),722823149110,Aravind P,3
5028,CSY,5,U23SY484,U23SY484 - System Security & Cyber Forensics (Sem 5),722823149110,Aravind P,3
5029,CSY,5,U23CS584,U23CS584 - Computer Science & Software Systems (Sem 5),722823149110,Aravind P,3
5030,CSY,5,U23CS591,U23CS591 - Computer Science & Software Systems (Sem 5),722823149110,Aravind P,3
5031,CSY,5,U23CC583,U23CC583 - Cloud Computing & Cyber Security (Sem 5),722823149110,Aravind P,3
5032,CSY,5,U23IT593,U23IT593 - Information Technology & Cloud Systems (Sem 5),722823149110,Aravind P,3
5033,CSY,5,U23EC382,U23EC382 - Electronics & Communication Systems (Sem 5),722823149110,Aravind P,3
5034,CSY,5,U23CB593,U23CB593 - Computer Science & Business Systems (Sem 5),722823149110,Aravind P,3
5035,CSY,5,U23SY491,U23SY491 - System Security & Cyber Forensics (Sem 5),722823149110,Aravind P,3
5036,CSY,5,U23SY402,U23SY402 - System Security & Cyber Forensics (Sem 5),722823149111,Gokul A,3
5037,CSY,5,U23SY484,U23SY484 - System Security & Cyber Forensics (Sem 5),722823149111,Gokul A,3
5038,CSY,5,U23CS584,U23CS584 - Computer Science & Software Systems (Sem 5),722823149111,Gokul A,3
5039,CSY,5,U23CS591,U23CS591 - Computer Science & Software Systems (Sem 5),722823149111,Gokul A,3
5040,CSY,5,U23CC583,U23CC583 - Cloud Computing & Cyber Security (Sem 5),722823149111,Gokul A,3
5041,CSY,5,U23IT593,U23IT593 - Information Technology & Cloud Systems (Sem 5),722823149111,Gokul A,3
5042,CSY,5,U23EC382,U23EC382 - Electronics & Communication Systems (Sem 5),722823149111,Gokul A,3
5043,CSY,5,U23CB593,U23CB593 - Computer Science & Business Systems (Sem 5),722823149111,Gokul A,3
5044,CSY,5,U23SY491,U23SY491 - System Security & Cyber Forensics (Sem 5),722823149111,Gokul A,3
5045,CSY,5,U23SY402,U23SY402 - System Security & Cyber Forensics (Sem 5),722823149112,Pavithra P,3
5046,CSY,5,U23SY484,U23SY484 - System Security & Cyber Forensics (Sem 5),722823149112,Pavithra P,3
5047,CSY,5,U23CS584,U23CS584 - Computer Science & Software Systems (Sem 5),722823149112,Pavithra P,3
5048,CSY,5,U23CS591,U23CS591 - Computer Science & Software Systems (Sem 5),722823149112,Pavithra P,3
5049,CSY,5,U23CC583,U23CC583 - Cloud Computing & Cyber Security (Sem 5),722823149112,Pavithra P,3
5050,CSY,5,U23IT593,U23IT593 - Information Technology & Cloud Systems (Sem 5),722823149112,Pavithra P,3
5051,CSY,5,U23EC382,U23EC382 - Electronics & Communication Systems (Sem 5),722823149112,Pavithra P,3
5052,CSY,5,U23CB593,U23CB593 - Computer Science & Business Systems (Sem 5),722823149112,Pavithra P,3
5053,CSY,5,U23SY491,U23SY491 - System Security & Cyber Forensics (Sem 5),722823149112,Pavithra P,3
5054,CSY,5,U23SY402,U23SY402 - System Security & Cyber Forensics (Sem 5),722823149113,Chandran N,3
5055,CSY,5,U23SY484,U23SY484 - System Security & Cyber Forensics (Sem 5),722823149113,Chandran N,3
5056,CSY,5,U23CS584,U23CS584 - Computer Science & Software Systems (Sem 5),722823149113,Chandran N,3
5057,CSY,5,U23CS591,U23CS591 - Computer Science & Software Systems (Sem 5),722823149113,Chandran N,3
5058,CSY,5,U23CC583,U23CC583 - Cloud Computing & Cyber Security (Sem 5),722823149113,Chandran N,3
5059,CSY,5,U23IT593,U23IT593 - Information Technology & Cloud Systems (Sem 5),722823149113,Chandran N,3
5060,CSY,5,U23EC382,U23EC382 - Electronics & Communication Systems (Sem 5),722823149113,Chandran N,3
5061,CSY,5,U23CB593,U23CB593 - Computer Science & Business Systems (Sem 5),722823149113,Chandran N,3
5062,CSY,5,U23SY491,U23SY491 - System Security & Cyber Forensics (Sem 5),722823149113,Chandran N,3
5063,CSY,5,U23SY402,U23SY402 - System Security & Cyber Forensics (Sem 5),722823149114,Deepak R,3
5064,CSY,5,U23SY484,U23SY484 - System Security & Cyber Forensics (Sem 5),722823149114,Deepak R,3
5065,CSY,5,U23CS584,U23CS584 - Computer Science & Software Systems (Sem 5),722823149114,Deepak R,3
5066,CSY,5,U23CS591,U23CS591 - Computer Science & Software Systems (Sem 5),722823149114,Deepak R,3
5067,CSY,5,U23CC583,U23CC583 - Cloud Computing & Cyber Security (Sem 5),722823149114,Deepak R,3
5068,CSY,5,U23IT593,U23IT593 - Information Technology & Cloud Systems (Sem 5),722823149114,Deepak R,3
5069,CSY,5,U23EC382,U23EC382 - Electronics & Communication Systems (Sem 5),722823149114,Deepak R,3
5070,CSY,5,U23CB593,U23CB593 - Computer Science & Business Systems (Sem 5),722823149114,Deepak R,3
5071,CSY,5,U23SY491,U23SY491 - System Security & Cyber Forensics (Sem 5),722823149114,Deepak R,3
5072,CSY,5,U23SY402,U23SY402 - System Security & Cyber Forensics (Sem 5),722823149115,Naveen A,3
5073,CSY,5,U23SY484,U23SY484 - System Security & Cyber Forensics (Sem 5),722823149115,Naveen A,3
5074,CSY,5,U23CS584,U23CS584 - Computer Science & Software Systems (Sem 5),722823149115,Naveen A,3
5075,CSY,5,U23CS591,U23CS591 - Computer Science & Software Systems (Sem 5),722823149115,Naveen A,3
5076,CSY,5,U23CC583,U23CC583 - Cloud Computing & Cyber Security (Sem 5),722823149115,Naveen A,3
5077,CSY,5,U23IT593,U23IT593 - Information Technology & Cloud Systems (Sem 5),722823149115,Naveen A,3
5078,CSY,5,U23EC382,U23EC382 - Electronics & Communication Systems (Sem 5),722823149115,Naveen A,3
5079,CSY,5,U23CB593,U23CB593 - Computer Science & Business Systems (Sem 5),722823149115,Naveen A,3
5080,CSY,5,U23SY491,U23SY491 - System Security & Cyber Forensics (Sem 5),722823149115,Naveen A,3
5081,CSY,5,U23SY402,U23SY402 - System Security & Cyber Forensics (Sem 5),722823149116,Manoj T,3
5082,CSY,5,U23SY484,U23SY484 - System Security & Cyber Forensics (Sem 5),722823149116,Manoj T,3
5083,CSY,5,U23CS584,U23CS584 - Computer Science & Software Systems (Sem 5),722823149116,Manoj T,3
5084,CSY,5,U23CS591,U23CS591 - Computer Science & Software Systems (Sem 5),722823149116,Manoj T,3
5085,CSY,5,U23CC583,U23CC583 - Cloud Computing & Cyber Security (Sem 5),722823149116,Manoj T,3
5086,CSY,5,U23IT593,U23IT593 - Information Technology & Cloud Systems (Sem 5),722823149116,Manoj T,3
5087,CSY,5,U23EC382,U23EC382 - Electronics & Communication Systems (Sem 5),722823149116,Manoj T,3
5088,CSY,5,U23CB593,U23CB593 - Computer Science & Business Systems (Sem 5),722823149116,Manoj T,3
5089,CSY,5,U23SY491,U23SY491 - System Security & Cyber Forensics (Sem 5),722823149116,Manoj T,3
5090,CSY,5,U23SY402,U23SY402 - System Security & Cyber Forensics (Sem 5),722823149117,Chandran N,3
5091,CSY,5,U23SY484,U23SY484 - System Security & Cyber Forensics (Sem 5),722823149117,Chandran N,3
5092,CSY,5,U23CS584,U23CS584 - Computer Science & Software Systems (Sem 5),722823149117,Chandran N,3
5093,CSY,5,U23CS591,U23CS591 - Computer Science & Software Systems (Sem 5),722823149117,Chandran N,3
5094,CSY,5,U23CC583,U23CC583 - Cloud Computing & Cyber Security (Sem 5),722823149117,Chandran N,3
5095,CSY,5,U23IT593,U23IT593 - Information Technology & Cloud Systems (Sem 5),722823149117,Chandran N,3
5096,CSY,5,U23EC382,U23EC382 - Electronics & Communication Systems (Sem 5),722823149117,Chandran N,3
5097,CSY,5,U23CB593,U23CB593 - Computer Science & Business Systems (Sem 5),722823149117,Chandran N,3
5098,CSY,5,U23SY491,U23SY491 - System Security & Cyber Forensics (Sem 5),722823149117,Chandran N,3
5099,CSY,5,U23SY402,U23SY402 - System Security & Cyber Forensics (Sem 5),722823149118,Karthik P,3
5100,CSY,5,U23SY484,U23SY484 - System Security & Cyber Forensics (Sem 5),722823149118,Karthik P,3
5101,CSY,5,U23CS584,U23CS584 - Computer Science & Software Systems (Sem 5),722823149118,Karthik P,3
5102,CSY,5,U23CS591,U23CS591 - Computer Science & Software Systems (Sem 5),722823149118,Karthik P,3
5103,CSY,5,U23CC583,U23CC583 - Cloud Computing & Cyber Security (Sem 5),722823149118,Karthik P,3
5104,CSY,5,U23IT593,U23IT593 - Information Technology & Cloud Systems (Sem 5),722823149118,Karthik P,3
5105,CSY,5,U23EC382,U23EC382 - Electronics & Communication Systems (Sem 5),722823149118,Karthik P,3
5106,CSY,5,U23CB593,U23CB593 - Computer Science & Business Systems (Sem 5),722823149118,Karthik P,3
5107,CSY,5,U23SY491,U23SY491 - System Security & Cyber Forensics (Sem 5),722823149118,Karthik P,3
5108,CSY,5,U23SY402,U23SY402 - System Security & Cyber Forensics (Sem 5),722823149119,Ishwarya P,3
5109,CSY,5,U23SY484,U23SY484 - System Security & Cyber Forensics (Sem 5),722823149119,Ishwarya P,3
5110,CSY,5,U23CS584,U23CS584 - Computer Science & Software Systems (Sem 5),722823149119,Ishwarya P,3
5111,CSY,5,U23CS591,U23CS591 - Computer Science & Software Systems (Sem 5),722823149119,Ishwarya P,3
5112,CSY,5,U23CC583,U23CC583 - Cloud Computing & Cyber Security (Sem 5),722823149119,Ishwarya P,3
5113,CSY,5,U23IT593,U23IT593 - Information Technology & Cloud Systems (Sem 5),722823149119,Ishwarya P,3
5114,CSY,5,U23EC382,U23EC382 - Electronics & Communication Systems (Sem 5),722823149119,Ishwarya P,3
5115,CSY,5,U23CB593,U23CB593 - Computer Science & Business Systems (Sem 5),722823149119,Ishwarya P,3
5116,CSY,5,U23SY491,U23SY491 - System Security & Cyber Forensics (Sem 5),722823149119,Ishwarya P,3
5117,CSY,5,U23SY402,U23SY402 - System Security & Cyber Forensics (Sem 5),722823149120,Gokul K,3
5118,CSY,5,U23SY484,U23SY484 - System Security & Cyber Forensics (Sem 5),722823149120,Gokul K,3
5119,CSY,5,U23CS584,U23CS584 - Computer Science & Software Systems (Sem 5),722823149120,Gokul K,3
5120,CSY,5,U23CS591,U23CS591 - Computer Science & Software Systems (Sem 5),722823149120,Gokul K,3
5121,CSY,5,U23CC583,U23CC583 - Cloud Computing & Cyber Security (Sem 5),722823149120,Gokul K,3
5122,CSY,5,U23IT593,U23IT593 - Information Technology & Cloud Systems (Sem 5),722823149120,Gokul K,3
5123,CSY,5,U23EC382,U23EC382 - Electronics & Communication Systems (Sem 5),722823149120,Gokul K,3
5124,CSY,5,U23CB593,U23CB593 - Computer Science & Business Systems (Sem 5),722823149120,Gokul K,3
5125,CSY,5,U23SY491,U23SY491 - System Security & Cyber Forensics (Sem 5),722823149120,Gokul K,3
5126,IT,3,U23MA204,U23MA204 - Advanced Mathematics & Statistics (Sem 3),722824205101,Pavithra B,3
5127,IT,3,U23CS403,U23CS403 - Computer Science & Software Systems (Sem 3),722824205101,Pavithra B,3
5128,IT,3,U23CS404,U23CS404 - Computer Science & Software Systems (Sem 3),722824205101,Pavithra B,3
5129,IT,3,U23EC382,U23EC382 - Electronics & Communication Systems (Sem 3),722824205101,Pavithra B,3
5130,IT,3,U23CS491,U23CS491 - Computer Science & Software Systems (Sem 3),722824205101,Pavithra B,3
5131,IT,3,U23IT481,U23IT481 - Information Technology & Cloud Systems (Sem 3),722824205101,Pavithra B,3
5132,IT,3,U23MA204,U23MA204 - Advanced Mathematics & Statistics (Sem 3),722824205102,Bhavana M,3
5133,IT,3,U23CS403,U23CS403 - Computer Science & Software Systems (Sem 3),722824205102,Bhavana M,3
5134,IT,3,U23CS404,U23CS404 - Computer Science & Software Systems (Sem 3),722824205102,Bhavana M,3
5135,IT,3,U23EC382,U23EC382 - Electronics & Communication Systems (Sem 3),722824205102,Bhavana M,3
5136,IT,3,U23CS491,U23CS491 - Computer Science & Software Systems (Sem 3),722824205102,Bhavana M,3
5137,IT,3,U23IT481,U23IT481 - Information Technology & Cloud Systems (Sem 3),722824205102,Bhavana M,3
5138,IT,3,U23MA204,U23MA204 - Advanced Mathematics & Statistics (Sem 3),722824205103,Lakshmi V,3
5139,IT,3,U23CS403,U23CS403 - Computer Science & Software Systems (Sem 3),722824205103,Lakshmi V,3
5140,IT,3,U23CS404,U23CS404 - Computer Science & Software Systems (Sem 3),722824205103,Lakshmi V,3
5141,IT,3,U23EC382,U23EC382 - Electronics & Communication Systems (Sem 3),722824205103,Lakshmi V,3
5142,IT,3,U23CS491,U23CS491 - Computer Science & Software Systems (Sem 3),722824205103,Lakshmi V,3
5143,IT,3,U23IT481,U23IT481 - Information Technology & Cloud Systems (Sem 3),722824205103,Lakshmi V,3
5144,IT,3,U23MA204,U23MA204 - Advanced Mathematics & Statistics (Sem 3),722824205104,Chandran K,3
5145,IT,3,U23CS403,U23CS403 - Computer Science & Software Systems (Sem 3),722824205104,Chandran K,3
5146,IT,3,U23CS404,U23CS404 - Computer Science & Software Systems (Sem 3),722824205104,Chandran K,3
5147,IT,3,U23EC382,U23EC382 - Electronics & Communication Systems (Sem 3),722824205104,Chandran K,3
5148,IT,3,U23CS491,U23CS491 - Computer Science & Software Systems (Sem 3),722824205104,Chandran K,3
5149,IT,3,U23IT481,U23IT481 - Information Technology & Cloud Systems (Sem 3),722824205104,Chandran K,3
5150,IT,3,U23MA204,U23MA204 - Advanced Mathematics & Statistics (Sem 3),722824205105,Yash A,3
5151,IT,3,U23CS403,U23CS403 - Computer Science & Software Systems (Sem 3),722824205105,Yash A,3
5152,IT,3,U23CS404,U23CS404 - Computer Science & Software Systems (Sem 3),722824205105,Yash A,3
5153,IT,3,U23EC382,U23EC382 - Electronics & Communication Systems (Sem 3),722824205105,Yash A,3
5154,IT,3,U23CS491,U23CS491 - Computer Science & Software Systems (Sem 3),722824205105,Yash A,3
5155,IT,3,U23IT481,U23IT481 - Information Technology & Cloud Systems (Sem 3),722824205105,Yash A,3
5156,IT,3,U23MA204,U23MA204 - Advanced Mathematics & Statistics (Sem 3),722824205106,Sanjay N,3
5157,IT,3,U23CS403,U23CS403 - Computer Science & Software Systems (Sem 3),722824205106,Sanjay N,3
5158,IT,3,U23CS404,U23CS404 - Computer Science & Software Systems (Sem 3),722824205106,Sanjay N,3
5159,IT,3,U23EC382,U23EC382 - Electronics & Communication Systems (Sem 3),722824205106,Sanjay N,3
5160,IT,3,U23CS491,U23CS491 - Computer Science & Software Systems (Sem 3),722824205106,Sanjay N,3
5161,IT,3,U23IT481,U23IT481 - Information Technology & Cloud Systems (Sem 3),722824205106,Sanjay N,3
5162,IT,3,U23MA204,U23MA204 - Advanced Mathematics & Statistics (Sem 3),722824205107,Pavithra A,3
5163,IT,3,U23CS403,U23CS403 - Computer Science & Software Systems (Sem 3),722824205107,Pavithra A,3
5164,IT,3,U23CS404,U23CS404 - Computer Science & Software Systems (Sem 3),722824205107,Pavithra A,3
5165,IT,3,U23EC382,U23EC382 - Electronics & Communication Systems (Sem 3),722824205107,Pavithra A,3
5166,IT,3,U23CS491,U23CS491 - Computer Science & Software Systems (Sem 3),722824205107,Pavithra A,3
5167,IT,3,U23IT481,U23IT481 - Information Technology & Cloud Systems (Sem 3),722824205107,Pavithra A,3
5168,IT,3,U23MA204,U23MA204 - Advanced Mathematics & Statistics (Sem 3),722824205108,Swetha M,3
5169,IT,3,U23CS403,U23CS403 - Computer Science & Software Systems (Sem 3),722824205108,Swetha M,3
5170,IT,3,U23CS404,U23CS404 - Computer Science & Software Systems (Sem 3),722824205108,Swetha M,3
5171,IT,3,U23EC382,U23EC382 - Electronics & Communication Systems (Sem 3),722824205108,Swetha M,3
5172,IT,3,U23CS491,U23CS491 - Computer Science & Software Systems (Sem 3),722824205108,Swetha M,3
5173,IT,3,U23IT481,U23IT481 - Information Technology & Cloud Systems (Sem 3),722824205108,Swetha M,3
5174,IT,3,U23MA204,U23MA204 - Advanced Mathematics & Statistics (Sem 3),722824205109,Pavithra A,3
5175,IT,3,U23CS403,U23CS403 - Computer Science & Software Systems (Sem 3),722824205109,Pavithra A,3
5176,IT,3,U23CS404,U23CS404 - Computer Science & Software Systems (Sem 3),722824205109,Pavithra A,3
5177,IT,3,U23EC382,U23EC382 - Electronics & Communication Systems (Sem 3),722824205109,Pavithra A,3
5178,IT,3,U23CS491,U23CS491 - Computer Science & Software Systems (Sem 3),722824205109,Pavithra A,3
5179,IT,3,U23IT481,U23IT481 - Information Technology & Cloud Systems (Sem 3),722824205109,Pavithra A,3
5180,IT,3,U23MA204,U23MA204 - Advanced Mathematics & Statistics (Sem 3),722824205110,Harini P,3
5181,IT,3,U23CS403,U23CS403 - Computer Science & Software Systems (Sem 3),722824205110,Harini P,3
5182,IT,3,U23CS404,U23CS404 - Computer Science & Software Systems (Sem 3),722824205110,Harini P,3
5183,IT,3,U23EC382,U23EC382 - Electronics & Communication Systems (Sem 3),722824205110,Harini P,3
5184,IT,3,U23CS491,U23CS491 - Computer Science & Software Systems (Sem 3),722824205110,Harini P,3
5185,IT,3,U23IT481,U23IT481 - Information Technology & Cloud Systems (Sem 3),722824205110,Harini P,3
5186,IT,3,U23MA204,U23MA204 - Advanced Mathematics & Statistics (Sem 3),722824205111,Yash B,3
5187,IT,3,U23CS403,U23CS403 - Computer Science & Software Systems (Sem 3),722824205111,Yash B,3
5188,IT,3,U23CS404,U23CS404 - Computer Science & Software Systems (Sem 3),722824205111,Yash B,3
5189,IT,3,U23EC382,U23EC382 - Electronics & Communication Systems (Sem 3),722824205111,Yash B,3
5190,IT,3,U23CS491,U23CS491 - Computer Science & Software Systems (Sem 3),722824205111,Yash B,3
5191,IT,3,U23IT481,U23IT481 - Information Technology & Cloud Systems (Sem 3),722824205111,Yash B,3
5192,IT,3,U23MA204,U23MA204 - Advanced Mathematics & Statistics (Sem 3),722824205112,Sanjay S,3
5193,IT,3,U23CS403,U23CS403 - Computer Science & Software Systems (Sem 3),722824205112,Sanjay S,3
5194,IT,3,U23CS404,U23CS404 - Computer Science & Software Systems (Sem 3),722824205112,Sanjay S,3
5195,IT,3,U23EC382,U23EC382 - Electronics & Communication Systems (Sem 3),722824205112,Sanjay S,3
5196,IT,3,U23CS491,U23CS491 - Computer Science & Software Systems (Sem 3),722824205112,Sanjay S,3
5197,IT,3,U23IT481,U23IT481 - Information Technology & Cloud Systems (Sem 3),722824205112,Sanjay S,3
5198,IT,3,U23MA204,U23MA204 - Advanced Mathematics & Statistics (Sem 3),722824205113,Bhavana B,3
5199,IT,3,U23CS403,U23CS403 - Computer Science & Software Systems (Sem 3),722824205113,Bhavana B,3
5200,IT,3,U23CS404,U23CS404 - Computer Science & Software Systems (Sem 3),722824205113,Bhavana B,3
5201,IT,3,U23EC382,U23EC382 - Electronics & Communication Systems (Sem 3),722824205113,Bhavana B,3
5202,IT,3,U23CS491,U23CS491 - Computer Science & Software Systems (Sem 3),722824205113,Bhavana B,3
5203,IT,3,U23IT481,U23IT481 - Information Technology & Cloud Systems (Sem 3),722824205113,Bhavana B,3
5204,IT,3,U23MA204,U23MA204 - Advanced Mathematics & Statistics (Sem 3),722824205114,Deepak P,3
5205,IT,3,U23CS403,U23CS403 - Computer Science & Software Systems (Sem 3),722824205114,Deepak P,3
5206,IT,3,U23CS404,U23CS404 - Computer Science & Software Systems (Sem 3),722824205114,Deepak P,3
5207,IT,3,U23EC382,U23EC382 - Electronics & Communication Systems (Sem 3),722824205114,Deepak P,3
5208,IT,3,U23CS491,U23CS491 - Computer Science & Software Systems (Sem 3),722824205114,Deepak P,3
5209,IT,3,U23IT481,U23IT481 - Information Technology & Cloud Systems (Sem 3),722824205114,Deepak P,3
5210,IT,3,U23MA204,U23MA204 - Advanced Mathematics & Statistics (Sem 3),722824205115,Chandran T,3
5211,IT,3,U23CS403,U23CS403 - Computer Science & Software Systems (Sem 3),722824205115,Chandran T,3
5212,IT,3,U23CS404,U23CS404 - Computer Science & Software Systems (Sem 3),722824205115,Chandran T,3
5213,IT,3,U23EC382,U23EC382 - Electronics & Communication Systems (Sem 3),722824205115,Chandran T,3
5214,IT,3,U23CS491,U23CS491 - Computer Science & Software Systems (Sem 3),722824205115,Chandran T,3
5215,IT,3,U23IT481,U23IT481 - Information Technology & Cloud Systems (Sem 3),722824205115,Chandran T,3
5216,IT,3,U23MA204,U23MA204 - Advanced Mathematics & Statistics (Sem 3),722824205116,Gokul M,3
5217,IT,3,U23CS403,U23CS403 - Computer Science & Software Systems (Sem 3),722824205116,Gokul M,3
5218,IT,3,U23CS404,U23CS404 - Computer Science & Software Systems (Sem 3),722824205116,Gokul M,3
5219,IT,3,U23EC382,U23EC382 - Electronics & Communication Systems (Sem 3),722824205116,Gokul M,3
5220,IT,3,U23CS491,U23CS491 - Computer Science & Software Systems (Sem 3),722824205116,Gokul M,3
5221,IT,3,U23IT481,U23IT481 - Information Technology & Cloud Systems (Sem 3),722824205116,Gokul M,3
5222,IT,3,U23MA204,U23MA204 - Advanced Mathematics & Statistics (Sem 3),722824205117,Ishwarya B,3
5223,IT,3,U23CS403,U23CS403 - Computer Science & Software Systems (Sem 3),722824205117,Ishwarya B,3
5224,IT,3,U23CS404,U23CS404 - Computer Science & Software Systems (Sem 3),722824205117,Ishwarya B,3
5225,IT,3,U23EC382,U23EC382 - Electronics & Communication Systems (Sem 3),722824205117,Ishwarya B,3
5226,IT,3,U23CS491,U23CS491 - Computer Science & Software Systems (Sem 3),722824205117,Ishwarya B,3
5227,IT,3,U23IT481,U23IT481 - Information Technology & Cloud Systems (Sem 3),722824205117,Ishwarya B,3
5228,IT,3,U23MA204,U23MA204 - Advanced Mathematics & Statistics (Sem 3),722824205118,Pavithra T,3
5229,IT,3,U23CS403,U23CS403 - Computer Science & Software Systems (Sem 3),722824205118,Pavithra T,3
5230,IT,3,U23CS404,U23CS404 - Computer Science & Software Systems (Sem 3),722824205118,Pavithra T,3
5231,IT,3,U23EC382,U23EC382 - Electronics & Communication Systems (Sem 3),722824205118,Pavithra T,3
5232,IT,3,U23CS491,U23CS491 - Computer Science & Software Systems (Sem 3),722824205118,Pavithra T,3
5233,IT,3,U23IT481,U23IT481 - Information Technology & Cloud Systems (Sem 3),722824205118,Pavithra T,3
5234,IT,3,U23MA204,U23MA204 - Advanced Mathematics & Statistics (Sem 3),722824205119,Sanjay A,3
5235,IT,3,U23CS403,U23CS403 - Computer Science & Software Systems (Sem 3),722824205119,Sanjay A,3
5236,IT,3,U23CS404,U23CS404 - Computer Science & Software Systems (Sem 3),722824205119,Sanjay A,3
5237,IT,3,U23EC382,U23EC382 - Electronics & Communication Systems (Sem 3),722824205119,Sanjay A,3
5238,IT,3,U23CS491,U23CS491 - Computer Science & Software Systems (Sem 3),722824205119,Sanjay A,3
5239,IT,3,U23IT481,U23IT481 - Information Technology & Cloud Systems (Sem 3),722824205119,Sanjay A,3
5240,IT,3,U23MA204,U23MA204 - Advanced Mathematics & Statistics (Sem 3),722824205120,Gokul P,3
5241,IT,3,U23CS403,U23CS403 - Computer Science & Software Systems (Sem 3),722824205120,Gokul P,3
5242,IT,3,U23CS404,U23CS404 - Computer Science & Software Systems (Sem 3),722824205120,Gokul P,3
5243,IT,3,U23EC382,U23EC382 - Electronics & Communication Systems (Sem 3),722824205120,Gokul P,3
5244,IT,3,U23CS491,U23CS491 - Computer Science & Software Systems (Sem 3),722824205120,Gokul P,3
5245,IT,3,U23IT481,U23IT481 - Information Technology & Cloud Systems (Sem 3),722824205120,Gokul P,3
5246,IT,5,U23IT403,U23IT403 - Information Technology & Cloud Systems (Sem 5),722823205101,Lakshmi V,3
5247,IT,5,U23EC383,U23EC383 - Electronics & Communication Systems (Sem 5),722823205101,Lakshmi V,3
5248,IT,5,U23OME81,U23OME81 - IT Core Subject (Sem 5),722823205101,Lakshmi V,3
5249,IT,5,U23AM495,U23AM495 - Machine Learning & Neural Networks (Sem 5),722823205101,Lakshmi V,3
5250,IT,5,U23CB593,U23CB593 - Computer Science & Business Systems (Sem 5),722823205101,Lakshmi V,3
5251,IT,5,U23AD491,U23AD491 - Artificial Intelligence & Data Science (Sem 5),722823205101,Lakshmi V,3
5252,IT,5,U23IT403,U23IT403 - Information Technology & Cloud Systems (Sem 5),722823205102,Manoj N,3
5253,IT,5,U23EC383,U23EC383 - Electronics & Communication Systems (Sem 5),722823205102,Manoj N,3
5254,IT,5,U23OME81,U23OME81 - IT Core Subject (Sem 5),722823205102,Manoj N,3
5255,IT,5,U23AM495,U23AM495 - Machine Learning & Neural Networks (Sem 5),722823205102,Manoj N,3
5256,IT,5,U23CB593,U23CB593 - Computer Science & Business Systems (Sem 5),722823205102,Manoj N,3
5257,IT,5,U23AD491,U23AD491 - Artificial Intelligence & Data Science (Sem 5),722823205102,Manoj N,3
5258,IT,5,U23IT403,U23IT403 - Information Technology & Cloud Systems (Sem 5),722823205103,Kavya A,3
5259,IT,5,U23EC383,U23EC383 - Electronics & Communication Systems (Sem 5),722823205103,Kavya A,3
5260,IT,5,U23OME81,U23OME81 - IT Core Subject (Sem 5),722823205103,Kavya A,3
5261,IT,5,U23AM495,U23AM495 - Machine Learning & Neural Networks (Sem 5),722823205103,Kavya A,3
5262,IT,5,U23CB593,U23CB593 - Computer Science & Business Systems (Sem 5),722823205103,Kavya A,3
5263,IT,5,U23AD491,U23AD491 - Artificial Intelligence & Data Science (Sem 5),722823205103,Kavya A,3
5264,IT,5,U23IT403,U23IT403 - Information Technology & Cloud Systems (Sem 5),722823205104,Bhavana P,3
5265,IT,5,U23EC383,U23EC383 - Electronics & Communication Systems (Sem 5),722823205104,Bhavana P,3
5266,IT,5,U23OME81,U23OME81 - IT Core Subject (Sem 5),722823205104,Bhavana P,3
5267,IT,5,U23AM495,U23AM495 - Machine Learning & Neural Networks (Sem 5),722823205104,Bhavana P,3
5268,IT,5,U23CB593,U23CB593 - Computer Science & Business Systems (Sem 5),722823205104,Bhavana P,3
5269,IT,5,U23AD491,U23AD491 - Artificial Intelligence & Data Science (Sem 5),722823205104,Bhavana P,3
5270,IT,5,U23IT403,U23IT403 - Information Technology & Cloud Systems (Sem 5),722823205105,Chandran P,3
5271,IT,5,U23EC383,U23EC383 - Electronics & Communication Systems (Sem 5),722823205105,Chandran P,3
5272,IT,5,U23OME81,U23OME81 - IT Core Subject (Sem 5),722823205105,Chandran P,3
5273,IT,5,U23AM495,U23AM495 - Machine Learning & Neural Networks (Sem 5),722823205105,Chandran P,3
5274,IT,5,U23CB593,U23CB593 - Computer Science & Business Systems (Sem 5),722823205105,Chandran P,3
5275,IT,5,U23AD491,U23AD491 - Artificial Intelligence & Data Science (Sem 5),722823205105,Chandran P,3
5276,IT,5,U23IT403,U23IT403 - Information Technology & Cloud Systems (Sem 5),722823205106,Deepak T,3
5277,IT,5,U23EC383,U23EC383 - Electronics & Communication Systems (Sem 5),722823205106,Deepak T,3
5278,IT,5,U23OME81,U23OME81 - IT Core Subject (Sem 5),722823205106,Deepak T,3
5279,IT,5,U23AM495,U23AM495 - Machine Learning & Neural Networks (Sem 5),722823205106,Deepak T,3
5280,IT,5,U23CB593,U23CB593 - Computer Science & Business Systems (Sem 5),722823205106,Deepak T,3
5281,IT,5,U23AD491,U23AD491 - Artificial Intelligence & Data Science (Sem 5),722823205106,Deepak T,3
5282,IT,5,U23IT403,U23IT403 - Information Technology & Cloud Systems (Sem 5),722823205107,Manoj V,3
5283,IT,5,U23EC383,U23EC383 - Electronics & Communication Systems (Sem 5),722823205107,Manoj V,3
5284,IT,5,U23OME81,U23OME81 - IT Core Subject (Sem 5),722823205107,Manoj V,3
5285,IT,5,U23AM495,U23AM495 - Machine Learning & Neural Networks (Sem 5),722823205107,Manoj V,3
5286,IT,5,U23CB593,U23CB593 - Computer Science & Business Systems (Sem 5),722823205107,Manoj V,3
5287,IT,5,U23AD491,U23AD491 - Artificial Intelligence & Data Science (Sem 5),722823205107,Manoj V,3
5288,IT,5,U23IT403,U23IT403 - Information Technology & Cloud Systems (Sem 5),722823205108,Jayant A,3
5289,IT,5,U23EC383,U23EC383 - Electronics & Communication Systems (Sem 5),722823205108,Jayant A,3
5290,IT,5,U23OME81,U23OME81 - IT Core Subject (Sem 5),722823205108,Jayant A,3
5291,IT,5,U23AM495,U23AM495 - Machine Learning & Neural Networks (Sem 5),722823205108,Jayant A,3
5292,IT,5,U23CB593,U23CB593 - Computer Science & Business Systems (Sem 5),722823205108,Jayant A,3
5293,IT,5,U23AD491,U23AD491 - Artificial Intelligence & Data Science (Sem 5),722823205108,Jayant A,3
5294,IT,5,U23IT403,U23IT403 - Information Technology & Cloud Systems (Sem 5),722823205109,Elango P,3
5295,IT,5,U23EC383,U23EC383 - Electronics & Communication Systems (Sem 5),722823205109,Elango P,3
5296,IT,5,U23OME81,U23OME81 - IT Core Subject (Sem 5),722823205109,Elango P,3
5297,IT,5,U23AM495,U23AM495 - Machine Learning & Neural Networks (Sem 5),722823205109,Elango P,3
5298,IT,5,U23CB593,U23CB593 - Computer Science & Business Systems (Sem 5),722823205109,Elango P,3
5299,IT,5,U23AD491,U23AD491 - Artificial Intelligence & Data Science (Sem 5),722823205109,Elango P,3
5300,IT,5,U23IT403,U23IT403 - Information Technology & Cloud Systems (Sem 5),722823205110,Chandran A,3
5301,IT,5,U23EC383,U23EC383 - Electronics & Communication Systems (Sem 5),722823205110,Chandran A,3
5302,IT,5,U23OME81,U23OME81 - IT Core Subject (Sem 5),722823205110,Chandran A,3
5303,IT,5,U23AM495,U23AM495 - Machine Learning & Neural Networks (Sem 5),722823205110,Chandran A,3
5304,IT,5,U23CB593,U23CB593 - Computer Science & Business Systems (Sem 5),722823205110,Chandran A,3
5305,IT,5,U23AD491,U23AD491 - Artificial Intelligence & Data Science (Sem 5),722823205110,Chandran A,3
5306,IT,5,U23IT403,U23IT403 - Information Technology & Cloud Systems (Sem 5),722823205111,Elango P,3
5307,IT,5,U23EC383,U23EC383 - Electronics & Communication Systems (Sem 5),722823205111,Elango P,3
5308,IT,5,U23OME81,U23OME81 - IT Core Subject (Sem 5),722823205111,Elango P,3
5309,IT,5,U23AM495,U23AM495 - Machine Learning & Neural Networks (Sem 5),722823205111,Elango P,3
5310,IT,5,U23CB593,U23CB593 - Computer Science & Business Systems (Sem 5),722823205111,Elango P,3
5311,IT,5,U23AD491,U23AD491 - Artificial Intelligence & Data Science (Sem 5),722823205111,Elango P,3
5312,IT,5,U23IT403,U23IT403 - Information Technology & Cloud Systems (Sem 5),722823205112,Karthik N,3
5313,IT,5,U23EC383,U23EC383 - Electronics & Communication Systems (Sem 5),722823205112,Karthik N,3
5314,IT,5,U23OME81,U23OME81 - IT Core Subject (Sem 5),722823205112,Karthik N,3
5315,IT,5,U23AM495,U23AM495 - Machine Learning & Neural Networks (Sem 5),722823205112,Karthik N,3
5316,IT,5,U23CB593,U23CB593 - Computer Science & Business Systems (Sem 5),722823205112,Karthik N,3
5317,IT,5,U23AD491,U23AD491 - Artificial Intelligence & Data Science (Sem 5),722823205112,Karthik N,3
5318,IT,5,U23IT403,U23IT403 - Information Technology & Cloud Systems (Sem 5),722823205113,Elango A,3
5319,IT,5,U23EC383,U23EC383 - Electronics & Communication Systems (Sem 5),722823205113,Elango A,3
5320,IT,5,U23OME81,U23OME81 - IT Core Subject (Sem 5),722823205113,Elango A,3
5321,IT,5,U23AM495,U23AM495 - Machine Learning & Neural Networks (Sem 5),722823205113,Elango A,3
5322,IT,5,U23CB593,U23CB593 - Computer Science & Business Systems (Sem 5),722823205113,Elango A,3
5323,IT,5,U23AD491,U23AD491 - Artificial Intelligence & Data Science (Sem 5),722823205113,Elango A,3
5324,IT,5,U23IT403,U23IT403 - Information Technology & Cloud Systems (Sem 5),722823205114,Chandran V,3
5325,IT,5,U23EC383,U23EC383 - Electronics & Communication Systems (Sem 5),722823205114,Chandran V,3
5326,IT,5,U23OME81,U23OME81 - IT Core Subject (Sem 5),722823205114,Chandran V,3
5327,IT,5,U23AM495,U23AM495 - Machine Learning & Neural Networks (Sem 5),722823205114,Chandran V,3
5328,IT,5,U23CB593,U23CB593 - Computer Science & Business Systems (Sem 5),722823205114,Chandran V,3
5329,IT,5,U23AD491,U23AD491 - Artificial Intelligence & Data Science (Sem 5),722823205114,Chandran V,3
5330,IT,5,U23IT403,U23IT403 - Information Technology & Cloud Systems (Sem 5),722823205115,Swetha N,3
5331,IT,5,U23EC383,U23EC383 - Electronics & Communication Systems (Sem 5),722823205115,Swetha N,3
5332,IT,5,U23OME81,U23OME81 - IT Core Subject (Sem 5),722823205115,Swetha N,3
5333,IT,5,U23AM495,U23AM495 - Machine Learning & Neural Networks (Sem 5),722823205115,Swetha N,3
5334,IT,5,U23CB593,U23CB593 - Computer Science & Business Systems (Sem 5),722823205115,Swetha N,3
5335,IT,5,U23AD491,U23AD491 - Artificial Intelligence & Data Science (Sem 5),722823205115,Swetha N,3
5336,IT,5,U23IT403,U23IT403 - Information Technology & Cloud Systems (Sem 5),722823205116,Kavya S,3
5337,IT,5,U23EC383,U23EC383 - Electronics & Communication Systems (Sem 5),722823205116,Kavya S,3
5338,IT,5,U23OME81,U23OME81 - IT Core Subject (Sem 5),722823205116,Kavya S,3
5339,IT,5,U23AM495,U23AM495 - Machine Learning & Neural Networks (Sem 5),722823205116,Kavya S,3
5340,IT,5,U23CB593,U23CB593 - Computer Science & Business Systems (Sem 5),722823205116,Kavya S,3
5341,IT,5,U23AD491,U23AD491 - Artificial Intelligence & Data Science (Sem 5),722823205116,Kavya S,3
5342,IT,5,U23IT403,U23IT403 - Information Technology & Cloud Systems (Sem 5),722823205117,Sanjay K,3
5343,IT,5,U23EC383,U23EC383 - Electronics & Communication Systems (Sem 5),722823205117,Sanjay K,3
5344,IT,5,U23OME81,U23OME81 - IT Core Subject (Sem 5),722823205117,Sanjay K,3
5345,IT,5,U23AM495,U23AM495 - Machine Learning & Neural Networks (Sem 5),722823205117,Sanjay K,3
5346,IT,5,U23CB593,U23CB593 - Computer Science & Business Systems (Sem 5),722823205117,Sanjay K,3
5347,IT,5,U23AD491,U23AD491 - Artificial Intelligence & Data Science (Sem 5),722823205117,Sanjay K,3
5348,IT,5,U23IT403,U23IT403 - Information Technology & Cloud Systems (Sem 5),722823205118,Naveen T,3
5349,IT,5,U23EC383,U23EC383 - Electronics & Communication Systems (Sem 5),722823205118,Naveen T,3
5350,IT,5,U23OME81,U23OME81 - IT Core Subject (Sem 5),722823205118,Naveen T,3
5351,IT,5,U23AM495,U23AM495 - Machine Learning & Neural Networks (Sem 5),722823205118,Naveen T,3
5352,IT,5,U23CB593,U23CB593 - Computer Science & Business Systems (Sem 5),722823205118,Naveen T,3
5353,IT,5,U23AD491,U23AD491 - Artificial Intelligence & Data Science (Sem 5),722823205118,Naveen T,3
5354,IT,5,U23IT403,U23IT403 - Information Technology & Cloud Systems (Sem 5),722823205119,Lakshmi M,3
5355,IT,5,U23EC383,U23EC383 - Electronics & Communication Systems (Sem 5),722823205119,Lakshmi M,3
5356,IT,5,U23OME81,U23OME81 - IT Core Subject (Sem 5),722823205119,Lakshmi M,3
5357,IT,5,U23AM495,U23AM495 - Machine Learning & Neural Networks (Sem 5),722823205119,Lakshmi M,3
5358,IT,5,U23CB593,U23CB593 - Computer Science & Business Systems (Sem 5),722823205119,Lakshmi M,3
5359,IT,5,U23AD491,U23AD491 - Artificial Intelligence & Data Science (Sem 5),722823205119,Lakshmi M,3
5360,IT,5,U23IT403,U23IT403 - Information Technology & Cloud Systems (Sem 5),722823205120,Lakshmi V,3
5361,IT,5,U23EC383,U23EC383 - Electronics & Communication Systems (Sem 5),722823205120,Lakshmi V,3
5362,IT,5,U23OME81,U23OME81 - IT Core Subject (Sem 5),722823205120,Lakshmi V,3
5363,IT,5,U23AM495,U23AM495 - Machine Learning & Neural Networks (Sem 5),722823205120,Lakshmi V,3
5364,IT,5,U23CB593,U23CB593 - Computer Science & Business Systems (Sem 5),722823205120,Lakshmi V,3
5365,IT,5,U23AD491,U23AD491 - Artificial Intelligence & Data Science (Sem 5),722823205120,Lakshmi V,3
5366,IT,7,U23CB103,U23CB103 - Computer Science & Business Systems (Sem 7),722822205101,Gokul R,3
5367,IT,7,U23CB104,U23CB104 - Computer Science & Business Systems (Sem 7),722822205101,Gokul R,3
5368,IT,7,U23CB532,U23CB532 - Computer Science & Business Systems (Sem 7),722822205101,Gokul R,3
5369,IT,7,U23OME07,U23OME07 - IT Core Subject (Sem 7),722822205101,Gokul R,3
5370,IT,7,U23IT523,U23IT523 - Information Technology & Cloud Systems (Sem 7),722822205101,Gokul R,3
5371,IT,7,U23CB103,U23CB103 - Computer Science & Business Systems (Sem 7),722822205102,Kavya B,3
5372,IT,7,U23CB104,U23CB104 - Computer Science & Business Systems (Sem 7),722822205102,Kavya B,3
5373,IT,7,U23CB532,U23CB532 - Computer Science & Business Systems (Sem 7),722822205102,Kavya B,3
5374,IT,7,U23OME07,U23OME07 - IT Core Subject (Sem 7),722822205102,Kavya B,3
5375,IT,7,U23IT523,U23IT523 - Information Technology & Cloud Systems (Sem 7),722822205102,Kavya B,3
5376,IT,7,U23CB103,U23CB103 - Computer Science & Business Systems (Sem 7),722822205103,Harini R,3
5377,IT,7,U23CB104,U23CB104 - Computer Science & Business Systems (Sem 7),722822205103,Harini R,3
5378,IT,7,U23CB532,U23CB532 - Computer Science & Business Systems (Sem 7),722822205103,Harini R,3
5379,IT,7,U23OME07,U23OME07 - IT Core Subject (Sem 7),722822205103,Harini R,3
5380,IT,7,U23IT523,U23IT523 - Information Technology & Cloud Systems (Sem 7),722822205103,Harini R,3
5381,IT,7,U23CB103,U23CB103 - Computer Science & Business Systems (Sem 7),722822205104,Elango S,3
5382,IT,7,U23CB104,U23CB104 - Computer Science & Business Systems (Sem 7),722822205104,Elango S,3
5383,IT,7,U23CB532,U23CB532 - Computer Science & Business Systems (Sem 7),722822205104,Elango S,3
5384,IT,7,U23OME07,U23OME07 - IT Core Subject (Sem 7),722822205104,Elango S,3
5385,IT,7,U23IT523,U23IT523 - Information Technology & Cloud Systems (Sem 7),722822205104,Elango S,3
5386,IT,7,U23CB103,U23CB103 - Computer Science & Business Systems (Sem 7),722822205105,Chandran V,3
5387,IT,7,U23CB104,U23CB104 - Computer Science & Business Systems (Sem 7),722822205105,Chandran V,3
5388,IT,7,U23CB532,U23CB532 - Computer Science & Business Systems (Sem 7),722822205105,Chandran V,3
5389,IT,7,U23OME07,U23OME07 - IT Core Subject (Sem 7),722822205105,Chandran V,3
5390,IT,7,U23IT523,U23IT523 - Information Technology & Cloud Systems (Sem 7),722822205105,Chandran V,3
5391,IT,7,U23CB103,U23CB103 - Computer Science & Business Systems (Sem 7),722822205106,Deepak T,3
5392,IT,7,U23CB104,U23CB104 - Computer Science & Business Systems (Sem 7),722822205106,Deepak T,3
5393,IT,7,U23CB532,U23CB532 - Computer Science & Business Systems (Sem 7),722822205106,Deepak T,3
5394,IT,7,U23OME07,U23OME07 - IT Core Subject (Sem 7),722822205106,Deepak T,3
5395,IT,7,U23IT523,U23IT523 - Information Technology & Cloud Systems (Sem 7),722822205106,Deepak T,3
5396,IT,7,U23CB103,U23CB103 - Computer Science & Business Systems (Sem 7),722822205107,Swetha T,3
5397,IT,7,U23CB104,U23CB104 - Computer Science & Business Systems (Sem 7),722822205107,Swetha T,3
5398,IT,7,U23CB532,U23CB532 - Computer Science & Business Systems (Sem 7),722822205107,Swetha T,3
5399,IT,7,U23OME07,U23OME07 - IT Core Subject (Sem 7),722822205107,Swetha T,3
5400,IT,7,U23IT523,U23IT523 - Information Technology & Cloud Systems (Sem 7),722822205107,Swetha T,3
5401,IT,7,U23CB103,U23CB103 - Computer Science & Business Systems (Sem 7),722822205108,Bhavana P,3
5402,IT,7,U23CB104,U23CB104 - Computer Science & Business Systems (Sem 7),722822205108,Bhavana P,3
5403,IT,7,U23CB532,U23CB532 - Computer Science & Business Systems (Sem 7),722822205108,Bhavana P,3
5404,IT,7,U23OME07,U23OME07 - IT Core Subject (Sem 7),722822205108,Bhavana P,3
5405,IT,7,U23IT523,U23IT523 - Information Technology & Cloud Systems (Sem 7),722822205108,Bhavana P,3
5406,IT,7,U23CB103,U23CB103 - Computer Science & Business Systems (Sem 7),722822205109,Yash S,3
5407,IT,7,U23CB104,U23CB104 - Computer Science & Business Systems (Sem 7),722822205109,Yash S,3
5408,IT,7,U23CB532,U23CB532 - Computer Science & Business Systems (Sem 7),722822205109,Yash S,3
5409,IT,7,U23OME07,U23OME07 - IT Core Subject (Sem 7),722822205109,Yash S,3
5410,IT,7,U23IT523,U23IT523 - Information Technology & Cloud Systems (Sem 7),722822205109,Yash S,3
5411,IT,7,U23CB103,U23CB103 - Computer Science & Business Systems (Sem 7),722822205110,Yash N,3
5412,IT,7,U23CB104,U23CB104 - Computer Science & Business Systems (Sem 7),722822205110,Yash N,3
5413,IT,7,U23CB532,U23CB532 - Computer Science & Business Systems (Sem 7),722822205110,Yash N,3
5414,IT,7,U23OME07,U23OME07 - IT Core Subject (Sem 7),722822205110,Yash N,3
5415,IT,7,U23IT523,U23IT523 - Information Technology & Cloud Systems (Sem 7),722822205110,Yash N,3
5416,IT,7,U23CB103,U23CB103 - Computer Science & Business Systems (Sem 7),722822205111,Elango S,3
5417,IT,7,U23CB104,U23CB104 - Computer Science & Business Systems (Sem 7),722822205111,Elango S,3
5418,IT,7,U23CB532,U23CB532 - Computer Science & Business Systems (Sem 7),722822205111,Elango S,3
5419,IT,7,U23OME07,U23OME07 - IT Core Subject (Sem 7),722822205111,Elango S,3
5420,IT,7,U23IT523,U23IT523 - Information Technology & Cloud Systems (Sem 7),722822205111,Elango S,3
5421,IT,7,U23CB103,U23CB103 - Computer Science & Business Systems (Sem 7),722822205112,Gokul A,3
5422,IT,7,U23CB104,U23CB104 - Computer Science & Business Systems (Sem 7),722822205112,Gokul A,3
5423,IT,7,U23CB532,U23CB532 - Computer Science & Business Systems (Sem 7),722822205112,Gokul A,3
5424,IT,7,U23OME07,U23OME07 - IT Core Subject (Sem 7),722822205112,Gokul A,3
5425,IT,7,U23IT523,U23IT523 - Information Technology & Cloud Systems (Sem 7),722822205112,Gokul A,3
5426,IT,7,U23CB103,U23CB103 - Computer Science & Business Systems (Sem 7),722822205113,Gokul B,3
5427,IT,7,U23CB104,U23CB104 - Computer Science & Business Systems (Sem 7),722822205113,Gokul B,3
5428,IT,7,U23CB532,U23CB532 - Computer Science & Business Systems (Sem 7),722822205113,Gokul B,3
5429,IT,7,U23OME07,U23OME07 - IT Core Subject (Sem 7),722822205113,Gokul B,3
5430,IT,7,U23IT523,U23IT523 - Information Technology & Cloud Systems (Sem 7),722822205113,Gokul B,3
5431,IT,7,U23CB103,U23CB103 - Computer Science & Business Systems (Sem 7),722822205114,Bhavana N,3
5432,IT,7,U23CB104,U23CB104 - Computer Science & Business Systems (Sem 7),722822205114,Bhavana N,3
5433,IT,7,U23CB532,U23CB532 - Computer Science & Business Systems (Sem 7),722822205114,Bhavana N,3
5434,IT,7,U23OME07,U23OME07 - IT Core Subject (Sem 7),722822205114,Bhavana N,3
5435,IT,7,U23IT523,U23IT523 - Information Technology & Cloud Systems (Sem 7),722822205114,Bhavana N,3
5436,IT,7,U23CB103,U23CB103 - Computer Science & Business Systems (Sem 7),722822205115,Lakshmi R,3
5437,IT,7,U23CB104,U23CB104 - Computer Science & Business Systems (Sem 7),722822205115,Lakshmi R,3
5438,IT,7,U23CB532,U23CB532 - Computer Science & Business Systems (Sem 7),722822205115,Lakshmi R,3
5439,IT,7,U23OME07,U23OME07 - IT Core Subject (Sem 7),722822205115,Lakshmi R,3
5440,IT,7,U23IT523,U23IT523 - Information Technology & Cloud Systems (Sem 7),722822205115,Lakshmi R,3
5441,IT,7,U23CB103,U23CB103 - Computer Science & Business Systems (Sem 7),722822205116,Pavithra A,3
5442,IT,7,U23CB104,U23CB104 - Computer Science & Business Systems (Sem 7),722822205116,Pavithra A,3
5443,IT,7,U23CB532,U23CB532 - Computer Science & Business Systems (Sem 7),722822205116,Pavithra A,3
5444,IT,7,U23OME07,U23OME07 - IT Core Subject (Sem 7),722822205116,Pavithra A,3
5445,IT,7,U23IT523,U23IT523 - Information Technology & Cloud Systems (Sem 7),722822205116,Pavithra A,3
5446,IT,7,U23CB103,U23CB103 - Computer Science & Business Systems (Sem 7),722822205117,Karthik B,3
5447,IT,7,U23CB104,U23CB104 - Computer Science & Business Systems (Sem 7),722822205117,Karthik B,3
5448,IT,7,U23CB532,U23CB532 - Computer Science & Business Systems (Sem 7),722822205117,Karthik B,3
5449,IT,7,U23OME07,U23OME07 - IT Core Subject (Sem 7),722822205117,Karthik B,3
5450,IT,7,U23IT523,U23IT523 - Information Technology & Cloud Systems (Sem 7),722822205117,Karthik B,3
5451,IT,7,U23CB103,U23CB103 - Computer Science & Business Systems (Sem 7),722822205118,Ishwarya T,3
5452,IT,7,U23CB104,U23CB104 - Computer Science & Business Systems (Sem 7),722822205118,Ishwarya T,3
5453,IT,7,U23CB532,U23CB532 - Computer Science & Business Systems (Sem 7),722822205118,Ishwarya T,3
5454,IT,7,U23OME07,U23OME07 - IT Core Subject (Sem 7),722822205118,Ishwarya T,3
5455,IT,7,U23IT523,U23IT523 - Information Technology & Cloud Systems (Sem 7),722822205118,Ishwarya T,3
5456,IT,7,U23CB103,U23CB103 - Computer Science & Business Systems (Sem 7),722822205119,Ishwarya V,3
5457,IT,7,U23CB104,U23CB104 - Computer Science & Business Systems (Sem 7),722822205119,Ishwarya V,3
5458,IT,7,U23CB532,U23CB532 - Computer Science & Business Systems (Sem 7),722822205119,Ishwarya V,3
5459,IT,7,U23OME07,U23OME07 - IT Core Subject (Sem 7),722822205119,Ishwarya V,3
5460,IT,7,U23IT523,U23IT523 - Information Technology & Cloud Systems (Sem 7),722822205119,Ishwarya V,3
5461,IT,7,U23CB103,U23CB103 - Computer Science & Business Systems (Sem 7),722822205120,Rahul R,3
5462,IT,7,U23CB104,U23CB104 - Computer Science & Business Systems (Sem 7),722822205120,Rahul R,3
5463,IT,7,U23CB532,U23CB532 - Computer Science & Business Systems (Sem 7),722822205120,Rahul R,3
5464,IT,7,U23OME07,U23OME07 - IT Core Subject (Sem 7),722822205120,Rahul R,3
5465,IT,7,U23IT523,U23IT523 - Information Technology & Cloud Systems (Sem 7),722822205120,Rahul R,3
5466,AI&DS,3,U23MA204,U23MA204 - Advanced Mathematics & Statistics (Sem 3),722824243102,Lakshmi A,3
5467,AI&DS,3,U23CS403,U23CS403 - Computer Science & Software Systems (Sem 3),722824243102,Lakshmi A,3
5468,AI&DS,3,U23CS404,U23CS404 - Computer Science & Software Systems (Sem 3),722824243102,Lakshmi A,3
5469,AI&DS,3,U23EC382,U23EC382 - Electronics & Communication Systems (Sem 3),722824243102,Lakshmi A,3
5470,AI&DS,3,U23CS491,U23CS491 - Computer Science & Software Systems (Sem 3),722824243102,Lakshmi A,3
5471,AI&DS,3,U23AD491,U23AD491 - Artificial Intelligence & Data Science (Sem 3),722824243102,Lakshmi A,3
5472,AI&DS,3,U23MA204,U23MA204 - Advanced Mathematics & Statistics (Sem 3),722824243103,Pavithra B,3
5473,AI&DS,3,U23CS403,U23CS403 - Computer Science & Software Systems (Sem 3),722824243103,Pavithra B,3
5474,AI&DS,3,U23CS404,U23CS404 - Computer Science & Software Systems (Sem 3),722824243103,Pavithra B,3
5475,AI&DS,3,U23EC382,U23EC382 - Electronics & Communication Systems (Sem 3),722824243103,Pavithra B,3
5476,AI&DS,3,U23CS491,U23CS491 - Computer Science & Software Systems (Sem 3),722824243103,Pavithra B,3
5477,AI&DS,3,U23AD491,U23AD491 - Artificial Intelligence & Data Science (Sem 3),722824243103,Pavithra B,3
5478,AI&DS,3,U23MA204,U23MA204 - Advanced Mathematics & Statistics (Sem 3),722824243104,Karthik N,3
5479,AI&DS,3,U23CS403,U23CS403 - Computer Science & Software Systems (Sem 3),722824243104,Karthik N,3
5480,AI&DS,3,U23CS404,U23CS404 - Computer Science & Software Systems (Sem 3),722824243104,Karthik N,3
5481,AI&DS,3,U23EC382,U23EC382 - Electronics & Communication Systems (Sem 3),722824243104,Karthik N,3
5482,AI&DS,3,U23CS491,U23CS491 - Computer Science & Software Systems (Sem 3),722824243104,Karthik N,3
5483,AI&DS,3,U23AD491,U23AD491 - Artificial Intelligence & Data Science (Sem 3),722824243104,Karthik N,3
5484,AI&DS,3,U23MA204,U23MA204 - Advanced Mathematics & Statistics (Sem 3),722824243105,Sanjay T,3
5485,AI&DS,3,U23CS403,U23CS403 - Computer Science & Software Systems (Sem 3),722824243105,Sanjay T,3
5486,AI&DS,3,U23CS404,U23CS404 - Computer Science & Software Systems (Sem 3),722824243105,Sanjay T,3
5487,AI&DS,3,U23EC382,U23EC382 - Electronics & Communication Systems (Sem 3),722824243105,Sanjay T,3
5488,AI&DS,3,U23CS491,U23CS491 - Computer Science & Software Systems (Sem 3),722824243105,Sanjay T,3
5489,AI&DS,3,U23AD491,U23AD491 - Artificial Intelligence & Data Science (Sem 3),722824243105,Sanjay T,3
5490,AI&DS,3,U23MA204,U23MA204 - Advanced Mathematics & Statistics (Sem 3),722824243106,Naveen S,3
5491,AI&DS,3,U23CS403,U23CS403 - Computer Science & Software Systems (Sem 3),722824243106,Naveen S,3
5492,AI&DS,3,U23CS404,U23CS404 - Computer Science & Software Systems (Sem 3),722824243106,Naveen S,3
5493,AI&DS,3,U23EC382,U23EC382 - Electronics & Communication Systems (Sem 3),722824243106,Naveen S,3
5494,AI&DS,3,U23CS491,U23CS491 - Computer Science & Software Systems (Sem 3),722824243106,Naveen S,3
5495,AI&DS,3,U23AD491,U23AD491 - Artificial Intelligence & Data Science (Sem 3),722824243106,Naveen S,3
5496,AI&DS,3,U23MA204,U23MA204 - Advanced Mathematics & Statistics (Sem 3),722824243107,Harini A,3
5497,AI&DS,3,U23CS403,U23CS403 - Computer Science & Software Systems (Sem 3),722824243107,Harini A,3
5498,AI&DS,3,U23CS404,U23CS404 - Computer Science & Software Systems (Sem 3),722824243107,Harini A,3
5499,AI&DS,3,U23EC382,U23EC382 - Electronics & Communication Systems (Sem 3),722824243107,Harini A,3
5500,AI&DS,3,U23CS491,U23CS491 - Computer Science & Software Systems (Sem 3),722824243107,Harini A,3
5501,AI&DS,3,U23AD491,U23AD491 - Artificial Intelligence & Data Science (Sem 3),722824243107,Harini A,3
5502,AI&DS,3,U23MA204,U23MA204 - Advanced Mathematics & Statistics (Sem 3),722824243108,Elango V,3
5503,AI&DS,3,U23CS403,U23CS403 - Computer Science & Software Systems (Sem 3),722824243108,Elango V,3
5504,AI&DS,3,U23CS404,U23CS404 - Computer Science & Software Systems (Sem 3),722824243108,Elango V,3
5505,AI&DS,3,U23EC382,U23EC382 - Electronics & Communication Systems (Sem 3),722824243108,Elango V,3
5506,AI&DS,3,U23CS491,U23CS491 - Computer Science & Software Systems (Sem 3),722824243108,Elango V,3
5507,AI&DS,3,U23AD491,U23AD491 - Artificial Intelligence & Data Science (Sem 3),722824243108,Elango V,3
5508,AI&DS,3,U23MA204,U23MA204 - Advanced Mathematics & Statistics (Sem 3),722824243109,Bhavana B,3
5509,AI&DS,3,U23CS403,U23CS403 - Computer Science & Software Systems (Sem 3),722824243109,Bhavana B,3
5510,AI&DS,3,U23CS404,U23CS404 - Computer Science & Software Systems (Sem 3),722824243109,Bhavana B,3
5511,AI&DS,3,U23EC382,U23EC382 - Electronics & Communication Systems (Sem 3),722824243109,Bhavana B,3
5512,AI&DS,3,U23CS491,U23CS491 - Computer Science & Software Systems (Sem 3),722824243109,Bhavana B,3
5513,AI&DS,3,U23AD491,U23AD491 - Artificial Intelligence & Data Science (Sem 3),722824243109,Bhavana B,3
5514,AI&DS,3,U23MA204,U23MA204 - Advanced Mathematics & Statistics (Sem 3),722824243110,Lakshmi T,3
5515,AI&DS,3,U23CS403,U23CS403 - Computer Science & Software Systems (Sem 3),722824243110,Lakshmi T,3
5516,AI&DS,3,U23CS404,U23CS404 - Computer Science & Software Systems (Sem 3),722824243110,Lakshmi T,3
5517,AI&DS,3,U23EC382,U23EC382 - Electronics & Communication Systems (Sem 3),722824243110,Lakshmi T,3
5518,AI&DS,3,U23CS491,U23CS491 - Computer Science & Software Systems (Sem 3),722824243110,Lakshmi T,3
5519,AI&DS,3,U23AD491,U23AD491 - Artificial Intelligence & Data Science (Sem 3),722824243110,Lakshmi T,3
5520,AI&DS,3,U23MA204,U23MA204 - Advanced Mathematics & Statistics (Sem 3),722824243111,Deepak T,3
5521,AI&DS,3,U23CS403,U23CS403 - Computer Science & Software Systems (Sem 3),722824243111,Deepak T,3
5522,AI&DS,3,U23CS404,U23CS404 - Computer Science & Software Systems (Sem 3),722824243111,Deepak T,3
5523,AI&DS,3,U23EC382,U23EC382 - Electronics & Communication Systems (Sem 3),722824243111,Deepak T,3
5524,AI&DS,3,U23CS491,U23CS491 - Computer Science & Software Systems (Sem 3),722824243111,Deepak T,3
5525,AI&DS,3,U23AD491,U23AD491 - Artificial Intelligence & Data Science (Sem 3),722824243111,Deepak T,3
5526,AI&DS,3,U23MA204,U23MA204 - Advanced Mathematics & Statistics (Sem 3),722824243112,Deepak V,3
5527,AI&DS,3,U23CS403,U23CS403 - Computer Science & Software Systems (Sem 3),722824243112,Deepak V,3
5528,AI&DS,3,U23CS404,U23CS404 - Computer Science & Software Systems (Sem 3),722824243112,Deepak V,3
5529,AI&DS,3,U23EC382,U23EC382 - Electronics & Communication Systems (Sem 3),722824243112,Deepak V,3
5530,AI&DS,3,U23CS491,U23CS491 - Computer Science & Software Systems (Sem 3),722824243112,Deepak V,3
5531,AI&DS,3,U23AD491,U23AD491 - Artificial Intelligence & Data Science (Sem 3),722824243112,Deepak V,3
5532,AI&DS,3,U23MA204,U23MA204 - Advanced Mathematics & Statistics (Sem 3),722824243113,Chandran S,3
5533,AI&DS,3,U23CS403,U23CS403 - Computer Science & Software Systems (Sem 3),722824243113,Chandran S,3
5534,AI&DS,3,U23CS404,U23CS404 - Computer Science & Software Systems (Sem 3),722824243113,Chandran S,3
5535,AI&DS,3,U23EC382,U23EC382 - Electronics & Communication Systems (Sem 3),722824243113,Chandran S,3
5536,AI&DS,3,U23CS491,U23CS491 - Computer Science & Software Systems (Sem 3),722824243113,Chandran S,3
5537,AI&DS,3,U23AD491,U23AD491 - Artificial Intelligence & Data Science (Sem 3),722824243113,Chandran S,3
5538,AI&DS,3,U23MA204,U23MA204 - Advanced Mathematics & Statistics (Sem 3),722824243114,Jayant B,3
5539,AI&DS,3,U23CS403,U23CS403 - Computer Science & Software Systems (Sem 3),722824243114,Jayant B,3
5540,AI&DS,3,U23CS404,U23CS404 - Computer Science & Software Systems (Sem 3),722824243114,Jayant B,3
5541,AI&DS,3,U23EC382,U23EC382 - Electronics & Communication Systems (Sem 3),722824243114,Jayant B,3
5542,AI&DS,3,U23CS491,U23CS491 - Computer Science & Software Systems (Sem 3),722824243114,Jayant B,3
5543,AI&DS,3,U23AD491,U23AD491 - Artificial Intelligence & Data Science (Sem 3),722824243114,Jayant B,3
5544,AI&DS,3,U23MA204,U23MA204 - Advanced Mathematics & Statistics (Sem 3),722824243115,Sanjay S,3
5545,AI&DS,3,U23CS403,U23CS403 - Computer Science & Software Systems (Sem 3),722824243115,Sanjay S,3
5546,AI&DS,3,U23CS404,U23CS404 - Computer Science & Software Systems (Sem 3),722824243115,Sanjay S,3
5547,AI&DS,3,U23EC382,U23EC382 - Electronics & Communication Systems (Sem 3),722824243115,Sanjay S,3
5548,AI&DS,3,U23CS491,U23CS491 - Computer Science & Software Systems (Sem 3),722824243115,Sanjay S,3
5549,AI&DS,3,U23AD491,U23AD491 - Artificial Intelligence & Data Science (Sem 3),722824243115,Sanjay S,3
5550,AI&DS,3,U23MA204,U23MA204 - Advanced Mathematics & Statistics (Sem 3),722824243116,Naveen K,3
5551,AI&DS,3,U23CS403,U23CS403 - Computer Science & Software Systems (Sem 3),722824243116,Naveen K,3
5552,AI&DS,3,U23CS404,U23CS404 - Computer Science & Software Systems (Sem 3),722824243116,Naveen K,3
5553,AI&DS,3,U23EC382,U23EC382 - Electronics & Communication Systems (Sem 3),722824243116,Naveen K,3
5554,AI&DS,3,U23CS491,U23CS491 - Computer Science & Software Systems (Sem 3),722824243116,Naveen K,3
5555,AI&DS,3,U23AD491,U23AD491 - Artificial Intelligence & Data Science (Sem 3),722824243116,Naveen K,3
5556,AI&DS,3,U23MA204,U23MA204 - Advanced Mathematics & Statistics (Sem 3),722824243117,Ishwarya B,3
5557,AI&DS,3,U23CS403,U23CS403 - Computer Science & Software Systems (Sem 3),722824243117,Ishwarya B,3
5558,AI&DS,3,U23CS404,U23CS404 - Computer Science & Software Systems (Sem 3),722824243117,Ishwarya B,3
5559,AI&DS,3,U23EC382,U23EC382 - Electronics & Communication Systems (Sem 3),722824243117,Ishwarya B,3
5560,AI&DS,3,U23CS491,U23CS491 - Computer Science & Software Systems (Sem 3),722824243117,Ishwarya B,3
5561,AI&DS,3,U23AD491,U23AD491 - Artificial Intelligence & Data Science (Sem 3),722824243117,Ishwarya B,3
5562,AI&DS,3,U23MA204,U23MA204 - Advanced Mathematics & Statistics (Sem 3),722824243118,Lakshmi M,3
5563,AI&DS,3,U23CS403,U23CS403 - Computer Science & Software Systems (Sem 3),722824243118,Lakshmi M,3
5564,AI&DS,3,U23CS404,U23CS404 - Computer Science & Software Systems (Sem 3),722824243118,Lakshmi M,3
5565,AI&DS,3,U23EC382,U23EC382 - Electronics & Communication Systems (Sem 3),722824243118,Lakshmi M,3
5566,AI&DS,3,U23CS491,U23CS491 - Computer Science & Software Systems (Sem 3),722824243118,Lakshmi M,3
5567,AI&DS,3,U23AD491,U23AD491 - Artificial Intelligence & Data Science (Sem 3),722824243118,Lakshmi M,3
5568,AI&DS,3,U23MA204,U23MA204 - Advanced Mathematics & Statistics (Sem 3),722824243119,Naveen M,3
5569,AI&DS,3,U23CS403,U23CS403 - Computer Science & Software Systems (Sem 3),722824243119,Naveen M,3
5570,AI&DS,3,U23CS404,U23CS404 - Computer Science & Software Systems (Sem 3),722824243119,Naveen M,3
5571,AI&DS,3,U23EC382,U23EC382 - Electronics & Communication Systems (Sem 3),722824243119,Naveen M,3
5572,AI&DS,3,U23CS491,U23CS491 - Computer Science & Software Systems (Sem 3),722824243119,Naveen M,3
5573,AI&DS,3,U23AD491,U23AD491 - Artificial Intelligence & Data Science (Sem 3),722824243119,Naveen M,3
5574,AI&DS,3,U23MA204,U23MA204 - Advanced Mathematics & Statistics (Sem 3),722824243120,Manoj T,3
5575,AI&DS,3,U23CS403,U23CS403 - Computer Science & Software Systems (Sem 3),722824243120,Manoj T,3
5576,AI&DS,3,U23CS404,U23CS404 - Computer Science & Software Systems (Sem 3),722824243120,Manoj T,3
5577,AI&DS,3,U23EC382,U23EC382 - Electronics & Communication Systems (Sem 3),722824243120,Manoj T,3
5578,AI&DS,3,U23CS491,U23CS491 - Computer Science & Software Systems (Sem 3),722824243120,Manoj T,3
5579,AI&DS,3,U23AD491,U23AD491 - Artificial Intelligence & Data Science (Sem 3),722824243120,Manoj T,3
5580,AI&DS,5,U23AD401,U23AD401 - Artificial Intelligence & Data Science (Sem 5),722823243101,Lakshmi R,3
5581,AI&DS,5,U23AD484,U23AD484 - Artificial Intelligence & Data Science (Sem 5),722823243101,Lakshmi R,3
5582,AI&DS,5,U23IT484,U23IT484 - Information Technology & Cloud Systems (Sem 5),722823243101,Lakshmi R,3
5583,AI&DS,5,U23AM491,U23AM491 - Machine Learning & Neural Networks (Sem 5),722823243101,Lakshmi R,3
5584,AI&DS,5,U23CB593,U23CB593 - Computer Science & Business Systems (Sem 5),722823243101,Lakshmi R,3
5585,AI&DS,5,U23EC384,U23EC384 - Electronics & Communication Systems (Sem 5),722823243101,Lakshmi R,3
5586,AI&DS,5,U23AD401,U23AD401 - Artificial Intelligence & Data Science (Sem 5),722823243102,Manoj K,3
5587,AI&DS,5,U23AD484,U23AD484 - Artificial Intelligence & Data Science (Sem 5),722823243102,Manoj K,3
5588,AI&DS,5,U23IT484,U23IT484 - Information Technology & Cloud Systems (Sem 5),722823243102,Manoj K,3
5589,AI&DS,5,U23AM491,U23AM491 - Machine Learning & Neural Networks (Sem 5),722823243102,Manoj K,3
5590,AI&DS,5,U23CB593,U23CB593 - Computer Science & Business Systems (Sem 5),722823243102,Manoj K,3
5591,AI&DS,5,U23EC384,U23EC384 - Electronics & Communication Systems (Sem 5),722823243102,Manoj K,3
5592,AI&DS,5,U23AD401,U23AD401 - Artificial Intelligence & Data Science (Sem 5),722823243103,Lakshmi R,3
5593,AI&DS,5,U23AD484,U23AD484 - Artificial Intelligence & Data Science (Sem 5),722823243103,Lakshmi R,3
5594,AI&DS,5,U23IT484,U23IT484 - Information Technology & Cloud Systems (Sem 5),722823243103,Lakshmi R,3
5595,AI&DS,5,U23AM491,U23AM491 - Machine Learning & Neural Networks (Sem 5),722823243103,Lakshmi R,3
5596,AI&DS,5,U23CB593,U23CB593 - Computer Science & Business Systems (Sem 5),722823243103,Lakshmi R,3
5597,AI&DS,5,U23EC384,U23EC384 - Electronics & Communication Systems (Sem 5),722823243103,Lakshmi R,3
5598,AI&DS,5,U23AD401,U23AD401 - Artificial Intelligence & Data Science (Sem 5),722823243104,Aravind P,3
5599,AI&DS,5,U23AD484,U23AD484 - Artificial Intelligence & Data Science (Sem 5),722823243104,Aravind P,3
5600,AI&DS,5,U23IT484,U23IT484 - Information Technology & Cloud Systems (Sem 5),722823243104,Aravind P,3
5601,AI&DS,5,U23AM491,U23AM491 - Machine Learning & Neural Networks (Sem 5),722823243104,Aravind P,3
5602,AI&DS,5,U23CB593,U23CB593 - Computer Science & Business Systems (Sem 5),722823243104,Aravind P,3
5603,AI&DS,5,U23EC384,U23EC384 - Electronics & Communication Systems (Sem 5),722823243104,Aravind P,3
5604,AI&DS,5,U23AD401,U23AD401 - Artificial Intelligence & Data Science (Sem 5),722823243105,Deepak P,3
5605,AI&DS,5,U23AD484,U23AD484 - Artificial Intelligence & Data Science (Sem 5),722823243105,Deepak P,3
5606,AI&DS,5,U23IT484,U23IT484 - Information Technology & Cloud Systems (Sem 5),722823243105,Deepak P,3
5607,AI&DS,5,U23AM491,U23AM491 - Machine Learning & Neural Networks (Sem 5),722823243105,Deepak P,3
5608,AI&DS,5,U23CB593,U23CB593 - Computer Science & Business Systems (Sem 5),722823243105,Deepak P,3
5609,AI&DS,5,U23EC384,U23EC384 - Electronics & Communication Systems (Sem 5),722823243105,Deepak P,3
5610,AI&DS,5,U23AD401,U23AD401 - Artificial Intelligence & Data Science (Sem 5),722823243107,Elango S,3
5611,AI&DS,5,U23AD484,U23AD484 - Artificial Intelligence & Data Science (Sem 5),722823243107,Elango S,3
5612,AI&DS,5,U23IT484,U23IT484 - Information Technology & Cloud Systems (Sem 5),722823243107,Elango S,3
5613,AI&DS,5,U23AM491,U23AM491 - Machine Learning & Neural Networks (Sem 5),722823243107,Elango S,3
5614,AI&DS,5,U23CB593,U23CB593 - Computer Science & Business Systems (Sem 5),722823243107,Elango S,3
5615,AI&DS,5,U23EC384,U23EC384 - Electronics & Communication Systems (Sem 5),722823243107,Elango S,3
5616,AI&DS,5,U23AD401,U23AD401 - Artificial Intelligence & Data Science (Sem 5),722823243108,Bhavana V,3
5617,AI&DS,5,U23AD484,U23AD484 - Artificial Intelligence & Data Science (Sem 5),722823243108,Bhavana V,3
5618,AI&DS,5,U23IT484,U23IT484 - Information Technology & Cloud Systems (Sem 5),722823243108,Bhavana V,3
5619,AI&DS,5,U23AM491,U23AM491 - Machine Learning & Neural Networks (Sem 5),722823243108,Bhavana V,3
5620,AI&DS,5,U23CB593,U23CB593 - Computer Science & Business Systems (Sem 5),722823243108,Bhavana V,3
5621,AI&DS,5,U23EC384,U23EC384 - Electronics & Communication Systems (Sem 5),722823243108,Bhavana V,3
5622,AI&DS,5,U23AD401,U23AD401 - Artificial Intelligence & Data Science (Sem 5),722823243109,Rahul S,3
5623,AI&DS,5,U23AD484,U23AD484 - Artificial Intelligence & Data Science (Sem 5),722823243109,Rahul S,3
5624,AI&DS,5,U23IT484,U23IT484 - Information Technology & Cloud Systems (Sem 5),722823243109,Rahul S,3
5625,AI&DS,5,U23AM491,U23AM491 - Machine Learning & Neural Networks (Sem 5),722823243109,Rahul S,3
5626,AI&DS,5,U23CB593,U23CB593 - Computer Science & Business Systems (Sem 5),722823243109,Rahul S,3
5627,AI&DS,5,U23EC384,U23EC384 - Electronics & Communication Systems (Sem 5),722823243109,Rahul S,3
5628,AI&DS,5,U23AD401,U23AD401 - Artificial Intelligence & Data Science (Sem 5),722823243111,Rahul B,3
5629,AI&DS,5,U23AD484,U23AD484 - Artificial Intelligence & Data Science (Sem 5),722823243111,Rahul B,3
5630,AI&DS,5,U23IT484,U23IT484 - Information Technology & Cloud Systems (Sem 5),722823243111,Rahul B,3
5631,AI&DS,5,U23AM491,U23AM491 - Machine Learning & Neural Networks (Sem 5),722823243111,Rahul B,3
5632,AI&DS,5,U23CB593,U23CB593 - Computer Science & Business Systems (Sem 5),722823243111,Rahul B,3
5633,AI&DS,5,U23EC384,U23EC384 - Electronics & Communication Systems (Sem 5),722823243111,Rahul B,3
5634,AI&DS,5,U23AD401,U23AD401 - Artificial Intelligence & Data Science (Sem 5),722823243113,Yash M,3
5635,AI&DS,5,U23AD484,U23AD484 - Artificial Intelligence & Data Science (Sem 5),722823243113,Yash M,3
5636,AI&DS,5,U23IT484,U23IT484 - Information Technology & Cloud Systems (Sem 5),722823243113,Yash M,3
5637,AI&DS,5,U23AM491,U23AM491 - Machine Learning & Neural Networks (Sem 5),722823243113,Yash M,3
5638,AI&DS,5,U23CB593,U23CB593 - Computer Science & Business Systems (Sem 5),722823243113,Yash M,3
5639,AI&DS,5,U23EC384,U23EC384 - Electronics & Communication Systems (Sem 5),722823243113,Yash M,3
5640,AI&DS,5,U23AD401,U23AD401 - Artificial Intelligence & Data Science (Sem 5),722823243114,Chandran M,3
5641,AI&DS,5,U23AD484,U23AD484 - Artificial Intelligence & Data Science (Sem 5),722823243114,Chandran M,3
5642,AI&DS,5,U23IT484,U23IT484 - Information Technology & Cloud Systems (Sem 5),722823243114,Chandran M,3
5643,AI&DS,5,U23AM491,U23AM491 - Machine Learning & Neural Networks (Sem 5),722823243114,Chandran M,3
5644,AI&DS,5,U23CB593,U23CB593 - Computer Science & Business Systems (Sem 5),722823243114,Chandran M,3
5645,AI&DS,5,U23EC384,U23EC384 - Electronics & Communication Systems (Sem 5),722823243114,Chandran M,3
5646,AI&DS,5,U23AD401,U23AD401 - Artificial Intelligence & Data Science (Sem 5),722823243115,Jayant R,3
5647,AI&DS,5,U23AD484,U23AD484 - Artificial Intelligence & Data Science (Sem 5),722823243115,Jayant R,3
5648,AI&DS,5,U23IT484,U23IT484 - Information Technology & Cloud Systems (Sem 5),722823243115,Jayant R,3
5649,AI&DS,5,U23AM491,U23AM491 - Machine Learning & Neural Networks (Sem 5),722823243115,Jayant R,3
5650,AI&DS,5,U23CB593,U23CB593 - Computer Science & Business Systems (Sem 5),722823243115,Jayant R,3
5651,AI&DS,5,U23EC384,U23EC384 - Electronics & Communication Systems (Sem 5),722823243115,Jayant R,3
5652,AI&DS,5,U23AD401,U23AD401 - Artificial Intelligence & Data Science (Sem 5),722823243116,Elango T,3
5653,AI&DS,5,U23AD484,U23AD484 - Artificial Intelligence & Data Science (Sem 5),722823243116,Elango T,3
5654,AI&DS,5,U23IT484,U23IT484 - Information Technology & Cloud Systems (Sem 5),722823243116,Elango T,3
5655,AI&DS,5,U23AM491,U23AM491 - Machine Learning & Neural Networks (Sem 5),722823243116,Elango T,3
5656,AI&DS,5,U23CB593,U23CB593 - Computer Science & Business Systems (Sem 5),722823243116,Elango T,3
5657,AI&DS,5,U23EC384,U23EC384 - Electronics & Communication Systems (Sem 5),722823243116,Elango T,3
5658,AI&DS,5,U23AD401,U23AD401 - Artificial Intelligence & Data Science (Sem 5),722823243117,Yash T,3
5659,AI&DS,5,U23AD484,U23AD484 - Artificial Intelligence & Data Science (Sem 5),722823243117,Yash T,3
5660,AI&DS,5,U23IT484,U23IT484 - Information Technology & Cloud Systems (Sem 5),722823243117,Yash T,3
5661,AI&DS,5,U23AM491,U23AM491 - Machine Learning & Neural Networks (Sem 5),722823243117,Yash T,3
5662,AI&DS,5,U23CB593,U23CB593 - Computer Science & Business Systems (Sem 5),722823243117,Yash T,3
5663,AI&DS,5,U23EC384,U23EC384 - Electronics & Communication Systems (Sem 5),722823243117,Yash T,3
5664,AI&DS,5,U23AD401,U23AD401 - Artificial Intelligence & Data Science (Sem 5),722823243118,Naveen K,3
5665,AI&DS,5,U23AD484,U23AD484 - Artificial Intelligence & Data Science (Sem 5),722823243118,Naveen K,3
5666,AI&DS,5,U23IT484,U23IT484 - Information Technology & Cloud Systems (Sem 5),722823243118,Naveen K,3
5667,AI&DS,5,U23AM491,U23AM491 - Machine Learning & Neural Networks (Sem 5),722823243118,Naveen K,3
5668,AI&DS,5,U23CB593,U23CB593 - Computer Science & Business Systems (Sem 5),722823243118,Naveen K,3
5669,AI&DS,5,U23EC384,U23EC384 - Electronics & Communication Systems (Sem 5),722823243118,Naveen K,3
5670,AI&DS,5,U23AD401,U23AD401 - Artificial Intelligence & Data Science (Sem 5),722823243119,Karthik R,3
5671,AI&DS,5,U23AD484,U23AD484 - Artificial Intelligence & Data Science (Sem 5),722823243119,Karthik R,3
5672,AI&DS,5,U23IT484,U23IT484 - Information Technology & Cloud Systems (Sem 5),722823243119,Karthik R,3
5673,AI&DS,5,U23AM491,U23AM491 - Machine Learning & Neural Networks (Sem 5),722823243119,Karthik R,3
5674,AI&DS,5,U23CB593,U23CB593 - Computer Science & Business Systems (Sem 5),722823243119,Karthik R,3
5675,AI&DS,5,U23EC384,U23EC384 - Electronics & Communication Systems (Sem 5),722823243119,Karthik R,3
5676,AI&DS,5,U23AD401,U23AD401 - Artificial Intelligence & Data Science (Sem 5),722823243120,Karthik K,3
5677,AI&DS,5,U23AD484,U23AD484 - Artificial Intelligence & Data Science (Sem 5),722823243120,Karthik K,3
5678,AI&DS,5,U23IT484,U23IT484 - Information Technology & Cloud Systems (Sem 5),722823243120,Karthik K,3
5679,AI&DS,5,U23AM491,U23AM491 - Machine Learning & Neural Networks (Sem 5),722823243120,Karthik K,3
5680,AI&DS,5,U23CB593,U23CB593 - Computer Science & Business Systems (Sem 5),722823243120,Karthik K,3
5681,AI&DS,5,U23EC384,U23EC384 - Electronics & Communication Systems (Sem 5),722823243120,Karthik K,3
5682,AI&DS,7,U23CB103,U23CB103 - Computer Science & Business Systems (Sem 7),722822243101,Bhavana R,3
5683,AI&DS,7,U23CB104,U23CB104 - Computer Science & Business Systems (Sem 7),722822243101,Bhavana R,3
5684,AI&DS,7,U23AM586,U23AM586 - Machine Learning & Neural Networks (Sem 7),722822243101,Bhavana R,3
5685,AI&DS,7,U23OME06,U23OME06 - AI&DS Core Subject (Sem 7),722822243101,Bhavana R,3
5686,AI&DS,7,U23AD511,U23AD511 - Artificial Intelligence & Data Science (Sem 7),722822243101,Bhavana R,3
5687,AI&DS,7,U23CB103,U23CB103 - Computer Science & Business Systems (Sem 7),722822243102,Naveen A,3
5688,AI&DS,7,U23CB104,U23CB104 - Computer Science & Business Systems (Sem 7),722822243102,Naveen A,3
5689,AI&DS,7,U23AM586,U23AM586 - Machine Learning & Neural Networks (Sem 7),722822243102,Naveen A,3
5690,AI&DS,7,U23OME06,U23OME06 - AI&DS Core Subject (Sem 7),722822243102,Naveen A,3
5691,AI&DS,7,U23AD511,U23AD511 - Artificial Intelligence & Data Science (Sem 7),722822243102,Naveen A,3
5692,AI&DS,7,U23CB103,U23CB103 - Computer Science & Business Systems (Sem 7),722822243103,Pavithra K,3
5693,AI&DS,7,U23CB104,U23CB104 - Computer Science & Business Systems (Sem 7),722822243103,Pavithra K,3
5694,AI&DS,7,U23AM586,U23AM586 - Machine Learning & Neural Networks (Sem 7),722822243103,Pavithra K,3
5695,AI&DS,7,U23OME06,U23OME06 - AI&DS Core Subject (Sem 7),722822243103,Pavithra K,3
5696,AI&DS,7,U23AD511,U23AD511 - Artificial Intelligence & Data Science (Sem 7),722822243103,Pavithra K,3
5697,AI&DS,7,U23CB103,U23CB103 - Computer Science & Business Systems (Sem 7),722822243104,Deepak B,3
5698,AI&DS,7,U23CB104,U23CB104 - Computer Science & Business Systems (Sem 7),722822243104,Deepak B,3
5699,AI&DS,7,U23AM586,U23AM586 - Machine Learning & Neural Networks (Sem 7),722822243104,Deepak B,3
5700,AI&DS,7,U23OME06,U23OME06 - AI&DS Core Subject (Sem 7),722822243104,Deepak B,3
5701,AI&DS,7,U23AD511,U23AD511 - Artificial Intelligence & Data Science (Sem 7),722822243104,Deepak B,3
5702,AI&DS,7,U23CB103,U23CB103 - Computer Science & Business Systems (Sem 7),722822243105,Yash T,3
5703,AI&DS,7,U23CB104,U23CB104 - Computer Science & Business Systems (Sem 7),722822243105,Yash T,3
5704,AI&DS,7,U23AM586,U23AM586 - Machine Learning & Neural Networks (Sem 7),722822243105,Yash T,3
5705,AI&DS,7,U23OME06,U23OME06 - AI&DS Core Subject (Sem 7),722822243105,Yash T,3
5706,AI&DS,7,U23AD511,U23AD511 - Artificial Intelligence & Data Science (Sem 7),722822243105,Yash T,3
5707,AI&DS,7,U23CB103,U23CB103 - Computer Science & Business Systems (Sem 7),722822243106,Aravind T,3
5708,AI&DS,7,U23CB104,U23CB104 - Computer Science & Business Systems (Sem 7),722822243106,Aravind T,3
5709,AI&DS,7,U23AM586,U23AM586 - Machine Learning & Neural Networks (Sem 7),722822243106,Aravind T,3
5710,AI&DS,7,U23OME06,U23OME06 - AI&DS Core Subject (Sem 7),722822243106,Aravind T,3
5711,AI&DS,7,U23AD511,U23AD511 - Artificial Intelligence & Data Science (Sem 7),722822243106,Aravind T,3
5712,AI&DS,7,U23CB103,U23CB103 - Computer Science & Business Systems (Sem 7),722822243107,Vidyut R,3
5713,AI&DS,7,U23CB104,U23CB104 - Computer Science & Business Systems (Sem 7),722822243107,Vidyut R,3
5714,AI&DS,7,U23AM586,U23AM586 - Machine Learning & Neural Networks (Sem 7),722822243107,Vidyut R,3
5715,AI&DS,7,U23OME06,U23OME06 - AI&DS Core Subject (Sem 7),722822243107,Vidyut R,3
5716,AI&DS,7,U23AD511,U23AD511 - Artificial Intelligence & Data Science (Sem 7),722822243107,Vidyut R,3
5717,AI&DS,7,U23CB103,U23CB103 - Computer Science & Business Systems (Sem 7),722822243108,Elango V,3
5718,AI&DS,7,U23CB104,U23CB104 - Computer Science & Business Systems (Sem 7),722822243108,Elango V,3
5719,AI&DS,7,U23AM586,U23AM586 - Machine Learning & Neural Networks (Sem 7),722822243108,Elango V,3
5720,AI&DS,7,U23OME06,U23OME06 - AI&DS Core Subject (Sem 7),722822243108,Elango V,3
5721,AI&DS,7,U23AD511,U23AD511 - Artificial Intelligence & Data Science (Sem 7),722822243108,Elango V,3
5722,AI&DS,7,U23CB103,U23CB103 - Computer Science & Business Systems (Sem 7),722822243109,Naveen M,3
5723,AI&DS,7,U23CB104,U23CB104 - Computer Science & Business Systems (Sem 7),722822243109,Naveen M,3
5724,AI&DS,7,U23AM586,U23AM586 - Machine Learning & Neural Networks (Sem 7),722822243109,Naveen M,3
5725,AI&DS,7,U23OME06,U23OME06 - AI&DS Core Subject (Sem 7),722822243109,Naveen M,3
5726,AI&DS,7,U23AD511,U23AD511 - Artificial Intelligence & Data Science (Sem 7),722822243109,Naveen M,3
5727,AI&DS,7,U23CB103,U23CB103 - Computer Science & Business Systems (Sem 7),722822243110,Yash P,3
5728,AI&DS,7,U23CB104,U23CB104 - Computer Science & Business Systems (Sem 7),722822243110,Yash P,3
5729,AI&DS,7,U23AM586,U23AM586 - Machine Learning & Neural Networks (Sem 7),722822243110,Yash P,3
5730,AI&DS,7,U23OME06,U23OME06 - AI&DS Core Subject (Sem 7),722822243110,Yash P,3
5731,AI&DS,7,U23AD511,U23AD511 - Artificial Intelligence & Data Science (Sem 7),722822243110,Yash P,3
5732,AI&DS,7,U23CB103,U23CB103 - Computer Science & Business Systems (Sem 7),722822243111,Ishwarya A,3
5733,AI&DS,7,U23CB104,U23CB104 - Computer Science & Business Systems (Sem 7),722822243111,Ishwarya A,3
5734,AI&DS,7,U23AM586,U23AM586 - Machine Learning & Neural Networks (Sem 7),722822243111,Ishwarya A,3
5735,AI&DS,7,U23OME06,U23OME06 - AI&DS Core Subject (Sem 7),722822243111,Ishwarya A,3
5736,AI&DS,7,U23AD511,U23AD511 - Artificial Intelligence & Data Science (Sem 7),722822243111,Ishwarya A,3
5737,AI&DS,7,U23CB103,U23CB103 - Computer Science & Business Systems (Sem 7),722822243112,Naveen S,3
5738,AI&DS,7,U23CB104,U23CB104 - Computer Science & Business Systems (Sem 7),722822243112,Naveen S,3
5739,AI&DS,7,U23AM586,U23AM586 - Machine Learning & Neural Networks (Sem 7),722822243112,Naveen S,3
5740,AI&DS,7,U23OME06,U23OME06 - AI&DS Core Subject (Sem 7),722822243112,Naveen S,3
5741,AI&DS,7,U23AD511,U23AD511 - Artificial Intelligence & Data Science (Sem 7),722822243112,Naveen S,3
5742,AI&DS,7,U23CB103,U23CB103 - Computer Science & Business Systems (Sem 7),722822243113,Chandran T,3
5743,AI&DS,7,U23CB104,U23CB104 - Computer Science & Business Systems (Sem 7),722822243113,Chandran T,3
5744,AI&DS,7,U23AM586,U23AM586 - Machine Learning & Neural Networks (Sem 7),722822243113,Chandran T,3
5745,AI&DS,7,U23OME06,U23OME06 - AI&DS Core Subject (Sem 7),722822243113,Chandran T,3
5746,AI&DS,7,U23AD511,U23AD511 - Artificial Intelligence & Data Science (Sem 7),722822243113,Chandran T,3
5747,AI&DS,7,U23CB103,U23CB103 - Computer Science & Business Systems (Sem 7),722822243114,Lakshmi K,3
5748,AI&DS,7,U23CB104,U23CB104 - Computer Science & Business Systems (Sem 7),722822243114,Lakshmi K,3
5749,AI&DS,7,U23AM586,U23AM586 - Machine Learning & Neural Networks (Sem 7),722822243114,Lakshmi K,3
5750,AI&DS,7,U23OME06,U23OME06 - AI&DS Core Subject (Sem 7),722822243114,Lakshmi K,3
5751,AI&DS,7,U23AD511,U23AD511 - Artificial Intelligence & Data Science (Sem 7),722822243114,Lakshmi K,3
5752,AI&DS,7,U23CB103,U23CB103 - Computer Science & Business Systems (Sem 7),722822243115,Sanjay T,3
5753,AI&DS,7,U23CB104,U23CB104 - Computer Science & Business Systems (Sem 7),722822243115,Sanjay T,3
5754,AI&DS,7,U23AM586,U23AM586 - Machine Learning & Neural Networks (Sem 7),722822243115,Sanjay T,3
5755,AI&DS,7,U23OME06,U23OME06 - AI&DS Core Subject (Sem 7),722822243115,Sanjay T,3
5756,AI&DS,7,U23AD511,U23AD511 - Artificial Intelligence & Data Science (Sem 7),722822243115,Sanjay T,3
5757,AI&DS,7,U23CB103,U23CB103 - Computer Science & Business Systems (Sem 7),722822243116,Sanjay T,3
5758,AI&DS,7,U23CB104,U23CB104 - Computer Science & Business Systems (Sem 7),722822243116,Sanjay T,3
5759,AI&DS,7,U23AM586,U23AM586 - Machine Learning & Neural Networks (Sem 7),722822243116,Sanjay T,3
5760,AI&DS,7,U23OME06,U23OME06 - AI&DS Core Subject (Sem 7),722822243116,Sanjay T,3
5761,AI&DS,7,U23AD511,U23AD511 - Artificial Intelligence & Data Science (Sem 7),722822243116,Sanjay T,3
5762,AI&DS,7,U23CB103,U23CB103 - Computer Science & Business Systems (Sem 7),722822243117,Swetha M,3
5763,AI&DS,7,U23CB104,U23CB104 - Computer Science & Business Systems (Sem 7),722822243117,Swetha M,3
5764,AI&DS,7,U23AM586,U23AM586 - Machine Learning & Neural Networks (Sem 7),722822243117,Swetha M,3
5765,AI&DS,7,U23OME06,U23OME06 - AI&DS Core Subject (Sem 7),722822243117,Swetha M,3
5766,AI&DS,7,U23AD511,U23AD511 - Artificial Intelligence & Data Science (Sem 7),722822243117,Swetha M,3
5767,AI&DS,7,U23CB103,U23CB103 - Computer Science & Business Systems (Sem 7),722822243118,Manoj B,3
5768,AI&DS,7,U23CB104,U23CB104 - Computer Science & Business Systems (Sem 7),722822243118,Manoj B,3
5769,AI&DS,7,U23AM586,U23AM586 - Machine Learning & Neural Networks (Sem 7),722822243118,Manoj B,3
5770,AI&DS,7,U23OME06,U23OME06 - AI&DS Core Subject (Sem 7),722822243118,Manoj B,3
5771,AI&DS,7,U23AD511,U23AD511 - Artificial Intelligence & Data Science (Sem 7),722822243118,Manoj B,3
5772,AI&DS,7,U23CB103,U23CB103 - Computer Science & Business Systems (Sem 7),722822243119,Bhavana N,3
5773,AI&DS,7,U23CB104,U23CB104 - Computer Science & Business Systems (Sem 7),722822243119,Bhavana N,3
5774,AI&DS,7,U23AM586,U23AM586 - Machine Learning & Neural Networks (Sem 7),722822243119,Bhavana N,3
5775,AI&DS,7,U23OME06,U23OME06 - AI&DS Core Subject (Sem 7),722822243119,Bhavana N,3
5776,AI&DS,7,U23AD511,U23AD511 - Artificial Intelligence & Data Science (Sem 7),722822243119,Bhavana N,3
5777,AI&DS,7,U23CB103,U23CB103 - Computer Science & Business Systems (Sem 7),722822243120,Lakshmi V,3
5778,AI&DS,7,U23CB104,U23CB104 - Computer Science & Business Systems (Sem 7),722822243120,Lakshmi V,3
5779,AI&DS,7,U23AM586,U23AM586 - Machine Learning & Neural Networks (Sem 7),722822243120,Lakshmi V,3
5780,AI&DS,7,U23OME06,U23OME06 - AI&DS Core Subject (Sem 7),722822243120,Lakshmi V,3
5781,AI&DS,7,U23AD511,U23AD511 - Artificial Intelligence & Data Science (Sem 7),722822243120,Lakshmi V,3
5782,CSBS,3,U23MA204,U23MA204 - Advanced Mathematics & Statistics (Sem 3),722824244101,Aravind P,3
5783,CSBS,3,U23CS403,U23CS403 - Computer Science & Software Systems (Sem 3),722824244101,Aravind P,3
5784,CSBS,3,U23CS404,U23CS404 - Computer Science & Software Systems (Sem 3),722824244101,Aravind P,3
5785,CSBS,3,U23EC382,U23EC382 - Electronics & Communication Systems (Sem 3),722824244101,Aravind P,3
5786,CSBS,3,U23CS491,U23CS491 - Computer Science & Software Systems (Sem 3),722824244101,Aravind P,3
5787,CSBS,3,U23MA281,U23MA281 - Advanced Mathematics & Statistics (Sem 3),722824244101,Aravind P,3
5788,CSBS,3,U23MA204,U23MA204 - Advanced Mathematics & Statistics (Sem 3),722824244102,Chandran P,3
5789,CSBS,3,U23CS403,U23CS403 - Computer Science & Software Systems (Sem 3),722824244102,Chandran P,3
5790,CSBS,3,U23CS404,U23CS404 - Computer Science & Software Systems (Sem 3),722824244102,Chandran P,3
5791,CSBS,3,U23EC382,U23EC382 - Electronics & Communication Systems (Sem 3),722824244102,Chandran P,3
5792,CSBS,3,U23CS491,U23CS491 - Computer Science & Software Systems (Sem 3),722824244102,Chandran P,3
5793,CSBS,3,U23MA281,U23MA281 - Advanced Mathematics & Statistics (Sem 3),722824244102,Chandran P,3
5794,CSBS,3,U23MA204,U23MA204 - Advanced Mathematics & Statistics (Sem 3),722824244103,Ishwarya K,3
5795,CSBS,3,U23CS403,U23CS403 - Computer Science & Software Systems (Sem 3),722824244103,Ishwarya K,3
5796,CSBS,3,U23CS404,U23CS404 - Computer Science & Software Systems (Sem 3),722824244103,Ishwarya K,3
5797,CSBS,3,U23EC382,U23EC382 - Electronics & Communication Systems (Sem 3),722824244103,Ishwarya K,3
5798,CSBS,3,U23CS491,U23CS491 - Computer Science & Software Systems (Sem 3),722824244103,Ishwarya K,3
5799,CSBS,3,U23MA281,U23MA281 - Advanced Mathematics & Statistics (Sem 3),722824244103,Ishwarya K,3
5800,CSBS,3,U23MA204,U23MA204 - Advanced Mathematics & Statistics (Sem 3),722824244104,Vidyut P,3
5801,CSBS,3,U23CS403,U23CS403 - Computer Science & Software Systems (Sem 3),722824244104,Vidyut P,3
5802,CSBS,3,U23CS404,U23CS404 - Computer Science & Software Systems (Sem 3),722824244104,Vidyut P,3
5803,CSBS,3,U23EC382,U23EC382 - Electronics & Communication Systems (Sem 3),722824244104,Vidyut P,3
5804,CSBS,3,U23CS491,U23CS491 - Computer Science & Software Systems (Sem 3),722824244104,Vidyut P,3
5805,CSBS,3,U23MA281,U23MA281 - Advanced Mathematics & Statistics (Sem 3),722824244104,Vidyut P,3
5806,CSBS,3,U23MA204,U23MA204 - Advanced Mathematics & Statistics (Sem 3),722824244105,Elango M,3
5807,CSBS,3,U23CS403,U23CS403 - Computer Science & Software Systems (Sem 3),722824244105,Elango M,3
5808,CSBS,3,U23CS404,U23CS404 - Computer Science & Software Systems (Sem 3),722824244105,Elango M,3
5809,CSBS,3,U23EC382,U23EC382 - Electronics & Communication Systems (Sem 3),722824244105,Elango M,3
5810,CSBS,3,U23CS491,U23CS491 - Computer Science & Software Systems (Sem 3),722824244105,Elango M,3
5811,CSBS,3,U23MA281,U23MA281 - Advanced Mathematics & Statistics (Sem 3),722824244105,Elango M,3
5812,CSBS,3,U23MA204,U23MA204 - Advanced Mathematics & Statistics (Sem 3),722824244106,Lakshmi T,3
5813,CSBS,3,U23CS403,U23CS403 - Computer Science & Software Systems (Sem 3),722824244106,Lakshmi T,3
5814,CSBS,3,U23CS404,U23CS404 - Computer Science & Software Systems (Sem 3),722824244106,Lakshmi T,3
5815,CSBS,3,U23EC382,U23EC382 - Electronics & Communication Systems (Sem 3),722824244106,Lakshmi T,3
5816,CSBS,3,U23CS491,U23CS491 - Computer Science & Software Systems (Sem 3),722824244106,Lakshmi T,3
5817,CSBS,3,U23MA281,U23MA281 - Advanced Mathematics & Statistics (Sem 3),722824244106,Lakshmi T,3
5818,CSBS,3,U23MA204,U23MA204 - Advanced Mathematics & Statistics (Sem 3),722824244107,Kavya S,3
5819,CSBS,3,U23CS403,U23CS403 - Computer Science & Software Systems (Sem 3),722824244107,Kavya S,3
5820,CSBS,3,U23CS404,U23CS404 - Computer Science & Software Systems (Sem 3),722824244107,Kavya S,3
5821,CSBS,3,U23EC382,U23EC382 - Electronics & Communication Systems (Sem 3),722824244107,Kavya S,3
5822,CSBS,3,U23CS491,U23CS491 - Computer Science & Software Systems (Sem 3),722824244107,Kavya S,3
5823,CSBS,3,U23MA281,U23MA281 - Advanced Mathematics & Statistics (Sem 3),722824244107,Kavya S,3
5824,CSBS,3,U23MA204,U23MA204 - Advanced Mathematics & Statistics (Sem 3),722824244108,Pavithra B,3
5825,CSBS,3,U23CS403,U23CS403 - Computer Science & Software Systems (Sem 3),722824244108,Pavithra B,3
5826,CSBS,3,U23CS404,U23CS404 - Computer Science & Software Systems (Sem 3),722824244108,Pavithra B,3
5827,CSBS,3,U23EC382,U23EC382 - Electronics & Communication Systems (Sem 3),722824244108,Pavithra B,3
5828,CSBS,3,U23CS491,U23CS491 - Computer Science & Software Systems (Sem 3),722824244108,Pavithra B,3
5829,CSBS,3,U23MA281,U23MA281 - Advanced Mathematics & Statistics (Sem 3),722824244108,Pavithra B,3
5830,CSBS,3,U23MA204,U23MA204 - Advanced Mathematics & Statistics (Sem 3),722824244109,Gokul S,3
5831,CSBS,3,U23CS403,U23CS403 - Computer Science & Software Systems (Sem 3),722824244109,Gokul S,3
5832,CSBS,3,U23CS404,U23CS404 - Computer Science & Software Systems (Sem 3),722824244109,Gokul S,3
5833,CSBS,3,U23EC382,U23EC382 - Electronics & Communication Systems (Sem 3),722824244109,Gokul S,3
5834,CSBS,3,U23CS491,U23CS491 - Computer Science & Software Systems (Sem 3),722824244109,Gokul S,3
5835,CSBS,3,U23MA281,U23MA281 - Advanced Mathematics & Statistics (Sem 3),722824244109,Gokul S,3
5836,CSBS,3,U23MA204,U23MA204 - Advanced Mathematics & Statistics (Sem 3),722824244110,Chandran B,3
5837,CSBS,3,U23CS403,U23CS403 - Computer Science & Software Systems (Sem 3),722824244110,Chandran B,3
5838,CSBS,3,U23CS404,U23CS404 - Computer Science & Software Systems (Sem 3),722824244110,Chandran B,3
5839,CSBS,3,U23EC382,U23EC382 - Electronics & Communication Systems (Sem 3),722824244110,Chandran B,3
5840,CSBS,3,U23CS491,U23CS491 - Computer Science & Software Systems (Sem 3),722824244110,Chandran B,3
5841,CSBS,3,U23MA281,U23MA281 - Advanced Mathematics & Statistics (Sem 3),722824244110,Chandran B,3
5842,CSBS,3,U23MA204,U23MA204 - Advanced Mathematics & Statistics (Sem 3),722824244111,Bhavana V,3
5843,CSBS,3,U23CS403,U23CS403 - Computer Science & Software Systems (Sem 3),722824244111,Bhavana V,3
5844,CSBS,3,U23CS404,U23CS404 - Computer Science & Software Systems (Sem 3),722824244111,Bhavana V,3
5845,CSBS,3,U23EC382,U23EC382 - Electronics & Communication Systems (Sem 3),722824244111,Bhavana V,3
5846,CSBS,3,U23CS491,U23CS491 - Computer Science & Software Systems (Sem 3),722824244111,Bhavana V,3
5847,CSBS,3,U23MA281,U23MA281 - Advanced Mathematics & Statistics (Sem 3),722824244111,Bhavana V,3
5848,CSBS,3,U23MA204,U23MA204 - Advanced Mathematics & Statistics (Sem 3),722824244112,Harini M,3
5849,CSBS,3,U23CS403,U23CS403 - Computer Science & Software Systems (Sem 3),722824244112,Harini M,3
5850,CSBS,3,U23CS404,U23CS404 - Computer Science & Software Systems (Sem 3),722824244112,Harini M,3
5851,CSBS,3,U23EC382,U23EC382 - Electronics & Communication Systems (Sem 3),722824244112,Harini M,3
5852,CSBS,3,U23CS491,U23CS491 - Computer Science & Software Systems (Sem 3),722824244112,Harini M,3
5853,CSBS,3,U23MA281,U23MA281 - Advanced Mathematics & Statistics (Sem 3),722824244112,Harini M,3
5854,CSBS,3,U23MA204,U23MA204 - Advanced Mathematics & Statistics (Sem 3),722824244113,Harini M,3
5855,CSBS,3,U23CS403,U23CS403 - Computer Science & Software Systems (Sem 3),722824244113,Harini M,3
5856,CSBS,3,U23CS404,U23CS404 - Computer Science & Software Systems (Sem 3),722824244113,Harini M,3
5857,CSBS,3,U23EC382,U23EC382 - Electronics & Communication Systems (Sem 3),722824244113,Harini M,3
5858,CSBS,3,U23CS491,U23CS491 - Computer Science & Software Systems (Sem 3),722824244113,Harini M,3
5859,CSBS,3,U23MA281,U23MA281 - Advanced Mathematics & Statistics (Sem 3),722824244113,Harini M,3
5860,CSBS,3,U23MA204,U23MA204 - Advanced Mathematics & Statistics (Sem 3),722824244114,Kavya V,3
5861,CSBS,3,U23CS403,U23CS403 - Computer Science & Software Systems (Sem 3),722824244114,Kavya V,3
5862,CSBS,3,U23CS404,U23CS404 - Computer Science & Software Systems (Sem 3),722824244114,Kavya V,3
5863,CSBS,3,U23EC382,U23EC382 - Electronics & Communication Systems (Sem 3),722824244114,Kavya V,3
5864,CSBS,3,U23CS491,U23CS491 - Computer Science & Software Systems (Sem 3),722824244114,Kavya V,3
5865,CSBS,3,U23MA281,U23MA281 - Advanced Mathematics & Statistics (Sem 3),722824244114,Kavya V,3
5866,CSBS,3,U23MA204,U23MA204 - Advanced Mathematics & Statistics (Sem 3),722824244115,Sanjay N,3
5867,CSBS,3,U23CS403,U23CS403 - Computer Science & Software Systems (Sem 3),722824244115,Sanjay N,3
5868,CSBS,3,U23CS404,U23CS404 - Computer Science & Software Systems (Sem 3),722824244115,Sanjay N,3
5869,CSBS,3,U23EC382,U23EC382 - Electronics & Communication Systems (Sem 3),722824244115,Sanjay N,3
5870,CSBS,3,U23CS491,U23CS491 - Computer Science & Software Systems (Sem 3),722824244115,Sanjay N,3
5871,CSBS,3,U23MA281,U23MA281 - Advanced Mathematics & Statistics (Sem 3),722824244115,Sanjay N,3
5872,CSBS,3,U23MA204,U23MA204 - Advanced Mathematics & Statistics (Sem 3),722824244116,Swetha B,3
5873,CSBS,3,U23CS403,U23CS403 - Computer Science & Software Systems (Sem 3),722824244116,Swetha B,3
5874,CSBS,3,U23CS404,U23CS404 - Computer Science & Software Systems (Sem 3),722824244116,Swetha B,3
5875,CSBS,3,U23EC382,U23EC382 - Electronics & Communication Systems (Sem 3),722824244116,Swetha B,3
5876,CSBS,3,U23CS491,U23CS491 - Computer Science & Software Systems (Sem 3),722824244116,Swetha B,3
5877,CSBS,3,U23MA281,U23MA281 - Advanced Mathematics & Statistics (Sem 3),722824244116,Swetha B,3
5878,CSBS,3,U23MA204,U23MA204 - Advanced Mathematics & Statistics (Sem 3),722824244117,Jayant M,3
5879,CSBS,3,U23CS403,U23CS403 - Computer Science & Software Systems (Sem 3),722824244117,Jayant M,3
5880,CSBS,3,U23CS404,U23CS404 - Computer Science & Software Systems (Sem 3),722824244117,Jayant M,3
5881,CSBS,3,U23EC382,U23EC382 - Electronics & Communication Systems (Sem 3),722824244117,Jayant M,3
5882,CSBS,3,U23CS491,U23CS491 - Computer Science & Software Systems (Sem 3),722824244117,Jayant M,3
5883,CSBS,3,U23MA281,U23MA281 - Advanced Mathematics & Statistics (Sem 3),722824244117,Jayant M,3
5884,CSBS,3,U23MA204,U23MA204 - Advanced Mathematics & Statistics (Sem 3),722824244118,Harini V,3
5885,CSBS,3,U23CS403,U23CS403 - Computer Science & Software Systems (Sem 3),722824244118,Harini V,3
5886,CSBS,3,U23CS404,U23CS404 - Computer Science & Software Systems (Sem 3),722824244118,Harini V,3
5887,CSBS,3,U23EC382,U23EC382 - Electronics & Communication Systems (Sem 3),722824244118,Harini V,3
5888,CSBS,3,U23CS491,U23CS491 - Computer Science & Software Systems (Sem 3),722824244118,Harini V,3
5889,CSBS,3,U23MA281,U23MA281 - Advanced Mathematics & Statistics (Sem 3),722824244118,Harini V,3
5890,CSBS,3,U23MA204,U23MA204 - Advanced Mathematics & Statistics (Sem 3),722824244119,Lakshmi M,3
5891,CSBS,3,U23CS403,U23CS403 - Computer Science & Software Systems (Sem 3),722824244119,Lakshmi M,3
5892,CSBS,3,U23CS404,U23CS404 - Computer Science & Software Systems (Sem 3),722824244119,Lakshmi M,3
5893,CSBS,3,U23EC382,U23EC382 - Electronics & Communication Systems (Sem 3),722824244119,Lakshmi M,3
5894,CSBS,3,U23CS491,U23CS491 - Computer Science & Software Systems (Sem 3),722824244119,Lakshmi M,3
5895,CSBS,3,U23MA281,U23MA281 - Advanced Mathematics & Statistics (Sem 3),722824244119,Lakshmi M,3
5896,CSBS,3,U23MA204,U23MA204 - Advanced Mathematics & Statistics (Sem 3),722824244120,Kavya V,3
5897,CSBS,3,U23CS403,U23CS403 - Computer Science & Software Systems (Sem 3),722824244120,Kavya V,3
5898,CSBS,3,U23CS404,U23CS404 - Computer Science & Software Systems (Sem 3),722824244120,Kavya V,3
5899,CSBS,3,U23EC382,U23EC382 - Electronics & Communication Systems (Sem 3),722824244120,Kavya V,3
5900,CSBS,3,U23CS491,U23CS491 - Computer Science & Software Systems (Sem 3),722824244120,Kavya V,3
5901,CSBS,3,U23MA281,U23MA281 - Advanced Mathematics & Statistics (Sem 3),722824244120,Kavya V,3
5902,CSBS,5,U23CB582,U23CB582 - Computer Science & Business Systems (Sem 5),722823244101,Deepak P,3
5903,CSBS,5,U23CS405,U23CS405 - Computer Science & Software Systems (Sem 5),722823244101,Deepak P,3
5904,CSBS,5,U23OEC84,U23OEC84 - CSBS Core Subject (Sem 5),722823244101,Deepak P,3
5905,CSBS,5,U23IT402,U23IT402 - Information Technology & Cloud Systems (Sem 5),722823244101,Deepak P,3
5906,CSBS,5,U23AM495,U23AM495 - Machine Learning & Neural Networks (Sem 5),722823244101,Deepak P,3
5907,CSBS,5,U23CB593,U23CB593 - Computer Science & Business Systems (Sem 5),722823244101,Deepak P,3
5908,CSBS,5,U23IT481,U23IT481 - Information Technology & Cloud Systems (Sem 5),722823244101,Deepak P,3
5909,CSBS,5,U23CB514,U23CB514 - Computer Science & Business Systems (Sem 5),722823244101,Deepak P,3
5910,CSBS,5,U23CB582,U23CB582 - Computer Science & Business Systems (Sem 5),722823244102,Naveen N,3
5911,CSBS,5,U23CS405,U23CS405 - Computer Science & Software Systems (Sem 5),722823244102,Naveen N,3
5912,CSBS,5,U23OEC84,U23OEC84 - CSBS Core Subject (Sem 5),722823244102,Naveen N,3
5913,CSBS,5,U23IT402,U23IT402 - Information Technology & Cloud Systems (Sem 5),722823244102,Naveen N,3
5914,CSBS,5,U23AM495,U23AM495 - Machine Learning & Neural Networks (Sem 5),722823244102,Naveen N,3
5915,CSBS,5,U23CB593,U23CB593 - Computer Science & Business Systems (Sem 5),722823244102,Naveen N,3
5916,CSBS,5,U23IT481,U23IT481 - Information Technology & Cloud Systems (Sem 5),722823244102,Naveen N,3
5917,CSBS,5,U23CB514,U23CB514 - Computer Science & Business Systems (Sem 5),722823244102,Naveen N,3
5918,CSBS,5,U23CB582,U23CB582 - Computer Science & Business Systems (Sem 5),722823244103,Pavithra N,3
5919,CSBS,5,U23CS405,U23CS405 - Computer Science & Software Systems (Sem 5),722823244103,Pavithra N,3
5920,CSBS,5,U23OEC84,U23OEC84 - CSBS Core Subject (Sem 5),722823244103,Pavithra N,3
5921,CSBS,5,U23IT402,U23IT402 - Information Technology & Cloud Systems (Sem 5),722823244103,Pavithra N,3
5922,CSBS,5,U23AM495,U23AM495 - Machine Learning & Neural Networks (Sem 5),722823244103,Pavithra N,3
5923,CSBS,5,U23CB593,U23CB593 - Computer Science & Business Systems (Sem 5),722823244103,Pavithra N,3
5924,CSBS,5,U23IT481,U23IT481 - Information Technology & Cloud Systems (Sem 5),722823244103,Pavithra N,3
5925,CSBS,5,U23CB514,U23CB514 - Computer Science & Business Systems (Sem 5),722823244103,Pavithra N,3
5926,CSBS,5,U23CB582,U23CB582 - Computer Science & Business Systems (Sem 5),722823244104,Kavya S,3
5927,CSBS,5,U23CS405,U23CS405 - Computer Science & Software Systems (Sem 5),722823244104,Kavya S,3
5928,CSBS,5,U23OEC84,U23OEC84 - CSBS Core Subject (Sem 5),722823244104,Kavya S,3
5929,CSBS,5,U23IT402,U23IT402 - Information Technology & Cloud Systems (Sem 5),722823244104,Kavya S,3
5930,CSBS,5,U23AM495,U23AM495 - Machine Learning & Neural Networks (Sem 5),722823244104,Kavya S,3
5931,CSBS,5,U23CB593,U23CB593 - Computer Science & Business Systems (Sem 5),722823244104,Kavya S,3
5932,CSBS,5,U23IT481,U23IT481 - Information Technology & Cloud Systems (Sem 5),722823244104,Kavya S,3
5933,CSBS,5,U23CB514,U23CB514 - Computer Science & Business Systems (Sem 5),722823244104,Kavya S,3
5934,CSBS,5,U23CB582,U23CB582 - Computer Science & Business Systems (Sem 5),722823244105,Rahul B,3
5935,CSBS,5,U23CS405,U23CS405 - Computer Science & Software Systems (Sem 5),722823244105,Rahul B,3
5936,CSBS,5,U23OEC84,U23OEC84 - CSBS Core Subject (Sem 5),722823244105,Rahul B,3
5937,CSBS,5,U23IT402,U23IT402 - Information Technology & Cloud Systems (Sem 5),722823244105,Rahul B,3
5938,CSBS,5,U23AM495,U23AM495 - Machine Learning & Neural Networks (Sem 5),722823244105,Rahul B,3
5939,CSBS,5,U23CB593,U23CB593 - Computer Science & Business Systems (Sem 5),722823244105,Rahul B,3
5940,CSBS,5,U23IT481,U23IT481 - Information Technology & Cloud Systems (Sem 5),722823244105,Rahul B,3
5941,CSBS,5,U23CB514,U23CB514 - Computer Science & Business Systems (Sem 5),722823244105,Rahul B,3
5942,CSBS,5,U23CB582,U23CB582 - Computer Science & Business Systems (Sem 5),722823244106,Lakshmi T,3
5943,CSBS,5,U23CS405,U23CS405 - Computer Science & Software Systems (Sem 5),722823244106,Lakshmi T,3
5944,CSBS,5,U23OEC84,U23OEC84 - CSBS Core Subject (Sem 5),722823244106,Lakshmi T,3
5945,CSBS,5,U23IT402,U23IT402 - Information Technology & Cloud Systems (Sem 5),722823244106,Lakshmi T,3
5946,CSBS,5,U23AM495,U23AM495 - Machine Learning & Neural Networks (Sem 5),722823244106,Lakshmi T,3
5947,CSBS,5,U23CB593,U23CB593 - Computer Science & Business Systems (Sem 5),722823244106,Lakshmi T,3
5948,CSBS,5,U23IT481,U23IT481 - Information Technology & Cloud Systems (Sem 5),722823244106,Lakshmi T,3
5949,CSBS,5,U23CB514,U23CB514 - Computer Science & Business Systems (Sem 5),722823244106,Lakshmi T,3
5950,CSBS,5,U23CB582,U23CB582 - Computer Science & Business Systems (Sem 5),722823244107,Jayant K,3
5951,CSBS,5,U23CS405,U23CS405 - Computer Science & Software Systems (Sem 5),722823244107,Jayant K,3
5952,CSBS,5,U23OEC84,U23OEC84 - CSBS Core Subject (Sem 5),722823244107,Jayant K,3
5953,CSBS,5,U23IT402,U23IT402 - Information Technology & Cloud Systems (Sem 5),722823244107,Jayant K,3
5954,CSBS,5,U23AM495,U23AM495 - Machine Learning & Neural Networks (Sem 5),722823244107,Jayant K,3
5955,CSBS,5,U23CB593,U23CB593 - Computer Science & Business Systems (Sem 5),722823244107,Jayant K,3
5956,CSBS,5,U23IT481,U23IT481 - Information Technology & Cloud Systems (Sem 5),722823244107,Jayant K,3
5957,CSBS,5,U23CB514,U23CB514 - Computer Science & Business Systems (Sem 5),722823244107,Jayant K,3
5958,CSBS,5,U23CB582,U23CB582 - Computer Science & Business Systems (Sem 5),722823244108,Naveen K,3
5959,CSBS,5,U23CS405,U23CS405 - Computer Science & Software Systems (Sem 5),722823244108,Naveen K,3
5960,CSBS,5,U23OEC84,U23OEC84 - CSBS Core Subject (Sem 5),722823244108,Naveen K,3
5961,CSBS,5,U23IT402,U23IT402 - Information Technology & Cloud Systems (Sem 5),722823244108,Naveen K,3
5962,CSBS,5,U23AM495,U23AM495 - Machine Learning & Neural Networks (Sem 5),722823244108,Naveen K,3
5963,CSBS,5,U23CB593,U23CB593 - Computer Science & Business Systems (Sem 5),722823244108,Naveen K,3
5964,CSBS,5,U23IT481,U23IT481 - Information Technology & Cloud Systems (Sem 5),722823244108,Naveen K,3
5965,CSBS,5,U23CB514,U23CB514 - Computer Science & Business Systems (Sem 5),722823244108,Naveen K,3
5966,CSBS,5,U23CB582,U23CB582 - Computer Science & Business Systems (Sem 5),722823244109,Naveen A,3
5967,CSBS,5,U23CS405,U23CS405 - Computer Science & Software Systems (Sem 5),722823244109,Naveen A,3
5968,CSBS,5,U23OEC84,U23OEC84 - CSBS Core Subject (Sem 5),722823244109,Naveen A,3
5969,CSBS,5,U23IT402,U23IT402 - Information Technology & Cloud Systems (Sem 5),722823244109,Naveen A,3
5970,CSBS,5,U23AM495,U23AM495 - Machine Learning & Neural Networks (Sem 5),722823244109,Naveen A,3
5971,CSBS,5,U23CB593,U23CB593 - Computer Science & Business Systems (Sem 5),722823244109,Naveen A,3
5972,CSBS,5,U23IT481,U23IT481 - Information Technology & Cloud Systems (Sem 5),722823244109,Naveen A,3
5973,CSBS,5,U23CB514,U23CB514 - Computer Science & Business Systems (Sem 5),722823244109,Naveen A,3
5974,CSBS,5,U23CB582,U23CB582 - Computer Science & Business Systems (Sem 5),722823244110,Gokul T,3
5975,CSBS,5,U23CS405,U23CS405 - Computer Science & Software Systems (Sem 5),722823244110,Gokul T,3
5976,CSBS,5,U23OEC84,U23OEC84 - CSBS Core Subject (Sem 5),722823244110,Gokul T,3
5977,CSBS,5,U23IT402,U23IT402 - Information Technology & Cloud Systems (Sem 5),722823244110,Gokul T,3
5978,CSBS,5,U23AM495,U23AM495 - Machine Learning & Neural Networks (Sem 5),722823244110,Gokul T,3
5979,CSBS,5,U23CB593,U23CB593 - Computer Science & Business Systems (Sem 5),722823244110,Gokul T,3
5980,CSBS,5,U23IT481,U23IT481 - Information Technology & Cloud Systems (Sem 5),722823244110,Gokul T,3
5981,CSBS,5,U23CB514,U23CB514 - Computer Science & Business Systems (Sem 5),722823244110,Gokul T,3
5982,CSBS,5,U23CB582,U23CB582 - Computer Science & Business Systems (Sem 5),722823244111,Karthik P,3
5983,CSBS,5,U23CS405,U23CS405 - Computer Science & Software Systems (Sem 5),722823244111,Karthik P,3
5984,CSBS,5,U23OEC84,U23OEC84 - CSBS Core Subject (Sem 5),722823244111,Karthik P,3
5985,CSBS,5,U23IT402,U23IT402 - Information Technology & Cloud Systems (Sem 5),722823244111,Karthik P,3
5986,CSBS,5,U23AM495,U23AM495 - Machine Learning & Neural Networks (Sem 5),722823244111,Karthik P,3
5987,CSBS,5,U23CB593,U23CB593 - Computer Science & Business Systems (Sem 5),722823244111,Karthik P,3
5988,CSBS,5,U23IT481,U23IT481 - Information Technology & Cloud Systems (Sem 5),722823244111,Karthik P,3
5989,CSBS,5,U23CB514,U23CB514 - Computer Science & Business Systems (Sem 5),722823244111,Karthik P,3
5990,CSBS,5,U23CB582,U23CB582 - Computer Science & Business Systems (Sem 5),722823244112,Deepak K,3
5991,CSBS,5,U23CS405,U23CS405 - Computer Science & Software Systems (Sem 5),722823244112,Deepak K,3
5992,CSBS,5,U23OEC84,U23OEC84 - CSBS Core Subject (Sem 5),722823244112,Deepak K,3
5993,CSBS,5,U23IT402,U23IT402 - Information Technology & Cloud Systems (Sem 5),722823244112,Deepak K,3
5994,CSBS,5,U23AM495,U23AM495 - Machine Learning & Neural Networks (Sem 5),722823244112,Deepak K,3
5995,CSBS,5,U23CB593,U23CB593 - Computer Science & Business Systems (Sem 5),722823244112,Deepak K,3
5996,CSBS,5,U23IT481,U23IT481 - Information Technology & Cloud Systems (Sem 5),722823244112,Deepak K,3
5997,CSBS,5,U23CB514,U23CB514 - Computer Science & Business Systems (Sem 5),722823244112,Deepak K,3
5998,CSBS,5,U23CB582,U23CB582 - Computer Science & Business Systems (Sem 5),722823244113,Kavya V,3
5999,CSBS,5,U23CS405,U23CS405 - Computer Science & Software Systems (Sem 5),722823244113,Kavya V,3
6000,CSBS,5,U23OEC84,U23OEC84 - CSBS Core Subject (Sem 5),722823244113,Kavya V,3
6001,CSBS,5,U23IT402,U23IT402 - Information Technology & Cloud Systems (Sem 5),722823244113,Kavya V,3
6002,CSBS,5,U23AM495,U23AM495 - Machine Learning & Neural Networks (Sem 5),722823244113,Kavya V,3
6003,CSBS,5,U23CB593,U23CB593 - Computer Science & Business Systems (Sem 5),722823244113,Kavya V,3
6004,CSBS,5,U23IT481,U23IT481 - Information Technology & Cloud Systems (Sem 5),722823244113,Kavya V,3
6005,CSBS,5,U23CB514,U23CB514 - Computer Science & Business Systems (Sem 5),722823244113,Kavya V,3
6006,CSBS,5,U23CB582,U23CB582 - Computer Science & Business Systems (Sem 5),722823244114,Karthik B,3
6007,CSBS,5,U23CS405,U23CS405 - Computer Science & Software Systems (Sem 5),722823244114,Karthik B,3
6008,CSBS,5,U23OEC84,U23OEC84 - CSBS Core Subject (Sem 5),722823244114,Karthik B,3
6009,CSBS,5,U23IT402,U23IT402 - Information Technology & Cloud Systems (Sem 5),722823244114,Karthik B,3
6010,CSBS,5,U23AM495,U23AM495 - Machine Learning & Neural Networks (Sem 5),722823244114,Karthik B,3
6011,CSBS,5,U23CB593,U23CB593 - Computer Science & Business Systems (Sem 5),722823244114,Karthik B,3
6012,CSBS,5,U23IT481,U23IT481 - Information Technology & Cloud Systems (Sem 5),722823244114,Karthik B,3
6013,CSBS,5,U23CB514,U23CB514 - Computer Science & Business Systems (Sem 5),722823244114,Karthik B,3
6014,CSBS,5,U23CB582,U23CB582 - Computer Science & Business Systems (Sem 5),722823244115,Yash N,3
6015,CSBS,5,U23CS405,U23CS405 - Computer Science & Software Systems (Sem 5),722823244115,Yash N,3
6016,CSBS,5,U23OEC84,U23OEC84 - CSBS Core Subject (Sem 5),722823244115,Yash N,3
6017,CSBS,5,U23IT402,U23IT402 - Information Technology & Cloud Systems (Sem 5),722823244115,Yash N,3
6018,CSBS,5,U23AM495,U23AM495 - Machine Learning & Neural Networks (Sem 5),722823244115,Yash N,3
6019,CSBS,5,U23CB593,U23CB593 - Computer Science & Business Systems (Sem 5),722823244115,Yash N,3
6020,CSBS,5,U23IT481,U23IT481 - Information Technology & Cloud Systems (Sem 5),722823244115,Yash N,3
6021,CSBS,5,U23CB514,U23CB514 - Computer Science & Business Systems (Sem 5),722823244115,Yash N,3
6022,CSBS,5,U23CB582,U23CB582 - Computer Science & Business Systems (Sem 5),722823244116,Gokul B,3
6023,CSBS,5,U23CS405,U23CS405 - Computer Science & Software Systems (Sem 5),722823244116,Gokul B,3
6024,CSBS,5,U23OEC84,U23OEC84 - CSBS Core Subject (Sem 5),722823244116,Gokul B,3
6025,CSBS,5,U23IT402,U23IT402 - Information Technology & Cloud Systems (Sem 5),722823244116,Gokul B,3
6026,CSBS,5,U23AM495,U23AM495 - Machine Learning & Neural Networks (Sem 5),722823244116,Gokul B,3
6027,CSBS,5,U23CB593,U23CB593 - Computer Science & Business Systems (Sem 5),722823244116,Gokul B,3
6028,CSBS,5,U23IT481,U23IT481 - Information Technology & Cloud Systems (Sem 5),722823244116,Gokul B,3
6029,CSBS,5,U23CB514,U23CB514 - Computer Science & Business Systems (Sem 5),722823244116,Gokul B,3
6030,CSBS,5,U23CB582,U23CB582 - Computer Science & Business Systems (Sem 5),722823244117,Lakshmi B,3
6031,CSBS,5,U23CS405,U23CS405 - Computer Science & Software Systems (Sem 5),722823244117,Lakshmi B,3
6032,CSBS,5,U23OEC84,U23OEC84 - CSBS Core Subject (Sem 5),722823244117,Lakshmi B,3
6033,CSBS,5,U23IT402,U23IT402 - Information Technology & Cloud Systems (Sem 5),722823244117,Lakshmi B,3
6034,CSBS,5,U23AM495,U23AM495 - Machine Learning & Neural Networks (Sem 5),722823244117,Lakshmi B,3
6035,CSBS,5,U23CB593,U23CB593 - Computer Science & Business Systems (Sem 5),722823244117,Lakshmi B,3
6036,CSBS,5,U23IT481,U23IT481 - Information Technology & Cloud Systems (Sem 5),722823244117,Lakshmi B,3
6037,CSBS,5,U23CB514,U23CB514 - Computer Science & Business Systems (Sem 5),722823244117,Lakshmi B,3
6038,CSBS,5,U23CB582,U23CB582 - Computer Science & Business Systems (Sem 5),722823244118,Bhavana P,3
6039,CSBS,5,U23CS405,U23CS405 - Computer Science & Software Systems (Sem 5),722823244118,Bhavana P,3
6040,CSBS,5,U23OEC84,U23OEC84 - CSBS Core Subject (Sem 5),722823244118,Bhavana P,3
6041,CSBS,5,U23IT402,U23IT402 - Information Technology & Cloud Systems (Sem 5),722823244118,Bhavana P,3
6042,CSBS,5,U23AM495,U23AM495 - Machine Learning & Neural Networks (Sem 5),722823244118,Bhavana P,3
6043,CSBS,5,U23CB593,U23CB593 - Computer Science & Business Systems (Sem 5),722823244118,Bhavana P,3
6044,CSBS,5,U23IT481,U23IT481 - Information Technology & Cloud Systems (Sem 5),722823244118,Bhavana P,3
6045,CSBS,5,U23CB514,U23CB514 - Computer Science & Business Systems (Sem 5),722823244118,Bhavana P,3
6046,CSBS,5,U23CB582,U23CB582 - Computer Science & Business Systems (Sem 5),722823244119,Yash N,3
6047,CSBS,5,U23CS405,U23CS405 - Computer Science & Software Systems (Sem 5),722823244119,Yash N,3
6048,CSBS,5,U23OEC84,U23OEC84 - CSBS Core Subject (Sem 5),722823244119,Yash N,3
6049,CSBS,5,U23IT402,U23IT402 - Information Technology & Cloud Systems (Sem 5),722823244119,Yash N,3
6050,CSBS,5,U23AM495,U23AM495 - Machine Learning & Neural Networks (Sem 5),722823244119,Yash N,3
6051,CSBS,5,U23CB593,U23CB593 - Computer Science & Business Systems (Sem 5),722823244119,Yash N,3
6052,CSBS,5,U23IT481,U23IT481 - Information Technology & Cloud Systems (Sem 5),722823244119,Yash N,3
6053,CSBS,5,U23CB514,U23CB514 - Computer Science & Business Systems (Sem 5),722823244119,Yash N,3
6054,CSBS,5,U23CB582,U23CB582 - Computer Science & Business Systems (Sem 5),722823244120,Jayant M,3
6055,CSBS,5,U23CS405,U23CS405 - Computer Science & Software Systems (Sem 5),722823244120,Jayant M,3
6056,CSBS,5,U23OEC84,U23OEC84 - CSBS Core Subject (Sem 5),722823244120,Jayant M,3
6057,CSBS,5,U23IT402,U23IT402 - Information Technology & Cloud Systems (Sem 5),722823244120,Jayant M,3
6058,CSBS,5,U23AM495,U23AM495 - Machine Learning & Neural Networks (Sem 5),722823244120,Jayant M,3
6059,CSBS,5,U23CB593,U23CB593 - Computer Science & Business Systems (Sem 5),722823244120,Jayant M,3
6060,CSBS,5,U23IT481,U23IT481 - Information Technology & Cloud Systems (Sem 5),722823244120,Jayant M,3
6061,CSBS,5,U23CB514,U23CB514 - Computer Science & Business Systems (Sem 5),722823244120,Jayant M,3
6062,CSBS,7,U23CB582,U23CB582 - Computer Science & Business Systems (Sem 7),722822244101,Chandran N,3
6063,CSBS,7,U23CB403,U23CB403 - Computer Science & Business Systems (Sem 7),722822244101,Chandran N,3
6064,CSBS,7,U23CB491,U23CB491 - Computer Science & Business Systems (Sem 7),722822244101,Chandran N,3
6065,CSBS,7,U23CB514,U23CB514 - Computer Science & Business Systems (Sem 7),722822244101,Chandran N,3
6066,CSBS,7,U23OME07,U23OME07 - CSBS Core Subject (Sem 7),722822244101,Chandran N,3
6067,CSBS,7,U23CB582,U23CB582 - Computer Science & Business Systems (Sem 7),722822244102,Lakshmi T,3
6068,CSBS,7,U23CB403,U23CB403 - Computer Science & Business Systems (Sem 7),722822244102,Lakshmi T,3
6069,CSBS,7,U23CB491,U23CB491 - Computer Science & Business Systems (Sem 7),722822244102,Lakshmi T,3
6070,CSBS,7,U23CB514,U23CB514 - Computer Science & Business Systems (Sem 7),722822244102,Lakshmi T,3
6071,CSBS,7,U23OME07,U23OME07 - CSBS Core Subject (Sem 7),722822244102,Lakshmi T,3
6072,CSBS,7,U23CB582,U23CB582 - Computer Science & Business Systems (Sem 7),722822244103,Gokul M,3
6073,CSBS,7,U23CB403,U23CB403 - Computer Science & Business Systems (Sem 7),722822244103,Gokul M,3
6074,CSBS,7,U23CB491,U23CB491 - Computer Science & Business Systems (Sem 7),722822244103,Gokul M,3
6075,CSBS,7,U23CB514,U23CB514 - Computer Science & Business Systems (Sem 7),722822244103,Gokul M,3
6076,CSBS,7,U23OME07,U23OME07 - CSBS Core Subject (Sem 7),722822244103,Gokul M,3
6077,CSBS,7,U23CB582,U23CB582 - Computer Science & Business Systems (Sem 7),722822244104,Elango A,3
6078,CSBS,7,U23CB403,U23CB403 - Computer Science & Business Systems (Sem 7),722822244104,Elango A,3
6079,CSBS,7,U23CB491,U23CB491 - Computer Science & Business Systems (Sem 7),722822244104,Elango A,3
6080,CSBS,7,U23CB514,U23CB514 - Computer Science & Business Systems (Sem 7),722822244104,Elango A,3
6081,CSBS,7,U23OME07,U23OME07 - CSBS Core Subject (Sem 7),722822244104,Elango A,3
6082,CSBS,7,U23CB582,U23CB582 - Computer Science & Business Systems (Sem 7),722822244105,Pavithra M,3
6083,CSBS,7,U23CB403,U23CB403 - Computer Science & Business Systems (Sem 7),722822244105,Pavithra M,3
6084,CSBS,7,U23CB491,U23CB491 - Computer Science & Business Systems (Sem 7),722822244105,Pavithra M,3
6085,CSBS,7,U23CB514,U23CB514 - Computer Science & Business Systems (Sem 7),722822244105,Pavithra M,3
6086,CSBS,7,U23OME07,U23OME07 - CSBS Core Subject (Sem 7),722822244105,Pavithra M,3
6087,CSBS,7,U23CB582,U23CB582 - Computer Science & Business Systems (Sem 7),722822244106,Elango K,3
6088,CSBS,7,U23CB403,U23CB403 - Computer Science & Business Systems (Sem 7),722822244106,Elango K,3
6089,CSBS,7,U23CB491,U23CB491 - Computer Science & Business Systems (Sem 7),722822244106,Elango K,3
6090,CSBS,7,U23CB514,U23CB514 - Computer Science & Business Systems (Sem 7),722822244106,Elango K,3
6091,CSBS,7,U23OME07,U23OME07 - CSBS Core Subject (Sem 7),722822244106,Elango K,3
6092,CSBS,7,U23CB582,U23CB582 - Computer Science & Business Systems (Sem 7),722822244107,Ishwarya P,3
6093,CSBS,7,U23CB403,U23CB403 - Computer Science & Business Systems (Sem 7),722822244107,Ishwarya P,3
6094,CSBS,7,U23CB491,U23CB491 - Computer Science & Business Systems (Sem 7),722822244107,Ishwarya P,3
6095,CSBS,7,U23CB514,U23CB514 - Computer Science & Business Systems (Sem 7),722822244107,Ishwarya P,3
6096,CSBS,7,U23OME07,U23OME07 - CSBS Core Subject (Sem 7),722822244107,Ishwarya P,3
6097,CSBS,7,U23CB582,U23CB582 - Computer Science & Business Systems (Sem 7),722822244108,Lakshmi N,3
6098,CSBS,7,U23CB403,U23CB403 - Computer Science & Business Systems (Sem 7),722822244108,Lakshmi N,3
6099,CSBS,7,U23CB491,U23CB491 - Computer Science & Business Systems (Sem 7),722822244108,Lakshmi N,3
6100,CSBS,7,U23CB514,U23CB514 - Computer Science & Business Systems (Sem 7),722822244108,Lakshmi N,3
6101,CSBS,7,U23OME07,U23OME07 - CSBS Core Subject (Sem 7),722822244108,Lakshmi N,3
6102,CSBS,7,U23CB582,U23CB582 - Computer Science & Business Systems (Sem 7),722822244109,Vidyut M,3
6103,CSBS,7,U23CB403,U23CB403 - Computer Science & Business Systems (Sem 7),722822244109,Vidyut M,3
6104,CSBS,7,U23CB491,U23CB491 - Computer Science & Business Systems (Sem 7),722822244109,Vidyut M,3
6105,CSBS,7,U23CB514,U23CB514 - Computer Science & Business Systems (Sem 7),722822244109,Vidyut M,3
6106,CSBS,7,U23OME07,U23OME07 - CSBS Core Subject (Sem 7),722822244109,Vidyut M,3
6107,CSBS,7,U23CB582,U23CB582 - Computer Science & Business Systems (Sem 7),722822244110,Yash S,3
6108,CSBS,7,U23CB403,U23CB403 - Computer Science & Business Systems (Sem 7),722822244110,Yash S,3
6109,CSBS,7,U23CB491,U23CB491 - Computer Science & Business Systems (Sem 7),722822244110,Yash S,3
6110,CSBS,7,U23CB514,U23CB514 - Computer Science & Business Systems (Sem 7),722822244110,Yash S,3
6111,CSBS,7,U23OME07,U23OME07 - CSBS Core Subject (Sem 7),722822244110,Yash S,3
6112,CSBS,7,U23CB582,U23CB582 - Computer Science & Business Systems (Sem 7),722822244111,Pavithra P,3
6113,CSBS,7,U23CB403,U23CB403 - Computer Science & Business Systems (Sem 7),722822244111,Pavithra P,3
6114,CSBS,7,U23CB491,U23CB491 - Computer Science & Business Systems (Sem 7),722822244111,Pavithra P,3
6115,CSBS,7,U23CB514,U23CB514 - Computer Science & Business Systems (Sem 7),722822244111,Pavithra P,3
6116,CSBS,7,U23OME07,U23OME07 - CSBS Core Subject (Sem 7),722822244111,Pavithra P,3
6117,CSBS,7,U23CB582,U23CB582 - Computer Science & Business Systems (Sem 7),722822244112,Lakshmi B,3
6118,CSBS,7,U23CB403,U23CB403 - Computer Science & Business Systems (Sem 7),722822244112,Lakshmi B,3
6119,CSBS,7,U23CB491,U23CB491 - Computer Science & Business Systems (Sem 7),722822244112,Lakshmi B,3
6120,CSBS,7,U23CB514,U23CB514 - Computer Science & Business Systems (Sem 7),722822244112,Lakshmi B,3
6121,CSBS,7,U23OME07,U23OME07 - CSBS Core Subject (Sem 7),722822244112,Lakshmi B,3
6122,CSBS,7,U23CB582,U23CB582 - Computer Science & Business Systems (Sem 7),722822244113,Chandran A,3
6123,CSBS,7,U23CB403,U23CB403 - Computer Science & Business Systems (Sem 7),722822244113,Chandran A,3
6124,CSBS,7,U23CB491,U23CB491 - Computer Science & Business Systems (Sem 7),722822244113,Chandran A,3
6125,CSBS,7,U23CB514,U23CB514 - Computer Science & Business Systems (Sem 7),722822244113,Chandran A,3
6126,CSBS,7,U23OME07,U23OME07 - CSBS Core Subject (Sem 7),722822244113,Chandran A,3
6127,CSBS,7,U23CB582,U23CB582 - Computer Science & Business Systems (Sem 7),722822244114,Elango T,3
6128,CSBS,7,U23CB403,U23CB403 - Computer Science & Business Systems (Sem 7),722822244114,Elango T,3
6129,CSBS,7,U23CB491,U23CB491 - Computer Science & Business Systems (Sem 7),722822244114,Elango T,3
6130,CSBS,7,U23CB514,U23CB514 - Computer Science & Business Systems (Sem 7),722822244114,Elango T,3
6131,CSBS,7,U23OME07,U23OME07 - CSBS Core Subject (Sem 7),722822244114,Elango T,3
6132,CSBS,7,U23CB582,U23CB582 - Computer Science & Business Systems (Sem 7),722822244115,Lakshmi N,3
6133,CSBS,7,U23CB403,U23CB403 - Computer Science & Business Systems (Sem 7),722822244115,Lakshmi N,3
6134,CSBS,7,U23CB491,U23CB491 - Computer Science & Business Systems (Sem 7),722822244115,Lakshmi N,3
6135,CSBS,7,U23CB514,U23CB514 - Computer Science & Business Systems (Sem 7),722822244115,Lakshmi N,3
6136,CSBS,7,U23OME07,U23OME07 - CSBS Core Subject (Sem 7),722822244115,Lakshmi N,3
6137,CSBS,7,U23CB582,U23CB582 - Computer Science & Business Systems (Sem 7),722822244116,Kavya V,3
6138,CSBS,7,U23CB403,U23CB403 - Computer Science & Business Systems (Sem 7),722822244116,Kavya V,3
6139,CSBS,7,U23CB491,U23CB491 - Computer Science & Business Systems (Sem 7),722822244116,Kavya V,3
6140,CSBS,7,U23CB514,U23CB514 - Computer Science & Business Systems (Sem 7),722822244116,Kavya V,3
6141,CSBS,7,U23OME07,U23OME07 - CSBS Core Subject (Sem 7),722822244116,Kavya V,3
6142,CSBS,7,U23CB582,U23CB582 - Computer Science & Business Systems (Sem 7),722822244117,Ishwarya K,3
6143,CSBS,7,U23CB403,U23CB403 - Computer Science & Business Systems (Sem 7),722822244117,Ishwarya K,3
6144,CSBS,7,U23CB491,U23CB491 - Computer Science & Business Systems (Sem 7),722822244117,Ishwarya K,3
6145,CSBS,7,U23CB514,U23CB514 - Computer Science & Business Systems (Sem 7),722822244117,Ishwarya K,3
6146,CSBS,7,U23OME07,U23OME07 - CSBS Core Subject (Sem 7),722822244117,Ishwarya K,3
6147,CSBS,7,U23CB582,U23CB582 - Computer Science & Business Systems (Sem 7),722822244118,Aravind S,3
6148,CSBS,7,U23CB403,U23CB403 - Computer Science & Business Systems (Sem 7),722822244118,Aravind S,3
6149,CSBS,7,U23CB491,U23CB491 - Computer Science & Business Systems (Sem 7),722822244118,Aravind S,3
6150,CSBS,7,U23CB514,U23CB514 - Computer Science & Business Systems (Sem 7),722822244118,Aravind S,3
6151,CSBS,7,U23OME07,U23OME07 - CSBS Core Subject (Sem 7),722822244118,Aravind S,3
6152,CSBS,7,U23CB582,U23CB582 - Computer Science & Business Systems (Sem 7),722822244119,Rahul T,3
6153,CSBS,7,U23CB403,U23CB403 - Computer Science & Business Systems (Sem 7),722822244119,Rahul T,3
6154,CSBS,7,U23CB491,U23CB491 - Computer Science & Business Systems (Sem 7),722822244119,Rahul T,3
6155,CSBS,7,U23CB514,U23CB514 - Computer Science & Business Systems (Sem 7),722822244119,Rahul T,3
6156,CSBS,7,U23OME07,U23OME07 - CSBS Core Subject (Sem 7),722822244119,Rahul T,3
6157,CSBS,7,U23CB582,U23CB582 - Computer Science & Business Systems (Sem 7),722822244120,Manoj T,3
6158,CSBS,7,U23CB403,U23CB403 - Computer Science & Business Systems (Sem 7),722822244120,Manoj T,3
6159,CSBS,7,U23CB491,U23CB491 - Computer Science & Business Systems (Sem 7),722822244120,Manoj T,3
6160,CSBS,7,U23CB514,U23CB514 - Computer Science & Business Systems (Sem 7),722822244120,Manoj T,3
6161,CSBS,7,U23OME07,U23OME07 - CSBS Core Subject (Sem 7),722822244120,Manoj T,3
